{"type":"FeatureCollection","features":[{"type":"Feature","properties":{"building_id":"B-0069","vertices":968},"geometry":{"type":"Polygon","coordinates":[[[75.7881771,26.9120073],[75.788177,26.9120065],[75.7881795,26.9120065],[75.7881795,26.9120058],[75.7881803,26.9120058],[75.7881803,26.9120051],[75.7881811,26.9120051],[75.7881811,26.9120043],[75.7881819,26.9120043],[75.7881819,26.9120036],[75.7881827,26.9120036],[75.7881827,26.9120029],[75.7881835,26.9120029],[75.7881835,26.9120022],[75.7881843,26.9120022],[75.7881843,26.9120014],[75.7881851,26.9120014],[75.7881851,26.9120007],[75.7881859,26.9120007],[75.7881859,26.912],[75.7881867,26.912],[75.7881867,26.9119993],[75.7881875,26.9119993],[75.7881875,26.9119985],[75.7881891,26.9119985],[75.7881891,26.9119971],[75.7881899,26.9119971],[75.7881899,26.9119963],[75.7881907,26.9119963],[75.7881907,26.9119956],[75.7881923,26.9119956],[75.7881923,26.9119949],[75.7881931,26.9119949],[75.7881931,26.9119942],[75.7881939,26.9119942],[75.7881939,26.9119934],[75.7881947,26.9119934],[75.7881947,26.911992],[75.7881963,26.911992],[75.7881963,26.9119913],[75.7881971,26.9119913],[75.7881971,26.9119905],[75.7881987,26.9119905],[75.7881987,26.9119891],[75.7881995,26.9119891],[75.7881995,26.9119884],[75.7882003,26.9119883],[75.7882003,26.9119876],[75.7882011,26.9119876],[75.7882011,26.9119869],[75.7882019,26.9119869],[75.7882019,26.9119862],[75.7882027,26.9119862],[75.7882027,26.9119854],[75.7882035,26.9119854],[75.7882035,26.911984],[75.7882043,26.911984],[75.7882043,26.9119833],[75.7882059,26.9119833],[75.7882059,26.9119825],[75.7882067,26.9119825],[75.7882067,26.9119818],[75.7882075,26.9119818],[75.7882075,26.9119804],[75.7882083,26.9119804],[75.7882083,26.9119796],[75.7882091,26.9119796],[75.7882091,26.9119789],[75.7882099,26.9119789],[75.7882099,26.9119782],[75.7882107,26.9119782],[75.7882107,26.9119775],[75.7882115,26.9119775],[75.7882115,26.9119767],[75.7882123,26.9119767],[75.7882123,26.911976],[75.7882131,26.911976],[75.7882131,26.9119746],[75.7882139,26.9119745],[75.7882139,26.9119738],[75.7882147,26.9119738],[75.7882147,26.9119731],[75.7882155,26.9119731],[75.7882155,26.9119724],[75.7882163,26.9119724],[75.7882163,26.9119716],[75.7882171,26.9119716],[75.7882171,26.9119709],[75.7882179,26.9119709],[75.7882179,26.9119702],[75.7882187,26.9119702],[75.7882187,26.9119695],[75.7882195,26.9119695],[75.7882195,26.9119687],[75.7882203,26.9119687],[75.7882203,26.911968],[75.7882211,26.911968],[75.7882211,26.9119673],[75.7882219,26.9119673],[75.7882219,26.9119666],[75.7882227,26.9119666],[75.7882227,26.9119658],[75.7882235,26.9119658],[75.7882235,26.9119651],[75.7882243,26.9119651],[75.7882243,26.9119644],[75.7882251,26.9119644],[75.7882251,26.9119637],[75.7882259,26.9119636],[75.7882259,26.9119629],[75.7882267,26.9119629],[75.7882267,26.9119622],[75.7882275,26.9119622],[75.7882275,26.9119615],[75.7882283,26.9119615],[75.7882283,26.9119607],[75.7882291,26.9119607],[75.7882291,26.91196],[75.7882299,26.91196],[75.7882299,26.9119593],[75.7882307,26.9119593],[75.7882307,26.9119586],[75.7882323,26.9119586],[75.7882323,26.9119578],[75.7882331,26.9119578],[75.7882331,26.9119571],[75.7882339,26.9119571],[75.7882339,26.9119564],[75.7882347,26.9119564],[75.7882347,26.9119557],[75.7882355,26.9119556],[75.7882355,26.9119549],[75.7882379,26.9119549],[75.7882379,26.9119542],[75.7882387,26.9119542],[75.7882387,26.9119535],[75.7882395,26.9119535],[75.7882395,26.9119527],[75.7882403,26.9119527],[75.7882403,26.911952],[75.7882411,26.911952],[75.7882411,26.9119513],[75.7882435,26.9119513],[75.7882435,26.9119505],[75.7882443,26.9119505],[75.7882443,26.9119498],[75.7882451,26.9119498],[75.7882451,26.9119484],[75.7882459,26.9119484],[75.7882459,26.9119476],[75.7882467,26.9119476],[75.7882467,26.911944],[75.7882459,26.911944],[75.7882459,26.9119426],[75.7882443,26.9119426],[75.7882443,26.9119419],[75.7882435,26.9119419],[75.7882435,26.9119412],[75.7882427,26.9119412],[75.7882426,26.9119376],[75.7882434,26.9119375],[75.7882434,26.9119368],[75.7882442,26.9119368],[75.7882442,26.9119332],[75.7882434,26.9119332],[75.7882434,26.9119318],[75.7882426,26.9119318],[75.7882426,26.9119325],[75.7882418,26.9119325],[75.7882418,26.9119332],[75.7882402,26.9119332],[75.7882402,26.9119296],[75.7882394,26.9119296],[75.7882393,26.9119267],[75.7882401,26.9119267],[75.7882401,26.9119246],[75.7882393,26.9119246],[75.7882393,26.9119231],[75.7882401,26.9119231],[75.7882401,26.911921],[75.7882393,26.911921],[75.7882393,26.9119173],[75.7882385,26.9119174],[75.7882384,26.9119065],[75.7882392,26.9119065],[75.7882391,26.9118978],[75.7882399,26.9118978],[75.7882399,26.9118964],[75.7882391,26.9118964],[75.7882391,26.911895],[75.7882383,26.911895],[75.7882383,26.9118942],[75.7882375,26.9118942],[75.7882375,26.9118935],[75.7882367,26.9118935],[75.7882367,26.9118928],[75.7882359,26.9118928],[75.7882359,26.9118914],[75.7882351,26.9118914],[75.7882351,26.9118899],[75.7882342,26.9118899],[75.7882342,26.9118885],[75.7882334,26.9118885],[75.7882334,26.9118878],[75.7882318,26.9118878],[75.7882318,26.9118871],[75.788231,26.9118871],[75.788231,26.9118863],[75.7882302,26.9118863],[75.7882302,26.9118856],[75.7882294,26.9118856],[75.7882294,26.9118849],[75.7882286,26.9118849],[75.7882286,26.9118842],[75.7882278,26.9118842],[75.7882278,26.9118835],[75.7882269,26.9118835],[75.7882269,26.9118827],[75.7882261,26.9118828],[75.7882261,26.911882],[75.7882245,26.911882],[75.7882245,26.9118813],[75.7882237,26.9118813],[75.7882237,26.9118806],[75.7882221,26.9118806],[75.7882221,26.9118799],[75.7882213,26.9118799],[75.7882213,26.9118792],[75.7882205,26.9118792],[75.7882205,26.9118785],[75.7882189,26.9118785],[75.7882189,26.9118777],[75.788218,26.9118777],[75.788218,26.911877],[75.7882172,26.911877],[75.7882172,26.9118756],[75.7882164,26.9118756],[75.7882164,26.9118741],[75.7882156,26.9118741],[75.7882156,26.9118734],[75.7882148,26.9118734],[75.7882148,26.9118727],[75.788214,26.9118727],[75.788214,26.911872],[75.7882132,26.911872],[75.7882132,26.9118705],[75.7882124,26.9118706],[75.7882124,26.9118698],[75.7882115,26.9118698],[75.7882115,26.9118691],[75.7882107,26.9118691],[75.7882107,26.9118684],[75.7882099,26.9118684],[75.7882099,26.9118677],[75.7882091,26.9118677],[75.7882091,26.911867],[75.7882083,26.911867],[75.7882083,26.9118662],[75.7882075,26.9118662],[75.7882075,26.9118648],[75.7882067,26.9118648],[75.7882067,26.9118634],[75.7882059,26.9118634],[75.7882059,26.9118626],[75.7882051,26.9118626],[75.788205,26.9118619],[75.7882042,26.9118619],[75.7882042,26.9118612],[75.7882034,26.9118612],[75.7882034,26.9118605],[75.7882026,26.9118605],[75.7882026,26.9118598],[75.788201,26.9118598],[75.788201,26.9118591],[75.7882002,26.9118591],[75.7882002,26.9118583],[75.7881994,26.9118583],[75.7881994,26.9118576],[75.7881978,26.9118576],[75.7881978,26.9118569],[75.7881961,26.9118569],[75.7881962,26.9118576],[75.7881953,26.9118576],[75.7881954,26.9118584],[75.7881937,26.9118584],[75.7881937,26.911854],[75.7881945,26.911854],[75.7881945,26.9118533],[75.7881969,26.9118533],[75.7881969,26.9118511],[75.7881961,26.9118511],[75.7881961,26.9118504],[75.7881953,26.9118504],[75.7881953,26.911849],[75.7881945,26.911849],[75.7881945,26.9118483],[75.7881937,26.9118483],[75.7881937,26.9118475],[75.7881929,26.9118475],[75.7881929,26.9118468],[75.7881921,26.9118468],[75.788192,26.9118461],[75.7881904,26.9118461],[75.7881904,26.9118454],[75.7881896,26.9118454],[75.7881896,26.9118447],[75.7881888,26.9118447],[75.7881888,26.911844],[75.788188,26.911844],[75.788188,26.9118432],[75.7881872,26.9118432],[75.7881872,26.9118425],[75.7881848,26.9118425],[75.7881848,26.9118418],[75.7881807,26.9118418],[75.7881807,26.9118411],[75.7881799,26.9118411],[75.7881799,26.9118404],[75.7881791,26.9118404],[75.7881791,26.9118382],[75.7881775,26.9118382],[75.7881775,26.9118375],[75.7881767,26.9118375],[75.7881767,26.9118361],[75.7881759,26.9118361],[75.7881759,26.9118346],[75.7881742,26.9118347],[75.7881742,26.9118339],[75.7881734,26.9118339],[75.7881734,26.9118332],[75.7881726,26.9118332],[75.7881726,26.9118318],[75.7881718,26.9118318],[75.7881718,26.9118303],[75.788171,26.9118303],[75.788171,26.9118296],[75.7881702,26.9118296],[75.7881702,26.9118275],[75.7881694,26.9118275],[75.7881694,26.9118267],[75.7881685,26.9118267],[75.7881685,26.911826],[75.7881669,26.911826],[75.7881669,26.9118253],[75.7881661,26.9118253],[75.7881661,26.9118239],[75.7881653,26.9118239],[75.7881653,26.9118231],[75.7881645,26.9118232],[75.7881645,26.9118224],[75.7881637,26.9118224],[75.7881637,26.9118217],[75.7881629,26.9118217],[75.7881629,26.911821],[75.7881621,26.911821],[75.7881621,26.9118203],[75.7881613,26.9118203],[75.7881612,26.9118181],[75.7881604,26.9118181],[75.7881604,26.9118174],[75.7881596,26.9118174],[75.7881596,26.9118167],[75.7881588,26.9118167],[75.7881588,26.9118152],[75.788158,26.9118152],[75.788158,26.9118138],[75.7881572,26.9118138],[75.7881572,26.9118124],[75.7881564,26.9118124],[75.7881564,26.9118116],[75.7881556,26.9118116],[75.7881555,26.9118109],[75.7881539,26.9118109],[75.7881539,26.9118102],[75.7881531,26.9118102],[75.7881531,26.9118088],[75.7881523,26.9118088],[75.7881523,26.9118081],[75.7881515,26.9118081],[75.7881515,26.9118073],[75.7881507,26.9118073],[75.7881507,26.9118066],[75.7881499,26.9118066],[75.7881499,26.9118059],[75.7881483,26.9118059],[75.7881483,26.9118052],[75.7881475,26.9118052],[75.7881474,26.9118045],[75.7881458,26.9118045],[75.7881458,26.9118038],[75.788145,26.9118038],[75.788145,26.911803],[75.7881442,26.911803],[75.7881442,26.9118023],[75.7881434,26.9118023],[75.7881434,26.9118016],[75.7881426,26.9118016],[75.7881426,26.9118009],[75.788141,26.9118009],[75.788141,26.9118002],[75.7881402,26.9118002],[75.7881402,26.9117995],[75.7881394,26.9117995],[75.7881393,26.911798],[75.7881385,26.911798],[75.7881385,26.9117973],[75.7881377,26.9117973],[75.7881377,26.9117966],[75.7881361,26.9117966],[75.7881361,26.9117959],[75.7881353,26.9117959],[75.7881353,26.9117944],[75.7881345,26.9117944],[75.7881345,26.9117937],[75.7881337,26.9117937],[75.7881337,26.911793],[75.7881313,26.911793],[75.7881312,26.9117923],[75.7881304,26.9117923],[75.7881304,26.9117901],[75.7881296,26.9117901],[75.7881296,26.9117894],[75.7881224,26.9117894],[75.7881224,26.9117902],[75.7881208,26.9117902],[75.7881208,26.9117909],[75.78812,26.9117909],[75.78812,26.9117923],[75.7881192,26.9117923],[75.7881192,26.9117931],[75.7881176,26.9117931],[75.7881176,26.9117938],[75.7881168,26.9117938],[75.7881168,26.9117952],[75.788116,26.9117953],[75.788116,26.911796],[75.7881152,26.911796],[75.7881152,26.9117974],[75.7881136,26.9117974],[75.7881136,26.9117982],[75.7881111,26.9117982],[75.7881112,26.9117989],[75.7881103,26.9117989],[75.7881104,26.9117996],[75.7881087,26.9117996],[75.7881087,26.9118003],[75.7881079,26.9118004],[75.7881079,26.9118011],[75.7881071,26.9118011],[75.7881071,26.9118018],[75.7881063,26.9118018],[75.7881063,26.9118025],[75.7881055,26.9118025],[75.7881055,26.911804],[75.7881047,26.911804],[75.7881047,26.9118047],[75.7881039,26.9118047],[75.7881039,26.9118054],[75.7881031,26.9118054],[75.7881031,26.9118062],[75.7881023,26.9118062],[75.7881023,26.9118069],[75.7881015,26.9118069],[75.7881015,26.9118076],[75.7881007,26.9118076],[75.7881007,26.9118083],[75.7880999,26.9118083],[75.7880999,26.9118091],[75.7880991,26.9118091],[75.7880991,26.9118098],[75.7880983,26.9118098],[75.7880983,26.9118105],[75.7880975,26.9118105],[75.7880975,26.9118112],[75.7880967,26.9118112],[75.7880967,26.911812],[75.7880959,26.911812],[75.7880959,26.9118127],[75.7880951,26.9118127],[75.7880951,26.9118134],[75.7880943,26.9118134],[75.7880943,26.9118142],[75.7880927,26.9118142],[75.7880927,26.9118149],[75.7880919,26.9118149],[75.7880919,26.9118156],[75.7880911,26.9118156],[75.7880911,26.9118163],[75.7880903,26.9118163],[75.7880903,26.9118171],[75.7880895,26.9118171],[75.7880895,26.9118185],[75.7880887,26.9118185],[75.7880887,26.9118192],[75.7880879,26.9118192],[75.7880879,26.91182],[75.7880871,26.91182],[75.7880871,26.9118207],[75.7880863,26.9118207],[75.7880863,26.9118214],[75.7880855,26.9118214],[75.7880855,26.9118221],[75.7880847,26.9118222],[75.7880847,26.9118229],[75.7880839,26.9118229],[75.7880839,26.9118236],[75.7880831,26.9118236],[75.7880831,26.9118243],[75.7880823,26.9118243],[75.7880823,26.9118258],[75.7880815,26.9118258],[75.7880815,26.9118272],[75.7880807,26.9118272],[75.7880807,26.911828],[75.7880799,26.911828],[75.7880799,26.9118287],[75.7880783,26.9118287],[75.7880783,26.9118294],[75.7880775,26.9118294],[75.7880775,26.9118301],[75.7880759,26.9118301],[75.7880759,26.9118309],[75.7880751,26.9118309],[75.7880751,26.9118316],[75.7880735,26.9118316],[75.7880735,26.9118323],[75.7880727,26.9118323],[75.7880727,26.9118331],[75.7880719,26.9118331],[75.7880719,26.9118338],[75.7880711,26.9118338],[75.7880711,26.9118345],[75.7880703,26.9118345],[75.7880703,26.9118352],[75.7880695,26.9118352],[75.7880695,26.911836],[75.7880687,26.911836],[75.7880687,26.9118367],[75.7880671,26.9118367],[75.7880671,26.9118374],[75.7880663,26.9118374],[75.7880663,26.9118381],[75.7880647,26.9118382],[75.7880647,26.9118389],[75.7880639,26.9118389],[75.7880639,26.9118396],[75.7880631,26.9118396],[75.7880631,26.9118403],[75.7880615,26.9118403],[75.7880615,26.9118411],[75.7880607,26.9118411],[75.7880607,26.9118418],[75.7880599,26.9118418],[75.7880599,26.9118425],[75.7880591,26.9118425],[75.7880591,26.9118432],[75.7880583,26.9118432],[75.7880583,26.911844],[75.7880567,26.911844],[75.7880567,26.9118447],[75.7880551,26.9118447],[75.7880551,26.9118454],[75.7880543,26.9118454],[75.7880543,26.9118469],[75.7880535,26.9118469],[75.7880535,26.9118476],[75.7880527,26.9118476],[75.7880527,26.9118483],[75.7880519,26.9118483],[75.7880519,26.9118491],[75.7880511,26.9118491],[75.7880511,26.9118498],[75.7880503,26.9118498],[75.7880503,26.9118505],[75.7880495,26.9118505],[75.7880495,26.9118512],[75.7880487,26.9118512],[75.7880487,26.911852],[75.7880479,26.911852],[75.7880479,26.9118527],[75.7880471,26.9118527],[75.7880471,26.9118534],[75.7880455,26.9118534],[75.7880455,26.9118549],[75.7880447,26.9118549],[75.7880447,26.9118556],[75.7880439,26.9118556],[75.7880439,26.9118563],[75.7880431,26.9118563],[75.7880431,26.9118571],[75.7880423,26.9118571],[75.7880423,26.9118578],[75.7880415,26.9118578],[75.7880415,26.9118585],[75.7880407,26.9118585],[75.7880407,26.9118592],[75.7880399,26.9118592],[75.7880399,26.91186],[75.7880391,26.91186],[75.7880391,26.9118607],[75.7880375,26.9118607],[75.7880375,26.9118614],[75.7880359,26.9118614],[75.7880359,26.9118629],[75.7880351,26.9118629],[75.7880351,26.9118643],[75.7880343,26.9118643],[75.7880343,26.911865],[75.7880327,26.9118651],[75.7880327,26.9118658],[75.7880319,26.9118658],[75.7880319,26.9118665],[75.7880311,26.9118665],[75.7880311,26.911868],[75.7880303,26.911868],[75.7880303,26.9118687],[75.7880287,26.9118687],[75.7880287,26.9118694],[75.788027,26.9118694],[75.7880271,26.9118701],[75.7880262,26.9118701],[75.7880263,26.9118709],[75.7880254,26.9118709],[75.7880255,26.9118716],[75.7880246,26.9118716],[75.7880247,26.9118723],[75.7880238,26.9118723],[75.7880239,26.911873],[75.7880222,26.9118731],[75.7880222,26.9118745],[75.7880214,26.9118745],[75.7880214,26.9118752],[75.7880198,26.9118752],[75.7880198,26.911876],[75.788019,26.911876],[75.788019,26.9118767],[75.7880182,26.9118767],[75.7880182,26.9118774],[75.7880174,26.9118774],[75.7880174,26.9118781],[75.7880166,26.9118781],[75.7880166,26.9118796],[75.7880142,26.9118796],[75.7880142,26.9118803],[75.7880134,26.9118803],[75.7880134,26.9118818],[75.7880126,26.9118818],[75.7880127,26.9118847],[75.7880118,26.9118847],[75.7880119,26.9118868],[75.7880111,26.9118868],[75.7880111,26.9118876],[75.7880103,26.9118876],[75.7880103,26.9118897],[75.7880095,26.9118897],[75.7880095,26.9118905],[75.7880103,26.9118905],[75.7880103,26.9118912],[75.7880119,26.9118912],[75.7880119,26.9118919],[75.7880127,26.9118919],[75.7880127,26.9118926],[75.7880135,26.9118926],[75.7880135,26.9118941],[75.7880143,26.911894],[75.7880143,26.9118948],[75.7880151,26.9118948],[75.7880151,26.9118955],[75.788016,26.9118955],[75.788016,26.9118962],[75.7880168,26.9118962],[75.7880168,26.9118969],[75.7880176,26.9118969],[75.7880176,26.9118976],[75.7880184,26.9118976],[75.7880184,26.9118991],[75.78802,26.9118991],[75.78802,26.9118998],[75.7880216,26.9118998],[75.7880216,26.9119005],[75.7880224,26.9119005],[75.7880224,26.9119012],[75.7880232,26.9119012],[75.7880232,26.9119019],[75.7880241,26.9119019],[75.7880241,26.9119034],[75.7880257,26.9119034],[75.7880257,26.9119041],[75.7880265,26.9119041],[75.7880265,26.9119055],[75.7880273,26.9119055],[75.7880273,26.911907],[75.7880281,26.911907],[75.7880281,26.9119077],[75.7880297,26.9119077],[75.7880297,26.9119084],[75.7880305,26.9119084],[75.7880306,26.9119098],[75.7880314,26.9119098],[75.7880314,26.9119113],[75.7880322,26.9119113],[75.7880322,26.911912],[75.788033,26.911912],[75.788033,26.9119134],[75.7880338,26.9119134],[75.7880338,26.9119149],[75.7880354,26.9119149],[75.7880354,26.9119156],[75.788037,26.9119156],[75.788037,26.9119163],[75.7880378,26.9119163],[75.7880379,26.911917],[75.7880395,26.911917],[75.7880395,26.9119185],[75.7880403,26.9119185],[75.7880403,26.9119199],[75.7880411,26.9119199],[75.7880411,26.9119235],[75.7880427,26.9119235],[75.7880427,26.9119242],[75.7880435,26.9119242],[75.7880436,26.9119278],[75.7880444,26.9119278],[75.7880444,26.91193],[75.7880452,26.91193],[75.7880452,26.9119307],[75.788046,26.9119307],[75.788046,26.9119314],[75.7880476,26.9119314],[75.7880476,26.9119321],[75.7880492,26.9119321],[75.7880492,26.9119329],[75.78805,26.9119328],[75.7880501,26.9119336],[75.7880517,26.9119336],[75.7880517,26.9119343],[75.7880525,26.9119343],[75.7880525,26.911935],[75.7880541,26.911935],[75.7880541,26.9119357],[75.7880549,26.9119357],[75.7880549,26.9119364],[75.7880565,26.9119364],[75.7880565,26.9119371],[75.7880573,26.9119371],[75.7880573,26.9119379],[75.7880581,26.9119379],[75.7880581,26.9119393],[75.788059,26.9119393],[75.788059,26.91194],[75.7880606,26.91194],[75.7880606,26.9119407],[75.7880622,26.9119407],[75.7880622,26.9119414],[75.788063,26.9119414],[75.788063,26.9119422],[75.7880638,26.9119422],[75.7880638,26.9119429],[75.7880646,26.9119429],[75.7880646,26.9119436],[75.7880662,26.9119436],[75.7880662,26.9119443],[75.788067,26.9119443],[75.7880671,26.911945],[75.7880679,26.911945],[75.7880679,26.9119458],[75.7880687,26.9119457],[75.7880687,26.9119465],[75.7880695,26.9119465],[75.7880695,26.9119472],[75.7880703,26.9119472],[75.7880703,26.9119479],[75.7880719,26.9119479],[75.7880719,26.9119486],[75.7880727,26.9119486],[75.7880727,26.9119493],[75.7880735,26.9119493],[75.7880735,26.9119501],[75.7880743,26.91195],[75.7880743,26.9119508],[75.788076,26.9119508],[75.788076,26.9119515],[75.7880768,26.9119515],[75.7880768,26.9119522],[75.7880776,26.9119522],[75.7880776,26.9119529],[75.7880792,26.9119529],[75.7880792,26.9119536],[75.78808,26.9119536],[75.78808,26.9119544],[75.7880808,26.9119543],[75.7880808,26.9119551],[75.7880816,26.9119551],[75.7880816,26.9119558],[75.7880865,26.9119558],[75.7880865,26.911955],[75.7880881,26.911955],[75.7880881,26.9119543],[75.7880889,26.9119543],[75.7880889,26.9119536],[75.7880897,26.9119536],[75.7880897,26.9119529],[75.7880905,26.9119528],[75.7880905,26.9119521],[75.7880913,26.9119521],[75.7880913,26.9119514],[75.7880921,26.9119514],[75.7880921,26.9119507],[75.7880929,26.9119507],[75.7880929,26.9119499],[75.7880945,26.9119499],[75.7880945,26.9119507],[75.7880969,26.9119506],[75.7880969,26.9119514],[75.7880977,26.9119514],[75.7880977,26.9119521],[75.7880993,26.9119521],[75.7880993,26.9119528],[75.7881001,26.9119528],[75.7881001,26.9119542],[75.788101,26.9119542],[75.788101,26.911955],[75.7881018,26.911955],[75.7881018,26.9119557],[75.7881034,26.9119557],[75.7881034,26.9119564],[75.7881042,26.9119564],[75.7881042,26.9119571],[75.788105,26.9119571],[75.788105,26.9119578],[75.7881058,26.9119578],[75.7881058,26.9119585],[75.7881066,26.9119585],[75.7881066,26.9119593],[75.7881074,26.9119593],[75.7881074,26.91196],[75.7881082,26.91196],[75.7881082,26.9119607],[75.7881091,26.9119607],[75.7881091,26.9119614],[75.7881099,26.9119614],[75.7881099,26.9119629],[75.7881107,26.9119628],[75.7881107,26.9119636],[75.7881123,26.9119636],[75.7881123,26.9119643],[75.7881131,26.9119643],[75.7881131,26.9119657],[75.7881139,26.9119657],[75.7881139,26.9119664],[75.7881155,26.9119664],[75.7881155,26.9119672],[75.7881163,26.9119671],[75.7881164,26.9119679],[75.7881172,26.9119679],[75.7881172,26.9119686],[75.788118,26.9119686],[75.788118,26.9119693],[75.7881188,26.9119693],[75.7881188,26.91197],[75.7881196,26.91197],[75.7881196,26.9119707],[75.7881204,26.9119707],[75.7881204,26.9119715],[75.7881212,26.9119715],[75.7881212,26.9119722],[75.788122,26.9119722],[75.788122,26.9119729],[75.7881228,26.9119729],[75.7881228,26.9119736],[75.7881236,26.9119736],[75.7881237,26.9119743],[75.7881245,26.9119743],[75.7881245,26.911975],[75.7881253,26.911975],[75.7881253,26.9119765],[75.7881261,26.9119765],[75.7881261,26.9119772],[75.7881269,26.9119772],[75.7881269,26.9119801],[75.7881277,26.9119801],[75.7881277,26.911983],[75.7881285,26.911983],[75.7881285,26.9119837],[75.7881294,26.9119837],[75.7881294,26.9119844],[75.7881302,26.9119844],[75.7881302,26.9119851],[75.788131,26.9119851],[75.788131,26.9119858],[75.7881334,26.9119858],[75.7881334,26.9119851],[75.788135,26.9119851],[75.788135,26.9119844],[75.7881358,26.9119844],[75.7881358,26.9119837],[75.7881374,26.9119836],[75.7881374,26.9119829],[75.788139,26.9119829],[75.788139,26.9119822],[75.7881398,26.9119822],[75.7881398,26.9119815],[75.7881406,26.9119815],[75.7881406,26.91198],[75.7881414,26.91198],[75.7881414,26.9119793],[75.7881422,26.9119793],[75.7881422,26.9119786],[75.788143,26.9119786],[75.788143,26.9119778],[75.7881446,26.9119778],[75.7881446,26.9119771],[75.7881462,26.9119771],[75.7881462,26.9119778],[75.7881478,26.9119778],[75.7881479,26.9119793],[75.7881487,26.9119792],[75.7881487,26.91198],[75.7881495,26.91198],[75.7881495,26.9119807],[75.7881503,26.9119807],[75.7881503,26.9119814],[75.7881511,26.9119814],[75.7881511,26.9119821],[75.7881519,26.9119821],[75.7881519,26.9119828],[75.7881527,26.9119828],[75.7881527,26.9119836],[75.7881535,26.9119836],[75.7881535,26.9119843],[75.7881543,26.9119843],[75.7881543,26.9119857],[75.7881551,26.9119857],[75.7881552,26.9119864],[75.788156,26.9119864],[75.788156,26.9119871],[75.7881568,26.9119871],[75.7881568,26.9119879],[75.7881576,26.9119879],[75.7881576,26.9119908],[75.7881584,26.9119907],[75.7881584,26.9119958],[75.7881592,26.9119958],[75.7881593,26.911998],[75.7881601,26.911998],[75.7881601,26.9119987],[75.7881609,26.9119987],[75.7881609,26.9120001],[75.7881617,26.9120001],[75.7881617,26.9120008],[75.7881625,26.9120008],[75.7881625,26.9120016],[75.7881633,26.9120016],[75.7881633,26.9120023],[75.7881641,26.9120023],[75.7881641,26.912003],[75.7881649,26.912003],[75.7881649,26.9120037],[75.7881666,26.9120037],[75.7881666,26.9120044],[75.7881682,26.9120044],[75.7881682,26.9120051],[75.788169,26.9120051],[75.788169,26.9120059],[75.7881706,26.9120058],[75.7881706,26.9120066],[75.7881722,26.9120066],[75.7881722,26.9120073],[75.7881771,26.9120073]],[[75.7882216,26.9119196],[75.7882208,26.9119196],[75.7882207,26.9119146],[75.7882215,26.9119146],[75.7882215,26.9119138],[75.7882231,26.9119138],[75.7882231,26.9119145],[75.7882239,26.9119145],[75.788224,26.911916],[75.7882256,26.911916],[75.7882256,26.9119153],[75.788228,26.9119152],[75.788228,26.911916],[75.7882288,26.911916],[75.7882288,26.9119167],[75.788228,26.9119167],[75.788228,26.9119174],[75.7882272,26.9119174],[75.7882272,26.9119189],[75.788228,26.9119189],[75.788228,26.9119203],[75.7882264,26.9119203],[75.7882264,26.9119181],[75.7882256,26.9119181],[75.7882256,26.9119174],[75.788224,26.9119174],[75.788224,26.9119203],[75.7882232,26.9119203],[75.7882232,26.911921],[75.7882216,26.9119211],[75.7882216,26.9119196]]]}},{"type":"Feature","properties":{"building_id":"B-0140","vertices":490},"geometry":{"type":"Polygon","coordinates":[[[75.7876393,26.9114946],[75.7876393,26.9114938],[75.7876418,26.9114938],[75.7876418,26.9114931],[75.7876434,26.9114931],[75.7876434,26.9114924],[75.787645,26.9114924],[75.787645,26.9114916],[75.7876466,26.9114916],[75.7876466,26.9114909],[75.787649,26.9114909],[75.787649,26.9114902],[75.7876522,26.9114902],[75.7876522,26.9114894],[75.7876538,26.9114894],[75.7876538,26.9114887],[75.7876554,26.9114887],[75.7876554,26.911488],[75.787657,26.911488],[75.787657,26.9114872],[75.7876586,26.9114872],[75.7876586,26.9114865],[75.7876602,26.9114865],[75.7876602,26.9114858],[75.7876618,26.9114858],[75.7876618,26.9114851],[75.7876626,26.911485],[75.7876626,26.9114843],[75.7876642,26.9114843],[75.7876642,26.9114836],[75.7876659,26.9114836],[75.7876658,26.9114829],[75.7876683,26.9114828],[75.7876683,26.9114821],[75.7876699,26.9114821],[75.7876699,26.9114814],[75.7876715,26.9114814],[75.7876715,26.9114807],[75.7876763,26.9114806],[75.7876763,26.9114799],[75.7876779,26.9114799],[75.7876779,26.9114792],[75.7876803,26.9114792],[75.7876803,26.9114784],[75.7876827,26.9114784],[75.7876827,26.9114777],[75.7876843,26.9114777],[75.7876843,26.911477],[75.7876876,26.911477],[75.7876876,26.9114762],[75.7876884,26.9114762],[75.7876884,26.9114755],[75.78769,26.9114755],[75.78769,26.9114748],[75.7876932,26.9114748],[75.7876932,26.911474],[75.7876964,26.911474],[75.7876964,26.9114747],[75.7876996,26.9114747],[75.7876996,26.911474],[75.7877012,26.911474],[75.7877012,26.9114733],[75.7877028,26.9114733],[75.7877028,26.9114725],[75.7877036,26.9114725],[75.7877036,26.9114718],[75.7877044,26.9114718],[75.7877044,26.9114711],[75.7877052,26.9114711],[75.7877052,26.9114617],[75.7877044,26.9114617],[75.7877044,26.9114588],[75.7877035,26.9114588],[75.7877035,26.9114574],[75.7877027,26.9114574],[75.7877027,26.9114559],[75.7877019,26.9114559],[75.7877019,26.9114552],[75.7877011,26.9114552],[75.7877011,26.9114538],[75.7877003,26.9114538],[75.7877003,26.9114509],[75.7876995,26.9114509],[75.7876995,26.9114494],[75.7876986,26.9114495],[75.7876986,26.911448],[75.7876978,26.911448],[75.7876978,26.9114458],[75.787697,26.9114459],[75.787697,26.911443],[75.7876962,26.911443],[75.7876962,26.9114379],[75.7876953,26.9114379],[75.7876953,26.9114357],[75.7876945,26.9114358],[75.7876945,26.9114343],[75.7876937,26.9114343],[75.7876937,26.9114329],[75.7876929,26.9114329],[75.7876929,26.9114322],[75.7876921,26.9114322],[75.7876921,26.91143],[75.7876913,26.91143],[75.7876912,26.9114257],[75.7876904,26.9114257],[75.7876904,26.9114242],[75.7876896,26.9114242],[75.7876896,26.9114221],[75.7876888,26.9114221],[75.7876888,26.9114213],[75.787688,26.9114213],[75.787688,26.9114192],[75.7876872,26.9114192],[75.7876871,26.911417],[75.7876863,26.911417],[75.7876863,26.9114141],[75.7876855,26.9114141],[75.7876855,26.9114127],[75.7876847,26.9114127],[75.7876847,26.9114105],[75.7876839,26.9114105],[75.7876839,26.9114091],[75.7876831,26.9114091],[75.787683,26.9114069],[75.7876822,26.9114069],[75.7876822,26.911404],[75.7876814,26.911404],[75.7876814,26.9114019],[75.7876806,26.9114019],[75.7876806,26.9114012],[75.7876798,26.9114012],[75.7876798,26.9113997],[75.787679,26.9113997],[75.787679,26.911399],[75.7876782,26.911399],[75.7876781,26.9113976],[75.7876773,26.9113976],[75.7876773,26.9113961],[75.7876765,26.9113961],[75.7876765,26.9113954],[75.7876757,26.9113954],[75.7876757,26.9113947],[75.7876749,26.9113947],[75.7876749,26.9113933],[75.7876741,26.9113933],[75.7876741,26.9113911],[75.7876733,26.9113911],[75.7876733,26.9113889],[75.78767,26.9113889],[75.78767,26.9113882],[75.7876692,26.9113882],[75.7876692,26.9113861],[75.7876684,26.9113861],[75.7876684,26.9113853],[75.7876676,26.9113853],[75.7876676,26.9113846],[75.7876652,26.9113846],[75.7876651,26.9113817],[75.7876643,26.9113818],[75.7876643,26.911381],[75.7876635,26.911381],[75.7876635,26.9113767],[75.7876603,26.9113767],[75.7876603,26.911376],[75.7876595,26.911376],[75.7876595,26.9113753],[75.7876603,26.9113753],[75.7876603,26.9113738],[75.7876595,26.9113738],[75.7876594,26.9113731],[75.7876578,26.9113731],[75.7876578,26.9113724],[75.787657,26.9113724],[75.787657,26.9113717],[75.7876506,26.9113717],[75.7876506,26.9113724],[75.7876482,26.9113725],[75.7876482,26.9113717],[75.7876465,26.9113717],[75.7876465,26.9113703],[75.7876473,26.9113703],[75.7876473,26.9113696],[75.7876465,26.9113696],[75.7876465,26.9113652],[75.7876457,26.9113652],[75.7876457,26.9113645],[75.7876425,26.9113645],[75.7876425,26.9113638],[75.7876417,26.9113638],[75.7876416,26.9113617],[75.7876408,26.9113617],[75.7876408,26.9113609],[75.78764,26.9113609],[75.78764,26.9113602],[75.7876392,26.9113602],[75.7876392,26.9113595],[75.7876384,26.9113595],[75.7876384,26.9113581],[75.7876376,26.9113581],[75.7876376,26.9113573],[75.7874829,26.9113582],[75.7874829,26.9113625],[75.7874837,26.9113625],[75.7874838,26.9113661],[75.7874846,26.9113661],[75.7874846,26.9113683],[75.7874854,26.9113683],[75.7874854,26.911369],[75.7874862,26.911369],[75.7874862,26.9113719],[75.787487,26.9113719],[75.787487,26.9113734],[75.7874878,26.9113733],[75.7874879,26.9113798],[75.7874887,26.9113798],[75.7874887,26.9113813],[75.7874895,26.9113813],[75.7874895,26.911382],[75.7874911,26.911382],[75.7874911,26.9113827],[75.7874919,26.9113827],[75.7874919,26.9113842],[75.7874928,26.9113842],[75.7874928,26.9113849],[75.7874936,26.9113849],[75.7874936,26.9113856],[75.7874952,26.9113856],[75.7874952,26.9113863],[75.7874968,26.9113863],[75.7874968,26.911387],[75.7874976,26.911387],[75.7874976,26.9113885],[75.7874984,26.9113885],[75.7874984,26.9113892],[75.7875008,26.9113892],[75.7875009,26.9113899],[75.7875025,26.9113899],[75.7875025,26.9113906],[75.7875041,26.9113906],[75.7875041,26.9113913],[75.7875049,26.9113913],[75.7875049,26.9113928],[75.7875057,26.9113928],[75.7875057,26.9113935],[75.7875065,26.9113935],[75.7875065,26.9113942],[75.7875081,26.9113942],[75.7875081,26.9113949],[75.7875089,26.9113949],[75.7875089,26.9113956],[75.7875098,26.9113956],[75.7875098,26.9113963],[75.7875106,26.9113963],[75.7875106,26.9113978],[75.7875114,26.9113978],[75.7875114,26.9113985],[75.787513,26.9113985],[75.787513,26.9113992],[75.7875138,26.9113992],[75.7875138,26.9113999],[75.7875146,26.9113999],[75.7875146,26.9114014],[75.7875154,26.9114014],[75.7875154,26.9114021],[75.787517,26.9114021],[75.7875171,26.9114028],[75.7875187,26.9114028],[75.7875187,26.9114042],[75.7875195,26.9114042],[75.7875195,26.911405],[75.7875203,26.9114049],[75.7875203,26.9114057],[75.7875211,26.9114057],[75.7875211,26.9114064],[75.7875227,26.9114064],[75.7875227,26.9114071],[75.7875235,26.9114071],[75.7875235,26.9114085],[75.7875243,26.9114085],[75.7875243,26.9114093],[75.7875252,26.9114093],[75.7875252,26.91141],[75.7875268,26.91141],[75.7875268,26.9114107],[75.7875284,26.9114107],[75.7875284,26.9114121],[75.7875292,26.9114121],[75.7875292,26.9114136],[75.78753,26.9114136],[75.78753,26.9114143],[75.7875316,26.9114143],[75.7875316,26.911415],[75.7875324,26.911415],[75.7875324,26.9114157],[75.7875333,26.9114157],[75.7875333,26.9114172],[75.7875341,26.9114171],[75.7875341,26.9114179],[75.7875357,26.9114179],[75.7875357,26.9114186],[75.7875365,26.9114186],[75.7875365,26.9114193],[75.7875373,26.9114193],[75.7875373,26.9114215],[75.7875381,26.9114215],[75.7875381,26.9114222],[75.7875389,26.9114222],[75.7875389,26.9114236],[75.7875398,26.9114236],[75.7875398,26.9114243],[75.7875406,26.9114243],[75.7875406,26.9114251],[75.7875414,26.9114251],[75.7875414,26.9114258],[75.7875422,26.9114258],[75.7875422,26.9114272],[75.787543,26.9114272],[75.787543,26.9114279],[75.7875438,26.9114279],[75.7875438,26.9114287],[75.7875446,26.9114286],[75.7875446,26.9114294],[75.7875454,26.9114294],[75.7875454,26.9114301],[75.7875462,26.9114301],[75.7875463,26.9114308],[75.7875471,26.9114308],[75.7875471,26.9114322],[75.7875479,26.9114322],[75.7875479,26.9114337],[75.7875487,26.9114337],[75.7875487,26.9114344],[75.7875503,26.9114344],[75.7875503,26.9114351],[75.7875511,26.9114351],[75.7875511,26.9114358],[75.7875519,26.9114358],[75.7875519,26.9114373],[75.7875527,26.9114373],[75.7875527,26.911438],[75.7875544,26.911438],[75.7875544,26.9114387],[75.7875552,26.9114387],[75.7875552,26.9114394],[75.787556,26.9114394],[75.787556,26.9114401],[75.7875568,26.9114401],[75.7875568,26.9114409],[75.7875576,26.9114409],[75.7875576,26.9114416],[75.7875584,26.9114416],[75.7875584,26.9114423],[75.78756,26.9114423],[75.78756,26.911443],[75.7875608,26.911443],[75.7875608,26.9114444],[75.7875617,26.9114444],[75.7875617,26.9114452],[75.7875625,26.9114452],[75.7875625,26.9114466],[75.7875633,26.9114466],[75.7875633,26.9114473],[75.7875641,26.9114473],[75.7875641,26.911448],[75.7875649,26.911448],[75.7875649,26.9114495],[75.7875657,26.9114495],[75.7875657,26.9114502],[75.7875673,26.9114502],[75.7875673,26.9114509],[75.7875681,26.9114509],[75.7875681,26.9114516],[75.787569,26.9114516],[75.787569,26.9114523],[75.7875698,26.9114523],[75.7875698,26.9114531],[75.7875706,26.9114531],[75.7875706,26.9114538],[75.7875722,26.9114538],[75.7875722,26.9114545],[75.787573,26.9114545],[75.787573,26.9114552],[75.7875754,26.9114552],[75.7875754,26.9114559],[75.7875762,26.9114559],[75.7875762,26.9114574],[75.787577,26.9114574],[75.7875771,26.9114581],[75.7875779,26.9114581],[75.7875779,26.9114588],[75.7875795,26.9114588],[75.7875795,26.9114595],[75.7875803,26.9114595],[75.7875803,26.9114602],[75.7875811,26.9114602],[75.7875811,26.9114609],[75.7875819,26.9114609],[75.7875819,26.9114617],[75.7875827,26.9114617],[75.7875827,26.9114624],[75.7875835,26.9114624],[75.7875835,26.9114631],[75.7875851,26.9114631],[75.7875852,26.9114638],[75.787586,26.9114638],[75.787586,26.9114645],[75.7875868,26.9114645],[75.7875868,26.9114652],[75.7875876,26.9114652],[75.7875876,26.911466],[75.7875884,26.911466],[75.7875884,26.9114667],[75.7875892,26.9114667],[75.7875892,26.9114674],[75.78759,26.9114674],[75.78759,26.9114681],[75.7875908,26.9114681],[75.7875908,26.9114688],[75.7875924,26.9114688],[75.7875924,26.9114695],[75.7875932,26.9114695],[75.7875933,26.9114703],[75.7875941,26.9114703],[75.7875941,26.911471],[75.7875949,26.911471],[75.7875949,26.9114717],[75.7875957,26.9114717],[75.7875957,26.9114724],[75.7875965,26.9114724],[75.7875965,26.9114731],[75.7875973,26.9114731],[75.7875973,26.9114739],[75.7875989,26.9114738],[75.7875989,26.9114746],[75.7875997,26.9114746],[75.7875997,26.9114753],[75.7876013,26.9114753],[75.7876013,26.911476],[75.787603,26.911476],[75.787603,26.9114767],[75.7876038,26.9114767],[75.7876038,26.9114774],[75.7876054,26.9114774],[75.7876054,26.9114781],[75.787607,26.9114781],[75.787607,26.9114789],[75.7876086,26.9114788],[75.7876086,26.9114796],[75.7876102,26.9114796],[75.7876102,26.9114803],[75.7876119,26.9114803],[75.7876119,26.911481],[75.7876127,26.911481],[75.7876127,26.9114817],[75.7876135,26.9114817],[75.7876135,26.9114824],[75.7876151,26.9114824],[75.7876151,26.9114831],[75.7876159,26.9114831],[75.7876159,26.9114839],[75.7876167,26.9114839],[75.7876167,26.9114846],[75.7876175,26.9114846],[75.7876175,26.9114853],[75.7876191,26.9114853],[75.7876191,26.911486],[75.7876199,26.911486],[75.78762,26.9114867],[75.7876216,26.9114867],[75.7876216,26.9114874],[75.7876224,26.9114874],[75.7876224,26.9114882],[75.7876232,26.9114882],[75.7876232,26.9114889],[75.787624,26.9114889],[75.787624,26.9114896],[75.7876248,26.9114896],[75.7876248,26.9114903],[75.7876256,26.9114903],[75.7876256,26.911491],[75.7876272,26.911491],[75.7876272,26.9114917],[75.7876289,26.9114917],[75.7876289,26.9114925],[75.7876297,26.9114925],[75.7876297,26.9114932],[75.7876305,26.9114932],[75.7876305,26.9114939],[75.7876329,26.9114939],[75.7876329,26.9114946],[75.7876393,26.9114946]]]}},{"type":"Feature","properties":{"building_id":"B-0116","vertices":756},"geometry":{"type":"Polygon","coordinates":[[[75.7880143,26.9116608],[75.7880143,26.91166],[75.7880159,26.91166],[75.7880159,26.9116593],[75.7880167,26.9116593],[75.7880167,26.9116586],[75.7880183,26.9116586],[75.7880183,26.9116578],[75.7880191,26.9116578],[75.7880191,26.9116571],[75.7880199,26.9116571],[75.7880199,26.9116557],[75.7880207,26.9116557],[75.7880207,26.9116549],[75.7880223,26.9116549],[75.7880223,26.9116542],[75.7880231,26.9116542],[75.7880231,26.9116535],[75.7880239,26.9116535],[75.7880239,26.911652],[75.7880247,26.911652],[75.7880247,26.9116513],[75.7880255,26.9116513],[75.7880255,26.9116506],[75.7880271,26.9116506],[75.7880271,26.9116499],[75.7880279,26.9116498],[75.7880279,26.9116491],[75.7880287,26.9116491],[75.7880287,26.9116477],[75.7880295,26.9116477],[75.7880295,26.911647],[75.7880311,26.9116469],[75.7880311,26.9116462],[75.7880319,26.9116462],[75.7880319,26.9116455],[75.7880327,26.9116455],[75.7880327,26.911644],[75.7880335,26.911644],[75.7880335,26.9116433],[75.7880343,26.9116433],[75.7880343,26.9116426],[75.7880359,26.9116426],[75.7880359,26.9116419],[75.7880367,26.9116419],[75.7880367,26.9116411],[75.7880384,26.9116411],[75.7880383,26.9116404],[75.7880392,26.9116404],[75.7880391,26.9116397],[75.78804,26.9116397],[75.7880399,26.9116389],[75.7880416,26.9116389],[75.7880416,26.9116382],[75.7880424,26.9116382],[75.7880424,26.9116368],[75.7880432,26.9116368],[75.7880432,26.911636],[75.788044,26.911636],[75.788044,26.9116353],[75.7880456,26.9116353],[75.7880456,26.9116346],[75.7880464,26.9116346],[75.7880464,26.9116339],[75.788048,26.9116338],[75.788048,26.9116331],[75.7880488,26.9116331],[75.7880488,26.9116324],[75.7880496,26.9116324],[75.7880496,26.9116317],[75.7880504,26.9116317],[75.7880504,26.9116302],[75.7880512,26.9116302],[75.7880512,26.9116295],[75.788052,26.9116295],[75.788052,26.9116288],[75.7880528,26.9116288],[75.7880528,26.911628],[75.7880536,26.911628],[75.7880536,26.9116273],[75.7880544,26.9116273],[75.7880544,26.9116266],[75.7880552,26.9116266],[75.7880552,26.9116259],[75.788056,26.9116259],[75.788056,26.9116251],[75.7880568,26.9116251],[75.7880568,26.9116244],[75.7880576,26.9116244],[75.7880576,26.911623],[75.7880584,26.911623],[75.7880584,26.9116222],[75.7880592,26.9116222],[75.7880592,26.9116215],[75.78806,26.9116215],[75.78806,26.9116208],[75.7880608,26.9116208],[75.7880608,26.9116193],[75.7880624,26.9116193],[75.7880624,26.9116186],[75.788064,26.9116186],[75.788064,26.9116179],[75.7880656,26.9116179],[75.7880656,26.9116171],[75.7880664,26.9116171],[75.7880664,26.9116164],[75.788068,26.9116164],[75.788068,26.9116157],[75.7880688,26.9116157],[75.7880688,26.911615],[75.7880696,26.9116149],[75.7880696,26.9116142],[75.7880712,26.9116142],[75.7880712,26.9116135],[75.788072,26.9116135],[75.788072,26.9116128],[75.7880728,26.9116128],[75.7880728,26.911612],[75.7880736,26.911612],[75.7880736,26.9116113],[75.7880744,26.9116113],[75.7880744,26.9116106],[75.788076,26.9116106],[75.788076,26.9116099],[75.7880776,26.9116098],[75.7880776,26.9116091],[75.7880784,26.9116091],[75.7880784,26.9116084],[75.7880792,26.9116084],[75.7880792,26.9116077],[75.78808,26.9116077],[75.78808,26.9116069],[75.7880816,26.9116069],[75.7880816,26.9116062],[75.7880824,26.9116062],[75.7880824,26.9116055],[75.788084,26.9116055],[75.788084,26.9116048],[75.7880856,26.9116047],[75.7880856,26.911604],[75.7880864,26.911604],[75.7880864,26.9116033],[75.788088,26.9116033],[75.788088,26.9116026],[75.7880888,26.9116026],[75.7880888,26.9116018],[75.7880896,26.9116018],[75.7880896,26.9116011],[75.7880904,26.9116011],[75.7880904,26.9116004],[75.788092,26.9116004],[75.788092,26.9115997],[75.7880929,26.9115997],[75.7880928,26.9115989],[75.7880961,26.9115989],[75.7880961,26.9115982],[75.7881041,26.9115981],[75.7881041,26.9115974],[75.7881057,26.9115974],[75.7881057,26.9115967],[75.7881065,26.9115967],[75.7881065,26.911596],[75.7881073,26.911596],[75.7881073,26.9115952],[75.7881081,26.9115952],[75.7881081,26.9115945],[75.7881089,26.9115945],[75.7881089,26.9115938],[75.7881097,26.9115938],[75.7881097,26.9115931],[75.7881105,26.9115931],[75.7881105,26.9115923],[75.7881113,26.9115923],[75.7881113,26.9115916],[75.7881121,26.9115916],[75.7881121,26.9115909],[75.7881129,26.9115909],[75.7881129,26.9115901],[75.7881137,26.9115901],[75.7881137,26.9115894],[75.7881145,26.9115894],[75.7881145,26.911588],[75.7881153,26.911588],[75.7881153,26.9115872],[75.7881161,26.9115872],[75.7881161,26.9115865],[75.7881169,26.9115865],[75.7881169,26.9115858],[75.7881185,26.9115858],[75.7881185,26.9115851],[75.7881193,26.9115851],[75.7881193,26.9115836],[75.7881201,26.9115836],[75.7881201,26.9115822],[75.7881217,26.9115822],[75.7881217,26.9115814],[75.7881225,26.9115814],[75.7881225,26.9115807],[75.7881233,26.9115807],[75.7881233,26.9115793],[75.7881241,26.9115793],[75.7881241,26.9115785],[75.7881249,26.9115785],[75.7881249,26.9115778],[75.7881265,26.9115778],[75.7881265,26.9115771],[75.7881273,26.9115771],[75.7881273,26.9115763],[75.7881281,26.9115763],[75.7881281,26.9115749],[75.7881289,26.9115749],[75.7881289,26.9115734],[75.7881297,26.9115734],[75.7881297,26.9115727],[75.7881305,26.9115727],[75.7881305,26.9115655],[75.7881297,26.9115655],[75.7881297,26.9115648],[75.7881289,26.9115648],[75.7881289,26.9115633],[75.788128,26.9115633],[75.788128,26.9115619],[75.7881272,26.9115619],[75.7881272,26.9115612],[75.7881264,26.9115612],[75.7881264,26.9115605],[75.7881248,26.9115605],[75.7881248,26.9115597],[75.788124,26.9115598],[75.788124,26.9115583],[75.7881232,26.9115583],[75.7881232,26.9115576],[75.7881224,26.9115576],[75.7881224,26.9115569],[75.7881199,26.9115569],[75.7881199,26.9115562],[75.7881191,26.9115562],[75.7881191,26.9115533],[75.7881183,26.9115533],[75.7881183,26.9115518],[75.7881175,26.9115518],[75.7881175,26.9115511],[75.7881167,26.9115511],[75.7881167,26.9115504],[75.7881159,26.9115504],[75.7881159,26.9115497],[75.7881151,26.9115497],[75.7881151,26.911549],[75.7881102,26.911549],[75.7881102,26.9115483],[75.7881094,26.9115483],[75.7881094,26.9115468],[75.7881102,26.9115468],[75.7881102,26.9115425],[75.7881094,26.9115425],[75.7881094,26.9115403],[75.7881086,26.9115403],[75.7881085,26.9115396],[75.7881069,26.9115396],[75.7881069,26.9115403],[75.7881061,26.9115404],[75.7881061,26.9115396],[75.7881053,26.9115396],[75.7881053,26.9115367],[75.7881061,26.9115367],[75.7881061,26.9115346],[75.7881069,26.9115346],[75.7881069,26.9115338],[75.7881085,26.9115338],[75.7881085,26.9115331],[75.7881093,26.9115331],[75.7881093,26.9115317],[75.7881101,26.9115317],[75.7881101,26.9115288],[75.7881109,26.9115288],[75.7881109,26.9115244],[75.7881101,26.9115244],[75.78811,26.911523],[75.7881092,26.911523],[75.7881092,26.9115216],[75.7881084,26.9115216],[75.7881084,26.9115208],[75.7881076,26.9115208],[75.7881076,26.9115201],[75.7881068,26.9115201],[75.7881068,26.9115194],[75.788106,26.9115194],[75.788106,26.911518],[75.7881052,26.911518],[75.7881052,26.9115172],[75.7881044,26.9115172],[75.7881044,26.9115165],[75.7881036,26.9115165],[75.7881035,26.9115158],[75.7881019,26.9115158],[75.7881019,26.9115151],[75.7881011,26.9115151],[75.7881011,26.9115137],[75.7881003,26.9115137],[75.7881003,26.9115129],[75.7880995,26.9115129],[75.7880995,26.9115122],[75.7880987,26.9115122],[75.7880987,26.9115115],[75.7880979,26.9115115],[75.7880979,26.9115108],[75.7880971,26.9115108],[75.7880971,26.9115101],[75.7880963,26.9115101],[75.7880963,26.9115093],[75.7880954,26.9115094],[75.7880954,26.9115079],[75.7880938,26.9115079],[75.7880938,26.9115072],[75.788093,26.9115072],[75.788093,26.9115065],[75.7880922,26.9115065],[75.7880922,26.911505],[75.7880914,26.911505],[75.7880914,26.9115043],[75.7880898,26.9115043],[75.7880898,26.9115036],[75.788089,26.9115036],[75.788089,26.9115029],[75.7880881,26.9115029],[75.7880881,26.9115022],[75.7880873,26.9115022],[75.7880873,26.9115015],[75.7880865,26.9115015],[75.7880865,26.9115007],[75.7880857,26.9115007],[75.7880857,26.9115],[75.7880793,26.9115001],[75.7880793,26.9115008],[75.7880785,26.9115008],[75.7880785,26.9115001],[75.7880744,26.9115001],[75.7880744,26.9114994],[75.7880736,26.9114994],[75.7880736,26.9114986],[75.7880656,26.9114987],[75.7880656,26.9114994],[75.7880632,26.9114994],[75.7880632,26.9115001],[75.7880615,26.9115002],[75.7880615,26.9115009],[75.7880599,26.9115009],[75.7880599,26.9115016],[75.7880591,26.9115016],[75.7880591,26.9115023],[75.7880575,26.9115023],[75.7880575,26.9115031],[75.7880567,26.9115031],[75.7880567,26.9115038],[75.7880543,26.9115038],[75.7880543,26.9115045],[75.7880527,26.9115045],[75.7880527,26.9115053],[75.7880519,26.9115053],[75.7880519,26.911506],[75.7880511,26.911506],[75.7880511,26.9115067],[75.7880503,26.9115067],[75.7880503,26.9115074],[75.7880495,26.9115074],[75.7880495,26.9115082],[75.7880479,26.9115082],[75.7880479,26.9115089],[75.7880471,26.9115089],[75.7880471,26.9115096],[75.7880463,26.9115096],[75.7880463,26.9115104],[75.7880447,26.9115104],[75.7880447,26.9115111],[75.7880439,26.9115111],[75.7880439,26.9115118],[75.7880431,26.9115118],[75.7880431,26.9115125],[75.7880407,26.9115125],[75.7880407,26.9115133],[75.7880391,26.9115133],[75.7880391,26.911514],[75.7880375,26.911514],[75.7880375,26.9115155],[75.7880367,26.9115155],[75.7880367,26.9115162],[75.7880351,26.9115162],[75.7880351,26.9115169],[75.7880327,26.9115169],[75.7880327,26.9115176],[75.7880319,26.9115177],[75.7880319,26.9115184],[75.7880311,26.9115184],[75.7880311,26.9115191],[75.7880303,26.9115191],[75.7880303,26.9115198],[75.7880295,26.9115198],[75.7880295,26.9115206],[75.7880262,26.9115206],[75.7880262,26.9115213],[75.7880254,26.9115213],[75.7880254,26.911522],[75.7880238,26.911522],[75.7880238,26.9115228],[75.788023,26.9115228],[75.788023,26.9115242],[75.7880214,26.9115242],[75.7880214,26.9115249],[75.7880198,26.9115249],[75.7880198,26.9115257],[75.7880182,26.9115257],[75.7880182,26.9115264],[75.7880174,26.9115264],[75.7880174,26.9115271],[75.7880166,26.9115271],[75.7880166,26.9115279],[75.7880158,26.9115279],[75.7880158,26.9115286],[75.788015,26.9115286],[75.788015,26.9115293],[75.7880142,26.9115293],[75.7880142,26.91153],[75.7880126,26.91153],[75.7880126,26.9115308],[75.788011,26.9115308],[75.788011,26.9115329],[75.7880134,26.9115329],[75.7880134,26.9115351],[75.7880126,26.9115351],[75.7880127,26.9115365],[75.7880118,26.9115365],[75.7880119,26.9115373],[75.788011,26.9115373],[75.7880111,26.9115409],[75.7880135,26.9115409],[75.7880135,26.9115416],[75.7880159,26.9115416],[75.7880159,26.9115423],[75.7880183,26.9115423],[75.7880183,26.911543],[75.7880175,26.911543],[75.7880175,26.9115452],[75.7880184,26.9115452],[75.7880184,26.9115466],[75.7880192,26.9115466],[75.7880192,26.9115473],[75.7880184,26.9115473],[75.7880184,26.9115517],[75.7880176,26.9115517],[75.7880176,26.9115524],[75.7880168,26.9115524],[75.7880168,26.9115531],[75.7880176,26.9115531],[75.7880176,26.9115546],[75.7880152,26.9115546],[75.7880152,26.911551],[75.7880144,26.911551],[75.7880144,26.9115503],[75.7880119,26.9115503],[75.7880119,26.9115495],[75.7880111,26.9115495],[75.7880111,26.9115503],[75.7880103,26.9115503],[75.7880103,26.9115517],[75.7880095,26.9115517],[75.7880095,26.9115524],[75.7880087,26.9115525],[75.7880087,26.9115532],[75.7880095,26.9115532],[75.7880096,26.9115546],[75.7880104,26.9115546],[75.7880104,26.9115553],[75.7880096,26.9115553],[75.7880096,26.9115561],[75.7880088,26.9115561],[75.7880088,26.9115568],[75.788008,26.9115568],[75.788008,26.9115575],[75.7880015,26.9115575],[75.7880015,26.9115583],[75.7879943,26.9115583],[75.7879943,26.9115576],[75.7879919,26.9115576],[75.7879918,26.9115569],[75.7879902,26.9115569],[75.7879902,26.9115576],[75.7879878,26.9115576],[75.7879878,26.9115583],[75.7879854,26.9115584],[75.7879854,26.9115591],[75.7879822,26.9115591],[75.7879822,26.9115598],[75.7879798,26.9115598],[75.7879798,26.9115606],[75.787979,26.9115606],[75.787979,26.9115613],[75.7879774,26.9115613],[75.7879774,26.911562],[75.7879758,26.911562],[75.7879758,26.9115627],[75.787975,26.9115628],[75.787975,26.9115635],[75.7879742,26.9115635],[75.7879742,26.9115642],[75.7879726,26.9115642],[75.7879726,26.9115649],[75.7879718,26.9115649],[75.7879718,26.9115657],[75.7879702,26.9115657],[75.7879702,26.9115664],[75.7879694,26.9115664],[75.7879694,26.9115671],[75.7879686,26.9115671],[75.7879686,26.9115678],[75.7879678,26.9115678],[75.7879678,26.9115686],[75.7879661,26.9115686],[75.7879662,26.9115693],[75.7879653,26.9115693],[75.7879654,26.91157],[75.7879637,26.91157],[75.7879637,26.9115708],[75.7879621,26.9115708],[75.7879621,26.9115715],[75.7879613,26.9115715],[75.7879613,26.9115722],[75.7879605,26.9115722],[75.7879605,26.9115729],[75.7879597,26.9115729],[75.7879597,26.9115737],[75.7879589,26.9115737],[75.7879589,26.9115744],[75.7879573,26.9115744],[75.7879573,26.9115751],[75.7879557,26.9115751],[75.7879557,26.9115759],[75.7879549,26.9115759],[75.7879549,26.9115766],[75.7879533,26.9115766],[75.7879533,26.9115773],[75.7879517,26.9115773],[75.7879517,26.911578],[75.7879501,26.9115781],[75.7879501,26.9115788],[75.7879485,26.9115788],[75.7879485,26.9115795],[75.7879477,26.9115795],[75.7879477,26.9115802],[75.7879469,26.9115802],[75.7879469,26.911581],[75.7879461,26.911581],[75.7879461,26.9115817],[75.7879453,26.9115817],[75.7879453,26.9115824],[75.7879437,26.9115824],[75.7879437,26.9115831],[75.7879429,26.9115832],[75.7879429,26.9115839],[75.7879421,26.9115839],[75.7879421,26.9115846],[75.7879413,26.9115846],[75.7879413,26.9115853],[75.7879397,26.9115853],[75.7879397,26.9115861],[75.7879373,26.9115861],[75.7879373,26.9115868],[75.7879357,26.9115868],[75.7879357,26.9115875],[75.7879341,26.9115875],[75.7879341,26.911589],[75.7879333,26.911589],[75.7879333,26.9115897],[75.7879325,26.9115897],[75.7879325,26.9115904],[75.7879308,26.9115904],[75.7879309,26.9115912],[75.7879292,26.9115912],[75.7879292,26.9115919],[75.7879284,26.9115919],[75.7879284,26.9115926],[75.7879276,26.9115926],[75.7879276,26.9115934],[75.7879268,26.9115934],[75.7879268,26.9115941],[75.7879252,26.9115941],[75.7879252,26.9115948],[75.7879236,26.9115948],[75.7879236,26.9115955],[75.7879228,26.9115955],[75.7879228,26.9115963],[75.787922,26.9115963],[75.787922,26.911597],[75.7879212,26.911597],[75.7879212,26.9115992],[75.787922,26.9115992],[75.7879221,26.9115999],[75.7879229,26.9115999],[75.7879229,26.9116013],[75.7879221,26.9116013],[75.7879221,26.911602],[75.7879229,26.911602],[75.7879229,26.9116064],[75.7879245,26.9116064],[75.7879245,26.9116078],[75.7879253,26.9116078],[75.7879253,26.9116093],[75.7879261,26.9116092],[75.7879262,26.9116107],[75.787927,26.9116107],[75.787927,26.9116129],[75.7879278,26.9116129],[75.7879278,26.9116143],[75.7879286,26.9116143],[75.7879286,26.9116157],[75.7879294,26.9116157],[75.7879294,26.9116186],[75.7879302,26.9116186],[75.7879302,26.9116201],[75.7879311,26.9116201],[75.7879311,26.9116215],[75.7879319,26.9116215],[75.7879319,26.9116222],[75.7879327,26.9116222],[75.7879327,26.9116229],[75.7879335,26.9116229],[75.7879335,26.9116237],[75.7879343,26.9116236],[75.7879343,26.9116251],[75.7879351,26.9116251],[75.7879351,26.9116258],[75.7879359,26.9116258],[75.7879359,26.9116265],[75.7879367,26.9116265],[75.7879367,26.9116272],[75.7879384,26.9116272],[75.7879384,26.9116287],[75.7879392,26.9116287],[75.7879392,26.9116301],[75.7879408,26.9116301],[75.7879408,26.9116308],[75.7879472,26.9116308],[75.7879472,26.9116294],[75.787948,26.9116293],[75.787948,26.9116286],[75.7879488,26.9116286],[75.7879488,26.9116279],[75.7879513,26.9116279],[75.7879512,26.9116272],[75.7879521,26.9116272],[75.787952,26.9116264],[75.7879529,26.9116264],[75.7879528,26.9116257],[75.7879545,26.9116257],[75.7879545,26.911625],[75.7879553,26.911625],[75.7879553,26.9116243],[75.7879561,26.9116242],[75.7879561,26.9116235],[75.7879569,26.9116235],[75.7879569,26.9116228],[75.7879593,26.9116228],[75.7879593,26.9116235],[75.7879601,26.9116235],[75.7879601,26.9116249],[75.7879609,26.9116249],[75.7879609,26.9116264],[75.7879617,26.9116264],[75.7879617,26.9116271],[75.7879625,26.9116271],[75.7879625,26.9116278],[75.7879633,26.9116278],[75.7879633,26.9116285],[75.7879641,26.9116285],[75.7879642,26.9116293],[75.787965,26.9116293],[75.787965,26.91163],[75.7879658,26.91163],[75.7879658,26.9116307],[75.7879666,26.9116307],[75.7879666,26.9116314],[75.7879674,26.9116314],[75.7879674,26.9116321],[75.7879682,26.9116321],[75.7879682,26.9116336],[75.787969,26.9116336],[75.787969,26.911635],[75.7879698,26.911635],[75.7879698,26.9116357],[75.7879706,26.9116357],[75.7879707,26.9116379],[75.7879715,26.9116379],[75.7879715,26.9116393],[75.7879723,26.9116393],[75.7879723,26.91164],[75.7879731,26.91164],[75.7879731,26.9116451],[75.7879723,26.9116451],[75.7879723,26.9116465],[75.7879731,26.9116465],[75.7879731,26.9116473],[75.7879739,26.9116473],[75.7879739,26.911648],[75.7879748,26.911648],[75.7879748,26.9116494],[75.7879756,26.9116494],[75.7879756,26.9116509],[75.7879764,26.9116509],[75.7879764,26.9116516],[75.787978,26.9116516],[75.787978,26.911653],[75.7879788,26.911653],[75.7879788,26.9116545],[75.7879796,26.9116545],[75.7879796,26.9116552],[75.7879812,26.9116552],[75.7879813,26.9116559],[75.7879829,26.9116559],[75.7879829,26.9116566],[75.7879853,26.9116566],[75.7879853,26.9116573],[75.7879909,26.9116573],[75.7879909,26.911658],[75.7879917,26.911658],[75.7879917,26.9116573],[75.7879925,26.9116573],[75.7879925,26.9116565],[75.7879933,26.9116565],[75.7879933,26.9116558],[75.787995,26.9116558],[75.7879949,26.9116551],[75.7879966,26.9116551],[75.7879966,26.9116544],[75.7879974,26.9116544],[75.7879973,26.9116522],[75.7879981,26.9116522],[75.7879981,26.9116515],[75.7880006,26.9116514],[75.7880006,26.9116522],[75.7880046,26.9116521],[75.7880046,26.9116529],[75.7880054,26.9116529],[75.7880054,26.911655],[75.7880062,26.911655],[75.7880062,26.9116557],[75.788007,26.9116557],[75.788007,26.9116565],[75.7880078,26.9116565],[75.7880079,26.9116572],[75.7880087,26.9116572],[75.7880087,26.9116586],[75.7880095,26.9116586],[75.7880095,26.9116593],[75.7880103,26.9116593],[75.7880103,26.9116601],[75.7880111,26.9116601],[75.7880111,26.9116608],[75.7880143,26.9116608]]]}},{"type":"Feature","properties":{"building_id":"B-0075","vertices":632},"geometry":{"type":"Polygon","coordinates":[[[75.7879798,26.9119094],[75.7879798,26.9119087],[75.7879814,26.9119087],[75.7879814,26.911908],[75.7879862,26.9119079],[75.7879862,26.9119072],[75.7879878,26.9119072],[75.7879878,26.911905],[75.7879886,26.911905],[75.7879886,26.9119043],[75.7879894,26.9119043],[75.7879894,26.9119036],[75.7879902,26.9119036],[75.7879902,26.9119028],[75.787991,26.9119028],[75.787991,26.9119007],[75.7879918,26.9119007],[75.7879918,26.9118992],[75.7879926,26.9118992],[75.7879926,26.9118978],[75.7879934,26.9118978],[75.7879934,26.9118963],[75.7879942,26.9118963],[75.7879942,26.9118956],[75.787995,26.9118956],[75.787995,26.911892],[75.7879958,26.911892],[75.7879957,26.9118869],[75.7879966,26.9118869],[75.7879965,26.9118848],[75.7879973,26.9118848],[75.7879973,26.9118826],[75.7879981,26.9118826],[75.7879981,26.9118804],[75.7879989,26.9118804],[75.7879989,26.9118797],[75.7879997,26.9118797],[75.7879997,26.911879],[75.7880005,26.911879],[75.7880005,26.9118782],[75.7880013,26.9118782],[75.7880013,26.9118775],[75.7880029,26.9118775],[75.7880029,26.9118761],[75.7880037,26.911876],[75.7880037,26.9118753],[75.7880045,26.9118753],[75.7880045,26.9118739],[75.7880053,26.9118739],[75.7880053,26.9118732],[75.7880061,26.9118731],[75.7880061,26.9118724],[75.7880069,26.9118724],[75.7880069,26.911871],[75.7880077,26.911871],[75.7880077,26.9118702],[75.7880085,26.9118702],[75.7880085,26.9118695],[75.7880093,26.9118695],[75.7880093,26.9118681],[75.7880101,26.9118681],[75.7880101,26.9118666],[75.7880109,26.9118666],[75.7880109,26.9118637],[75.7880117,26.9118637],[75.7880117,26.9118579],[75.7880125,26.9118579],[75.7880124,26.9118551],[75.7880133,26.9118551],[75.7880132,26.9118536],[75.7880124,26.9118536],[75.7880124,26.9118514],[75.7880116,26.9118514],[75.7880116,26.91185],[75.7880108,26.91185],[75.7880108,26.9118493],[75.78801,26.9118493],[75.78801,26.9118486],[75.7880092,26.9118486],[75.7880092,26.9118479],[75.7880068,26.9118479],[75.7880068,26.9118471],[75.7880051,26.9118472],[75.7880051,26.9118464],[75.7880019,26.9118464],[75.7880019,26.9118457],[75.7880011,26.9118457],[75.7880011,26.911845],[75.7880003,26.911845],[75.7880003,26.9118443],[75.7879987,26.9118443],[75.7879987,26.9118436],[75.7879979,26.9118436],[75.7879979,26.9118429],[75.7879971,26.9118429],[75.787997,26.9118421],[75.7879962,26.9118421],[75.7879962,26.9118414],[75.7879946,26.9118414],[75.7879946,26.9118407],[75.7879922,26.9118407],[75.7879922,26.91184],[75.7879914,26.91184],[75.7879914,26.9118393],[75.7879906,26.9118393],[75.7879906,26.9118386],[75.787989,26.9118386],[75.787989,26.9118379],[75.7879874,26.9118379],[75.7879873,26.9118371],[75.7879865,26.9118371],[75.7879865,26.9118364],[75.7879825,26.9118364],[75.7879825,26.911835],[75.7879889,26.911835],[75.7879889,26.9118342],[75.7879905,26.9118342],[75.7879905,26.9118321],[75.7879913,26.9118321],[75.7879913,26.9118313],[75.7879929,26.9118313],[75.7879929,26.9118306],[75.7879937,26.9118306],[75.7879937,26.9118299],[75.7879945,26.9118299],[75.7879945,26.9118277],[75.7879953,26.9118277],[75.7879953,26.911827],[75.7879961,26.911827],[75.7879961,26.9118263],[75.7879969,26.9118263],[75.7879969,26.9118255],[75.7879977,26.9118255],[75.7879977,26.9118241],[75.7879985,26.9118241],[75.7879985,26.9118226],[75.7879993,26.9118226],[75.7879993,26.9118212],[75.7880001,26.9118212],[75.7880001,26.9118197],[75.7880009,26.9118197],[75.7880009,26.9118168],[75.7880017,26.9118168],[75.7880017,26.9118154],[75.7880025,26.9118154],[75.7880025,26.9118147],[75.7880033,26.9118147],[75.7880033,26.9118125],[75.7880041,26.9118125],[75.7880041,26.911811],[75.7880049,26.911811],[75.7880049,26.9118096],[75.7880057,26.9118096],[75.7880057,26.9118081],[75.7880065,26.9118081],[75.7880065,26.9118067],[75.7880073,26.9118067],[75.7880073,26.9118052],[75.7880081,26.9118052],[75.7880081,26.9118024],[75.7880089,26.9118024],[75.7880088,26.9118009],[75.7880097,26.9118009],[75.7880096,26.9117995],[75.7880104,26.9117995],[75.7880104,26.911798],[75.7880112,26.911798],[75.7880112,26.9117973],[75.788012,26.9117973],[75.788012,26.9117951],[75.7880128,26.9117951],[75.7880128,26.9117937],[75.7880136,26.9117937],[75.7880136,26.9117922],[75.7880144,26.9117922],[75.7880144,26.9117908],[75.7880152,26.9117908],[75.7880152,26.9117893],[75.788016,26.9117893],[75.788016,26.9117821],[75.7880152,26.9117821],[75.7880152,26.9117814],[75.7880135,26.9117814],[75.7880135,26.9117807],[75.7880127,26.9117807],[75.7880127,26.9117799],[75.7880119,26.9117799],[75.7880119,26.9117792],[75.7880111,26.9117792],[75.7880111,26.9117785],[75.7880095,26.9117785],[75.7880095,26.9117778],[75.7880079,26.9117778],[75.7880079,26.9117771],[75.7880071,26.9117771],[75.7880071,26.9117764],[75.7880055,26.9117764],[75.7880055,26.9117756],[75.7880038,26.9117757],[75.7880038,26.9117749],[75.788003,26.9117749],[75.788003,26.9117742],[75.7880014,26.9117742],[75.7880014,26.9117735],[75.7879998,26.9117735],[75.7879998,26.9117728],[75.7879982,26.9117728],[75.7879982,26.9117721],[75.7879974,26.9117721],[75.7879974,26.9117714],[75.7879966,26.9117714],[75.7879966,26.9117706],[75.7879949,26.9117706],[75.7879949,26.9117699],[75.7879941,26.9117699],[75.7879941,26.9117692],[75.7879933,26.9117692],[75.7879933,26.9117685],[75.7879917,26.9117685],[75.7879917,26.9117678],[75.7879909,26.9117678],[75.7879909,26.9117671],[75.7879893,26.9117671],[75.7879893,26.9117663],[75.7879877,26.9117664],[75.7879877,26.9117656],[75.7879844,26.9117657],[75.7879844,26.9117649],[75.787982,26.9117649],[75.787982,26.9117642],[75.7879804,26.9117642],[75.7879804,26.9117635],[75.7879788,26.9117635],[75.7879788,26.9117628],[75.7879772,26.9117628],[75.7879772,26.9117621],[75.7879755,26.9117621],[75.7879755,26.9117614],[75.7879747,26.9117614],[75.7879747,26.9117607],[75.7879731,26.9117607],[75.7879731,26.9117599],[75.7879715,26.9117599],[75.7879715,26.9117592],[75.7879707,26.9117592],[75.7879707,26.9117585],[75.7879691,26.9117585],[75.7879691,26.9117578],[75.7879667,26.9117578],[75.7879666,26.9117571],[75.787965,26.9117571],[75.787965,26.9117564],[75.7879634,26.9117564],[75.7879634,26.9117557],[75.7879618,26.9117557],[75.7879618,26.9117549],[75.787961,26.9117549],[75.787961,26.9117542],[75.7879594,26.9117542],[75.7879594,26.9117535],[75.7879578,26.9117535],[75.7879578,26.9117528],[75.7879561,26.9117528],[75.7879561,26.9117521],[75.7879553,26.9117521],[75.7879553,26.9117514],[75.7879537,26.9117514],[75.7879537,26.9117507],[75.7879521,26.9117507],[75.7879521,26.9117499],[75.7879505,26.91175],[75.7879505,26.9117492],[75.7879481,26.9117492],[75.7879481,26.9117485],[75.7879464,26.9117485],[75.7879464,26.9117478],[75.7879448,26.9117478],[75.7879448,26.9117471],[75.787944,26.9117471],[75.787944,26.9117464],[75.7879432,26.9117464],[75.7879432,26.9117457],[75.7879408,26.9117457],[75.7879408,26.911745],[75.7879392,26.911745],[75.7879392,26.9117442],[75.7879384,26.9117442],[75.7879384,26.9117435],[75.7879376,26.9117435],[75.7879375,26.9117428],[75.7879359,26.9117428],[75.7879359,26.9117421],[75.7879343,26.9117421],[75.7879343,26.9117414],[75.7879319,26.9117414],[75.7879319,26.9117407],[75.7879303,26.9117407],[75.7879303,26.91174],[75.7879295,26.91174],[75.7879295,26.9117392],[75.7879287,26.9117392],[75.7879287,26.9117385],[75.7879278,26.9117385],[75.7879278,26.9117378],[75.7879262,26.9117378],[75.7879262,26.9117371],[75.7879254,26.9117371],[75.7879254,26.9117364],[75.7879238,26.9117364],[75.7879238,26.9117357],[75.7879182,26.9117357],[75.7879182,26.9117364],[75.7879174,26.9117364],[75.7879174,26.9117371],[75.7879166,26.9117371],[75.7879166,26.9117386],[75.7879158,26.9117386],[75.7879158,26.9117415],[75.787915,26.9117415],[75.787915,26.9117451],[75.7879142,26.9117451],[75.7879142,26.9117465],[75.7879134,26.9117465],[75.7879134,26.9117487],[75.7879126,26.9117487],[75.7879126,26.9117502],[75.7879118,26.9117502],[75.7879118,26.9117516],[75.787911,26.9117516],[75.787911,26.9117531],[75.7879102,26.9117531],[75.7879102,26.9117545],[75.7879094,26.9117545],[75.7879094,26.9117552],[75.7879086,26.9117552],[75.7879086,26.9117567],[75.7879078,26.9117567],[75.7879078,26.9117581],[75.787907,26.9117581],[75.787907,26.9117596],[75.7879062,26.9117596],[75.7879063,26.911761],[75.7879054,26.911761],[75.7879055,26.9117632],[75.7879047,26.9117632],[75.7879047,26.9117639],[75.7879039,26.9117639],[75.7879039,26.9117654],[75.7879031,26.9117654],[75.7879031,26.9117668],[75.7879023,26.9117668],[75.7879023,26.9117683],[75.7879015,26.9117683],[75.7879015,26.9117697],[75.7879007,26.9117697],[75.7879007,26.9117712],[75.7878999,26.9117712],[75.7878999,26.9117726],[75.7878991,26.9117726],[75.7878991,26.9117741],[75.7878983,26.9117741],[75.7878983,26.9117755],[75.7878975,26.9117755],[75.7878975,26.911777],[75.7878967,26.911777],[75.7878967,26.9117784],[75.7878959,26.9117784],[75.7878959,26.9117791],[75.7878951,26.9117792],[75.7878951,26.9117806],[75.7878943,26.9117806],[75.7878943,26.911782],[75.7878935,26.911782],[75.7878935,26.9117828],[75.7878927,26.9117828],[75.7878927,26.9117842],[75.7878919,26.9117842],[75.7878919,26.9117857],[75.7878911,26.9117857],[75.7878911,26.9117864],[75.7878903,26.9117864],[75.7878903,26.9117871],[75.7878895,26.9117871],[75.7878895,26.9117886],[75.7878887,26.9117886],[75.7878887,26.91179],[75.7878879,26.91179],[75.7878879,26.9117907],[75.7878871,26.9117908],[75.7878871,26.9117915],[75.7878863,26.9117915],[75.7878863,26.9117929],[75.7878855,26.9117929],[75.7878855,26.9117944],[75.7878847,26.9117944],[75.7878847,26.9117958],[75.7878839,26.9117958],[75.787884,26.911798],[75.7878831,26.911798],[75.7878832,26.9117994],[75.7878824,26.9117994],[75.7878824,26.9118009],[75.7878816,26.9118009],[75.7878816,26.9118023],[75.7878808,26.9118023],[75.7878808,26.9118038],[75.78788,26.9118038],[75.78788,26.9118052],[75.7878792,26.9118052],[75.7878792,26.9118067],[75.7878784,26.9118067],[75.7878784,26.9118074],[75.7878776,26.9118074],[75.7878776,26.9118089],[75.7878768,26.9118089],[75.7878768,26.911811],[75.787876,26.911811],[75.787876,26.9118125],[75.7878752,26.9118125],[75.7878752,26.9118147],[75.7878744,26.9118147],[75.7878744,26.9118154],[75.7878736,26.9118154],[75.7878736,26.9118176],[75.7878728,26.9118176],[75.7878728,26.911819],[75.787872,26.911819],[75.787872,26.9118197],[75.7878712,26.9118197],[75.7878712,26.9118212],[75.7878704,26.9118212],[75.7878704,26.9118226],[75.7878696,26.9118226],[75.7878696,26.9118241],[75.7878688,26.9118241],[75.7878688,26.9118262],[75.787868,26.9118262],[75.787868,26.9118277],[75.7878672,26.9118277],[75.7878673,26.9118299],[75.7878664,26.9118299],[75.7878665,26.9118313],[75.7878657,26.9118313],[75.7878657,26.9118328],[75.7878649,26.9118328],[75.7878649,26.9118342],[75.7878641,26.9118342],[75.7878641,26.9118357],[75.7878633,26.9118357],[75.7878633,26.9118371],[75.7878625,26.9118371],[75.7878625,26.9118393],[75.7878617,26.9118393],[75.7878617,26.9118407],[75.7878609,26.9118407],[75.7878609,26.9118451],[75.7878617,26.9118451],[75.7878617,26.9118465],[75.7878625,26.9118465],[75.7878625,26.9118472],[75.7878642,26.9118472],[75.7878642,26.9118479],[75.787865,26.9118479],[75.787865,26.9118487],[75.7878666,26.9118486],[75.7878666,26.9118494],[75.7878674,26.9118494],[75.7878674,26.9118501],[75.7878682,26.9118501],[75.7878682,26.9118508],[75.787869,26.9118508],[75.787869,26.9118515],[75.7878698,26.9118515],[75.7878698,26.9118522],[75.7878706,26.9118522],[75.7878706,26.911853],[75.7878722,26.9118529],[75.7878723,26.9118537],[75.7878739,26.9118537],[75.7878739,26.9118544],[75.7878747,26.9118544],[75.7878747,26.9118551],[75.7878763,26.9118551],[75.7878763,26.9118558],[75.7878771,26.9118558],[75.7878771,26.9118565],[75.7878787,26.9118565],[75.7878787,26.9118572],[75.7878803,26.9118572],[75.7878803,26.911858],[75.7878811,26.911858],[75.7878812,26.9118587],[75.787882,26.9118587],[75.787882,26.9118594],[75.7878828,26.9118594],[75.7878828,26.9118601],[75.7878836,26.9118601],[75.7878836,26.9118623],[75.7878844,26.9118623],[75.7878844,26.911863],[75.7878852,26.911863],[75.7878852,26.9118637],[75.787886,26.9118637],[75.787886,26.9118644],[75.7878868,26.9118644],[75.7878868,26.9118651],[75.7878884,26.9118651],[75.7878885,26.9118659],[75.7878893,26.9118659],[75.7878893,26.9118666],[75.7878909,26.9118666],[75.7878909,26.9118673],[75.7878925,26.9118673],[75.7878925,26.911868],[75.7878933,26.911868],[75.7878933,26.9118687],[75.7878949,26.9118687],[75.7878949,26.9118694],[75.7878965,26.9118694],[75.7878965,26.9118701],[75.7878973,26.9118701],[75.7878973,26.9118709],[75.787899,26.9118709],[75.787899,26.9118716],[75.7878998,26.9118716],[75.7878998,26.9118723],[75.7879014,26.9118723],[75.7879014,26.911873],[75.7879022,26.911873],[75.7879022,26.9118737],[75.787903,26.9118737],[75.787903,26.9118744],[75.7879038,26.9118744],[75.7879038,26.9118752],[75.7879054,26.9118752],[75.7879054,26.9118759],[75.7879071,26.9118759],[75.7879071,26.9118766],[75.7879087,26.9118766],[75.7879087,26.9118773],[75.7879095,26.9118773],[75.7879095,26.911878],[75.7879111,26.911878],[75.7879111,26.9118787],[75.7879127,26.9118787],[75.7879127,26.9118794],[75.7879175,26.9118794],[75.7879175,26.9118787],[75.7879216,26.9118787],[75.7879216,26.9118794],[75.7879232,26.9118794],[75.7879232,26.9118801],[75.7879248,26.9118801],[75.7879248,26.9118808],[75.7879264,26.9118808],[75.7879264,26.9118815],[75.7879272,26.9118815],[75.7879272,26.9118823],[75.7879297,26.9118822],[75.7879297,26.911883],[75.7879313,26.911883],[75.7879313,26.9118837],[75.7879329,26.9118837],[75.7879329,26.9118844],[75.7879345,26.9118844],[75.7879345,26.9118851],[75.7879353,26.9118851],[75.7879353,26.9118858],[75.7879361,26.9118858],[75.7879361,26.9118865],[75.7879377,26.9118865],[75.7879377,26.9118873],[75.7879386,26.9118872],[75.7879386,26.911888],[75.7879394,26.911888],[75.7879394,26.9118887],[75.7879402,26.9118887],[75.7879402,26.9118894],[75.7879418,26.9118894],[75.7879418,26.9118901],[75.7879426,26.9118901],[75.7879426,26.9118908],[75.7879434,26.9118908],[75.7879434,26.9118916],[75.787945,26.9118915],[75.787945,26.9118923],[75.7879466,26.9118923],[75.7879466,26.911893],[75.7879483,26.911893],[75.7879483,26.9118937],[75.7879491,26.9118937],[75.7879491,26.9118951],[75.7879499,26.9118951],[75.7879499,26.9118959],[75.7879515,26.9118958],[75.7879515,26.9118966],[75.7879531,26.9118966],[75.7879531,26.9118973],[75.7879539,26.9118973],[75.7879539,26.911898],[75.7879563,26.911898],[75.7879564,26.9118987],[75.7879572,26.9118987],[75.7879572,26.9118994],[75.787958,26.9118994],[75.787958,26.9119001],[75.7879588,26.9119001],[75.7879588,26.9119009],[75.7879596,26.9119009],[75.7879596,26.9119016],[75.7879612,26.9119016],[75.7879612,26.9119023],[75.787962,26.9119023],[75.787962,26.911903],[75.7879628,26.911903],[75.7879628,26.9119037],[75.7879644,26.9119037],[75.7879645,26.9119044],[75.7879661,26.9119044],[75.7879661,26.9119052],[75.7879669,26.9119051],[75.7879669,26.9119059],[75.7879677,26.9119059],[75.7879677,26.9119066],[75.7879685,26.9119066],[75.7879685,26.9119073],[75.7879701,26.9119073],[75.7879701,26.911908],[75.7879717,26.911908],[75.7879717,26.9119087],[75.787975,26.9119087],[75.787975,26.9119094],[75.7879798,26.9119094]]]}},{"type":"Feature","properties":{"building_id":"B-0030","vertices":744},"geometry":{"type":"Polygon","coordinates":[[[75.7881699,26.9122565],[75.7881699,26.9122558],[75.7881715,26.9122557],[75.7881715,26.912255],[75.7881723,26.912255],[75.7881723,26.9122543],[75.7881731,26.9122543],[75.7881731,26.9122536],[75.7881739,26.9122536],[75.7881739,26.9122528],[75.7881747,26.9122528],[75.7881747,26.9122514],[75.7881763,26.9122514],[75.7881763,26.9122507],[75.7881771,26.9122507],[75.7881771,26.9122499],[75.7881779,26.9122499],[75.7881779,26.9122492],[75.7881787,26.9122492],[75.7881787,26.9122478],[75.7881803,26.9122477],[75.7881803,26.912247],[75.7881811,26.912247],[75.7881811,26.9122463],[75.7881819,26.9122463],[75.7881819,26.9122456],[75.7881827,26.9122456],[75.7881827,26.9122448],[75.7881835,26.9122448],[75.7881835,26.9122441],[75.7881843,26.9122441],[75.7881843,26.9122434],[75.7881851,26.9122434],[75.7881851,26.9122427],[75.7881859,26.9122427],[75.7881859,26.9122419],[75.7881867,26.9122419],[75.7881867,26.9122412],[75.7881875,26.9122412],[75.7881875,26.9122398],[75.7881883,26.9122398],[75.7881883,26.912239],[75.7881891,26.912239],[75.7881891,26.9122383],[75.7881907,26.9122383],[75.7881907,26.9122376],[75.7881915,26.9122376],[75.7881915,26.9122369],[75.7881923,26.9122368],[75.7881923,26.9122361],[75.7881931,26.9122361],[75.7881931,26.9122354],[75.7881939,26.9122354],[75.7881939,26.9122347],[75.7881947,26.9122347],[75.7881947,26.9122339],[75.7881955,26.9122339],[75.7881955,26.9122332],[75.7881963,26.9122332],[75.7881963,26.9122318],[75.7881979,26.9122318],[75.7881979,26.912231],[75.7881987,26.912231],[75.7881987,26.9122303],[75.7881995,26.9122303],[75.7881995,26.9122296],[75.7882003,26.9122296],[75.7882003,26.9122289],[75.7882011,26.9122289],[75.7882011,26.9122281],[75.788202,26.9122281],[75.7882019,26.9122274],[75.7882028,26.9122274],[75.7882027,26.9122267],[75.7882036,26.9122267],[75.7882035,26.912226],[75.7882044,26.9122259],[75.7882043,26.9122252],[75.7882052,26.9122252],[75.7882051,26.9122238],[75.7882059,26.9122238],[75.7882059,26.9122151],[75.7882067,26.9122151],[75.7882067,26.9122144],[75.7882075,26.9122144],[75.7882075,26.9122137],[75.7882083,26.9122136],[75.7882083,26.9122129],[75.7882091,26.9122129],[75.7882091,26.9122122],[75.7882099,26.9122122],[75.7882099,26.9122107],[75.7882107,26.9122107],[75.7882107,26.91221],[75.7882115,26.91221],[75.7882115,26.9122093],[75.7882123,26.9122093],[75.7882123,26.9122086],[75.7882131,26.9122086],[75.7882131,26.9122078],[75.7882139,26.9122078],[75.7882139,26.9122071],[75.7882147,26.9122071],[75.7882147,26.9122064],[75.7882155,26.9122064],[75.7882155,26.9122057],[75.7882163,26.9122057],[75.7882163,26.9122049],[75.7882171,26.9122049],[75.7882171,26.9122042],[75.7882179,26.9122042],[75.7882179,26.9122035],[75.7882187,26.9122035],[75.7882187,26.9122028],[75.7882195,26.9122027],[75.7882195,26.912202],[75.7882203,26.912202],[75.7882203,26.9122013],[75.7882211,26.9122013],[75.7882211,26.9122006],[75.7882219,26.9122006],[75.7882219,26.9121998],[75.7882227,26.9121998],[75.7882227,26.9121984],[75.7882235,26.9121984],[75.7882235,26.9121977],[75.7882243,26.9121977],[75.7882243,26.9121969],[75.7882251,26.9121969],[75.7882251,26.9121962],[75.7882259,26.9121962],[75.7882259,26.9121955],[75.7882267,26.9121955],[75.7882267,26.9121948],[75.7882275,26.9121948],[75.7882275,26.9121926],[75.7882283,26.9121926],[75.7882283,26.9121919],[75.7882291,26.9121919],[75.7882291,26.9121911],[75.7882307,26.9121911],[75.7882307,26.9121904],[75.7882315,26.9121904],[75.7882315,26.912189],[75.7882323,26.912189],[75.7882323,26.9121882],[75.7882331,26.9121882],[75.7882331,26.9121875],[75.7882339,26.9121875],[75.7882339,26.9121868],[75.7882355,26.9121868],[75.7882355,26.9121853],[75.7882363,26.9121853],[75.7882363,26.9121846],[75.7882371,26.9121846],[75.7882371,26.9121839],[75.7882379,26.9121839],[75.7882379,26.9121831],[75.7882395,26.9121831],[75.7882395,26.9121824],[75.7882403,26.9121824],[75.7882403,26.912181],[75.7882411,26.912181],[75.7882411,26.9121802],[75.7882419,26.9121802],[75.7882419,26.9121795],[75.7882427,26.9121795],[75.7882427,26.9121788],[75.7882443,26.9121788],[75.7882443,26.9121781],[75.7882451,26.9121781],[75.7882451,26.9121766],[75.7882459,26.9121766],[75.7882459,26.9121752],[75.7882467,26.9121752],[75.7882467,26.9121687],[75.7882458,26.9121687],[75.7882458,26.9121665],[75.788245,26.9121665],[75.788245,26.9121636],[75.7882442,26.9121636],[75.7882442,26.9121622],[75.7882434,26.9121622],[75.7882434,26.9121578],[75.7882442,26.9121578],[75.7882442,26.9121564],[75.788245,26.9121564],[75.7882449,26.9121506],[75.7882441,26.9121506],[75.7882441,26.9121484],[75.7882433,26.9121484],[75.7882433,26.9121477],[75.7882425,26.9121477],[75.7882425,26.912147],[75.7882417,26.912147],[75.7882417,26.9121463],[75.7882409,26.9121463],[75.7882408,26.9121449],[75.78824,26.9121449],[75.78824,26.9121434],[75.7882392,26.9121434],[75.7882392,26.9121427],[75.7882384,26.9121427],[75.7882384,26.912142],[75.7882376,26.912142],[75.7882376,26.9121413],[75.7882368,26.9121413],[75.7882368,26.9121405],[75.788236,26.9121405],[75.788236,26.9121398],[75.7882352,26.9121398],[75.7882352,26.9121391],[75.7882344,26.9121391],[75.7882344,26.9121384],[75.7882327,26.9121384],[75.7882327,26.9121377],[75.7882319,26.9121377],[75.7882319,26.9121362],[75.7882311,26.9121362],[75.7882311,26.9121341],[75.7882303,26.9121341],[75.7882303,26.9121312],[75.7882295,26.9121312],[75.7882295,26.9121297],[75.7882287,26.9121298],[75.7882286,26.9121283],[75.7882278,26.9121283],[75.7882278,26.9121269],[75.788227,26.9121269],[75.788227,26.9121254],[75.7882262,26.9121254],[75.7882262,26.9121247],[75.7882254,26.9121247],[75.7882254,26.912124],[75.7882246,26.912124],[75.7882246,26.9121233],[75.788223,26.9121233],[75.788223,26.9121226],[75.7882222,26.9121226],[75.7882222,26.9121218],[75.7882214,26.9121218],[75.7882213,26.9121204],[75.7882205,26.9121204],[75.7882205,26.9121197],[75.7882197,26.9121197],[75.7882197,26.912119],[75.7882189,26.912119],[75.7882189,26.9121182],[75.7882181,26.9121183],[75.788218,26.9121089],[75.7882172,26.9121089],[75.7882172,26.9121067],[75.7882164,26.9121067],[75.7882164,26.912106],[75.7882156,26.912106],[75.7882156,26.9121045],[75.7882148,26.9121045],[75.7882148,26.9121031],[75.788214,26.9121031],[75.788214,26.9121024],[75.7882132,26.9121024],[75.7882131,26.9120995],[75.7882123,26.9120995],[75.7882123,26.9120988],[75.7882115,26.9120988],[75.7882115,26.9120981],[75.7882099,26.9120981],[75.7882099,26.9120966],[75.7882091,26.9120966],[75.7882091,26.9120945],[75.7882083,26.9120945],[75.7882083,26.912093],[75.7882075,26.912093],[75.7882075,26.9120923],[75.7882066,26.9120923],[75.7882066,26.9120916],[75.7882058,26.9120916],[75.7882058,26.9120909],[75.788205,26.9120909],[75.788205,26.9120902],[75.7882042,26.9120902],[75.7882042,26.9120887],[75.7882034,26.9120887],[75.7882034,26.9120858],[75.7882026,26.9120858],[75.7882026,26.9120844],[75.788201,26.9120844],[75.7882009,26.912083],[75.7882001,26.912083],[75.7882001,26.9120815],[75.7881993,26.9120815],[75.7881993,26.9120801],[75.7881985,26.9120801],[75.7881985,26.9120794],[75.7881977,26.9120794],[75.7881977,26.9120786],[75.7881969,26.9120786],[75.7881969,26.9120779],[75.7881961,26.9120779],[75.7881961,26.9120772],[75.7881953,26.9120772],[75.7881953,26.9120758],[75.7881944,26.9120758],[75.7881944,26.9120743],[75.7881936,26.9120743],[75.7881936,26.9120736],[75.7881928,26.9120736],[75.7881928,26.9120729],[75.788192,26.9120729],[75.788192,26.9120722],[75.7881912,26.9120722],[75.7881912,26.9120707],[75.7881904,26.9120707],[75.7881904,26.91207],[75.7881847,26.91207],[75.7881847,26.9120708],[75.7881831,26.9120708],[75.7881831,26.9120715],[75.7881823,26.9120715],[75.7881823,26.9120722],[75.7881815,26.9120722],[75.7881815,26.912073],[75.7881807,26.912073],[75.7881807,26.9120737],[75.7881799,26.9120737],[75.7881799,26.9120744],[75.7881791,26.9120744],[75.7881791,26.9120751],[75.7881775,26.9120751],[75.7881775,26.9120759],[75.7881767,26.9120759],[75.7881767,26.9120766],[75.7881759,26.9120766],[75.7881759,26.9120773],[75.7881751,26.9120773],[75.7881751,26.912078],[75.7881743,26.9120781],[75.7881743,26.9120788],[75.7881735,26.9120788],[75.7881735,26.9120795],[75.7881727,26.9120795],[75.7881727,26.9120809],[75.7881719,26.912081],[75.7881719,26.9120817],[75.7881711,26.9120817],[75.7881711,26.9120824],[75.7881695,26.9120824],[75.7881695,26.9120831],[75.7881687,26.9120831],[75.7881687,26.9120839],[75.7881679,26.9120839],[75.7881679,26.9120846],[75.7881671,26.9120846],[75.7881671,26.9120853],[75.7881663,26.9120853],[75.7881663,26.912086],[75.7881655,26.912086],[75.7881655,26.9120868],[75.7881647,26.9120868],[75.7881647,26.9120875],[75.7881639,26.9120875],[75.7881639,26.9120882],[75.7881631,26.9120882],[75.7881631,26.9120889],[75.7881623,26.912089],[75.7881623,26.9120897],[75.7881615,26.9120897],[75.7881615,26.9120904],[75.7881607,26.9120904],[75.7881607,26.9120911],[75.7881591,26.9120911],[75.7881591,26.9120919],[75.7881583,26.9120919],[75.7881583,26.9120926],[75.7881575,26.9120926],[75.7881575,26.9120933],[75.7881567,26.9120933],[75.7881567,26.912094],[75.7881559,26.912094],[75.7881559,26.9120948],[75.7881551,26.9120948],[75.7881551,26.9120955],[75.7881543,26.9120955],[75.7881543,26.9120962],[75.7881535,26.9120962],[75.7881535,26.9120969],[75.7881527,26.912097],[75.7881527,26.9120977],[75.7881519,26.9120977],[75.7881519,26.9120984],[75.7881511,26.9120984],[75.7881511,26.9120991],[75.7881503,26.9120991],[75.7881503,26.9120999],[75.7881495,26.9120999],[75.7881495,26.9121006],[75.7881487,26.9121006],[75.7881487,26.9121013],[75.7881479,26.9121013],[75.7881479,26.912102],[75.7881471,26.912102],[75.7881471,26.9121028],[75.7881463,26.9121028],[75.7881463,26.9121035],[75.7881455,26.9121035],[75.7881455,26.9121042],[75.7881447,26.9121042],[75.7881447,26.9121049],[75.7881439,26.9121049],[75.7881439,26.9121057],[75.7881423,26.9121057],[75.7881423,26.9121064],[75.7881415,26.9121064],[75.7881415,26.9121071],[75.7881407,26.9121071],[75.7881407,26.9121079],[75.7881399,26.9121079],[75.7881399,26.9121093],[75.7881391,26.9121093],[75.7881391,26.9121107],[75.7881383,26.9121108],[75.7881383,26.9121115],[75.7881367,26.9121115],[75.7881367,26.9121129],[75.7881359,26.9121129],[75.7881359,26.9121137],[75.7881351,26.9121137],[75.7881351,26.9121144],[75.7881343,26.9121144],[75.7881343,26.9121151],[75.7881335,26.9121151],[75.7881335,26.9121158],[75.7881327,26.9121158],[75.7881327,26.912118],[75.7881319,26.912118],[75.7881319,26.9121195],[75.7881311,26.9121195],[75.7881311,26.9121202],[75.7881303,26.9121202],[75.7881303,26.9121209],[75.7881295,26.9121209],[75.7881295,26.9121216],[75.7881287,26.9121216],[75.7881287,26.9121224],[75.7881279,26.9121224],[75.7881279,26.9121231],[75.7881271,26.9121231],[75.7881271,26.9121238],[75.7881263,26.9121238],[75.7881263,26.9121245],[75.7881255,26.9121245],[75.7881255,26.9121253],[75.7881247,26.9121253],[75.7881247,26.9121267],[75.7881239,26.9121267],[75.7881239,26.9121274],[75.7881231,26.9121275],[75.7881231,26.9121289],[75.7881223,26.9121289],[75.7881223,26.9121296],[75.7881215,26.9121296],[75.7881215,26.9121311],[75.7881207,26.9121311],[75.7881207,26.9121332],[75.7881199,26.9121332],[75.7881199,26.9121354],[75.7881191,26.9121354],[75.7881191,26.9121369],[75.7881183,26.9121369],[75.7881183,26.9121383],[75.7881175,26.9121383],[75.7881175,26.9121398],[75.7881167,26.9121398],[75.7881167,26.9121405],[75.7881159,26.9121405],[75.7881159,26.9121412],[75.7881151,26.9121412],[75.7881152,26.9121427],[75.7881143,26.9121427],[75.7881144,26.9121441],[75.7881136,26.9121441],[75.7881136,26.9121448],[75.7881127,26.9121448],[75.7881128,26.9121456],[75.7881119,26.9121456],[75.788112,26.9121463],[75.7881111,26.9121463],[75.7881112,26.912147],[75.7881103,26.912147],[75.7881104,26.9121477],[75.7881095,26.9121477],[75.7881096,26.9121485],[75.7881087,26.9121485],[75.7881088,26.9121499],[75.788108,26.9121499],[75.788108,26.9121506],[75.7881072,26.9121507],[75.7881072,26.9121514],[75.7881055,26.9121514],[75.7881055,26.9121521],[75.7881047,26.9121521],[75.7881048,26.9121536],[75.7881039,26.9121536],[75.788104,26.9121543],[75.7881023,26.9121543],[75.7881023,26.912155],[75.7881015,26.912155],[75.7881015,26.9121557],[75.7880999,26.9121557],[75.7880999,26.9121572],[75.7880991,26.9121572],[75.7880991,26.9121579],[75.7880975,26.9121579],[75.7880975,26.9121587],[75.7880967,26.9121587],[75.7880967,26.9121594],[75.7880959,26.9121594],[75.7880959,26.9121601],[75.7880951,26.9121601],[75.7880951,26.9121616],[75.7880943,26.9121616],[75.7880943,26.9121623],[75.7880935,26.9121623],[75.7880935,26.912163],[75.7880919,26.912163],[75.7880919,26.9121637],[75.7880911,26.9121637],[75.7880911,26.9121645],[75.7880903,26.9121645],[75.7880903,26.9121659],[75.7880895,26.9121659],[75.7880895,26.9121666],[75.7880887,26.9121666],[75.7880887,26.9121681],[75.7880895,26.9121681],[75.7880896,26.9121695],[75.7880904,26.9121695],[75.7880904,26.912171],[75.7880912,26.912171],[75.7880912,26.9121717],[75.788092,26.9121717],[75.788092,26.9121724],[75.7880928,26.9121724],[75.7880928,26.9121731],[75.7880936,26.9121731],[75.7880936,26.9121738],[75.7880952,26.9121738],[75.7880952,26.9121746],[75.788096,26.9121745],[75.788096,26.9121753],[75.7880968,26.9121753],[75.7880969,26.912176],[75.7880977,26.912176],[75.7880977,26.9121774],[75.7880985,26.9121774],[75.7880985,26.9121781],[75.7880993,26.9121781],[75.7880993,26.9121789],[75.7881001,26.9121789],[75.7881001,26.9121796],[75.7881009,26.9121796],[75.7881009,26.9121803],[75.7881017,26.9121803],[75.7881017,26.912181],[75.7881033,26.912181],[75.7881033,26.9121817],[75.7881041,26.9121817],[75.7881041,26.9121824],[75.788105,26.9121824],[75.788105,26.9121832],[75.7881058,26.9121832],[75.7881058,26.9121839],[75.7881066,26.9121839],[75.7881066,26.9121846],[75.7881082,26.9121846],[75.7881082,26.9121853],[75.788109,26.9121853],[75.788109,26.912186],[75.7881098,26.912186],[75.7881098,26.9121868],[75.7881106,26.9121867],[75.7881106,26.9121875],[75.7881114,26.9121875],[75.7881114,26.9121882],[75.7881122,26.9121882],[75.7881122,26.9121889],[75.7881131,26.9121889],[75.7881131,26.9121896],[75.7881139,26.9121896],[75.7881139,26.9121903],[75.7881147,26.9121903],[75.7881147,26.9121911],[75.7881163,26.912191],[75.7881163,26.9121918],[75.7881171,26.9121918],[75.7881171,26.9121925],[75.7881179,26.9121925],[75.7881179,26.9121932],[75.7881187,26.9121932],[75.7881187,26.9121939],[75.7881195,26.9121939],[75.7881195,26.9121946],[75.7881203,26.9121946],[75.7881204,26.9121954],[75.7881212,26.9121954],[75.7881212,26.9121961],[75.788122,26.9121961],[75.788122,26.9121968],[75.7881228,26.9121968],[75.7881228,26.9121975],[75.7881236,26.9121975],[75.7881236,26.9121982],[75.7881244,26.9121982],[75.7881244,26.9121989],[75.7881252,26.9121989],[75.7881252,26.9121997],[75.788126,26.9121997],[75.788126,26.9122004],[75.7881268,26.9122004],[75.7881268,26.9122018],[75.7881276,26.9122018],[75.7881277,26.9122033],[75.7881285,26.9122033],[75.7881285,26.9122047],[75.7881293,26.9122047],[75.7881293,26.9122061],[75.7881301,26.9122061],[75.7881301,26.9122069],[75.7881309,26.9122069],[75.7881309,26.9122083],[75.7881317,26.9122083],[75.7881317,26.912209],[75.7881325,26.912209],[75.7881325,26.9122097],[75.7881333,26.9122097],[75.7881333,26.9122105],[75.7881342,26.9122104],[75.7881342,26.9122112],[75.788135,26.9122112],[75.788135,26.9122119],[75.7881358,26.9122119],[75.7881358,26.9122126],[75.7881366,26.9122126],[75.7881366,26.9122133],[75.7881374,26.9122133],[75.7881374,26.912214],[75.7881382,26.912214],[75.7881382,26.9122148],[75.7881398,26.9122148],[75.7881398,26.9122155],[75.7881414,26.9122155],[75.7881414,26.9122162],[75.7881422,26.9122162],[75.7881423,26.9122169],[75.7881431,26.9122169],[75.7881431,26.9122176],[75.7881439,26.9122176],[75.7881439,26.9122183],[75.7881455,26.9122183],[75.7881455,26.9122191],[75.7881463,26.912219],[75.7881463,26.9122198],[75.7881471,26.9122198],[75.7881471,26.9122205],[75.7881479,26.9122205],[75.7881479,26.9122212],[75.7881487,26.9122212],[75.7881487,26.9122219],[75.7881495,26.9122219],[75.7881495,26.9122226],[75.7881512,26.9122226],[75.7881512,26.9122234],[75.788152,26.9122233],[75.788152,26.9122241],[75.7881528,26.9122241],[75.7881528,26.9122248],[75.7881536,26.9122248],[75.7881536,26.9122255],[75.7881544,26.9122255],[75.7881544,26.9122262],[75.7881552,26.9122262],[75.7881552,26.9122269],[75.788156,26.9122269],[75.788156,26.9122277],[75.7881568,26.9122277],[75.7881568,26.9122284],[75.7881576,26.9122284],[75.7881576,26.9122291],[75.7881585,26.9122291],[75.7881585,26.9122298],[75.7881593,26.9122298],[75.7881593,26.9122305],[75.7881601,26.9122305],[75.7881601,26.9122312],[75.7881609,26.9122312],[75.7881609,26.9122349],[75.7881601,26.9122349],[75.7881601,26.9122363],[75.7881593,26.9122363],[75.7881593,26.912237],[75.7881585,26.912237],[75.7881585,26.9122378],[75.7881577,26.9122378],[75.7881577,26.9122385],[75.7881569,26.9122385],[75.7881569,26.9122392],[75.7881561,26.9122392],[75.7881561,26.9122407],[75.7881553,26.9122407],[75.7881553,26.9122414],[75.7881545,26.9122414],[75.7881545,26.9122421],[75.7881537,26.9122421],[75.7881537,26.9122428],[75.7881529,26.9122428],[75.7881529,26.9122457],[75.7881537,26.9122457],[75.7881537,26.9122465],[75.7881545,26.9122464],[75.7881546,26.9122479],[75.7881554,26.9122479],[75.7881554,26.9122486],[75.7881562,26.9122486],[75.7881562,26.9122493],[75.788157,26.9122493],[75.788157,26.91225],[75.7881578,26.91225],[75.7881578,26.9122508],[75.7881586,26.9122508],[75.7881586,26.9122515],[75.7881594,26.9122515],[75.7881594,26.9122522],[75.7881602,26.9122522],[75.7881602,26.9122529],[75.788161,26.9122529],[75.788161,26.9122536],[75.7881627,26.9122536],[75.7881627,26.9122543],[75.7881635,26.9122543],[75.7881635,26.9122551],[75.7881643,26.9122551],[75.7881643,26.9122558],[75.7881659,26.9122558],[75.7881659,26.9122565],[75.7881699,26.9122565]]]}},{"type":"Feature","properties":{"building_id":"B-0079","vertices":550},"geometry":{"type":"Polygon","coordinates":[[[75.7878079,26.9118641],[75.7878079,26.9118634],[75.7878111,26.9118634],[75.7878111,26.9118627],[75.7878127,26.9118627],[75.7878127,26.9118619],[75.7878151,26.9118619],[75.7878151,26.9118612],[75.7878159,26.9118612],[75.7878159,26.9118605],[75.7878167,26.9118605],[75.7878167,26.9118598],[75.7878175,26.9118598],[75.7878175,26.911859],[75.7878183,26.911859],[75.7878183,26.9118576],[75.7878191,26.9118576],[75.7878191,26.9118569],[75.7878199,26.9118569],[75.7878199,26.9118561],[75.7878207,26.9118561],[75.7878207,26.9118547],[75.7878215,26.9118547],[75.7878215,26.9118532],[75.7878223,26.9118532],[75.7878223,26.9118503],[75.7878231,26.9118503],[75.7878231,26.9118496],[75.7878239,26.9118496],[75.7878239,26.9118482],[75.7878247,26.9118482],[75.7878247,26.9118474],[75.7878255,26.9118474],[75.7878255,26.911846],[75.7878263,26.911846],[75.7878263,26.9118438],[75.7878271,26.9118438],[75.7878271,26.9118424],[75.7878279,26.9118424],[75.7878279,26.9118409],[75.7878287,26.9118409],[75.7878287,26.9118402],[75.7878295,26.9118402],[75.7878295,26.9118395],[75.7878303,26.9118395],[75.7878303,26.911838],[75.7878311,26.911838],[75.787831,26.9118366],[75.7878319,26.9118366],[75.7878318,26.9118344],[75.7878326,26.9118344],[75.7878326,26.9118329],[75.7878334,26.9118329],[75.7878334,26.9118322],[75.7878342,26.9118322],[75.7878342,26.9118315],[75.787835,26.9118315],[75.787835,26.9118293],[75.7878358,26.9118293],[75.7878358,26.9118279],[75.7878366,26.9118279],[75.7878366,26.9118264],[75.7878374,26.9118264],[75.7878374,26.911825],[75.7878382,26.911825],[75.7878382,26.9118242],[75.787839,26.9118242],[75.787839,26.9118228],[75.7878398,26.9118228],[75.7878398,26.9118206],[75.7878406,26.9118206],[75.7878406,26.9118192],[75.7878414,26.9118192],[75.7878414,26.9118177],[75.7878422,26.9118177],[75.7878422,26.9118163],[75.787843,26.9118163],[75.787843,26.9118156],[75.7878438,26.9118156],[75.7878438,26.9118134],[75.7878446,26.9118134],[75.7878446,26.9118112],[75.7878454,26.9118112],[75.7878454,26.9118098],[75.7878462,26.9118098],[75.7878462,26.9118083],[75.787847,26.9118083],[75.787847,26.9118076],[75.7878478,26.9118076],[75.7878478,26.9118061],[75.7878486,26.9118061],[75.7878485,26.911804],[75.7878493,26.911804],[75.7878493,26.9118011],[75.7878501,26.9118011],[75.7878501,26.9117996],[75.7878509,26.9117996],[75.7878509,26.9117989],[75.7878517,26.9117989],[75.7878516,26.9117859],[75.7878492,26.9117859],[75.7878492,26.9117852],[75.7878452,26.9117852],[75.7878452,26.9117845],[75.7878436,26.9117845],[75.7878436,26.9117838],[75.7878428,26.9117838],[75.7878428,26.9117823],[75.7878395,26.9117824],[75.7878395,26.9117816],[75.7878387,26.9117816],[75.7878387,26.9117809],[75.7878363,26.9117809],[75.7878363,26.9117802],[75.7878339,26.9117802],[75.7878339,26.9117795],[75.7878323,26.9117795],[75.7878323,26.9117788],[75.7878298,26.9117788],[75.7878298,26.9117781],[75.7878258,26.9117781],[75.7878258,26.9117766],[75.7878242,26.9117767],[75.7878242,26.9117759],[75.7878218,26.9117759],[75.7878218,26.9117745],[75.7878209,26.9117745],[75.7878209,26.9117738],[75.7878201,26.9117738],[75.7878201,26.9117731],[75.7878185,26.9117731],[75.7878185,26.9117724],[75.7878169,26.9117724],[75.7878169,26.9117716],[75.7878153,26.9117717],[75.7878153,26.9117709],[75.7878129,26.9117709],[75.7878129,26.9117702],[75.7878121,26.9117702],[75.7878121,26.9117695],[75.7878112,26.9117695],[75.7878112,26.9117688],[75.7878096,26.9117688],[75.7878096,26.9117681],[75.7878072,26.9117681],[75.7878072,26.9117674],[75.7878056,26.9117674],[75.7878056,26.9117667],[75.787804,26.9117667],[75.787804,26.9117659],[75.7878032,26.9117659],[75.7878032,26.9117652],[75.7878024,26.9117652],[75.7878023,26.9117645],[75.7877999,26.9117645],[75.7877999,26.9117638],[75.7877975,26.9117638],[75.7877975,26.9117631],[75.7877951,26.9117631],[75.7877951,26.9117624],[75.7877943,26.9117624],[75.7877943,26.9117617],[75.7877927,26.9117617],[75.7877927,26.9117609],[75.7877918,26.9117609],[75.7877918,26.9117602],[75.7877902,26.9117602],[75.7877902,26.9117595],[75.7877894,26.9117595],[75.7877894,26.9117588],[75.7877886,26.9117588],[75.7877886,26.9117581],[75.787787,26.9117581],[75.787787,26.9117574],[75.7877854,26.9117574],[75.7877854,26.9117567],[75.7877846,26.9117567],[75.7877846,26.9117559],[75.7877838,26.9117559],[75.7877838,26.9117552],[75.7877829,26.9117552],[75.7877829,26.9117545],[75.7877813,26.9117545],[75.7877813,26.9117538],[75.7877805,26.9117538],[75.7877805,26.9117531],[75.7877789,26.9117531],[75.7877789,26.9117524],[75.7877773,26.9117524],[75.7877773,26.9117516],[75.7877749,26.9117517],[75.7877749,26.9117509],[75.7877733,26.9117509],[75.7877732,26.9117502],[75.7877716,26.9117502],[75.7877716,26.9117495],[75.7877708,26.9117495],[75.7877708,26.9117488],[75.78777,26.9117488],[75.78777,26.9117481],[75.7877676,26.9117481],[75.7877676,26.9117474],[75.7877668,26.9117474],[75.7877668,26.9117466],[75.7877652,26.9117467],[75.7877652,26.9117459],[75.7877619,26.9117459],[75.7877619,26.9117452],[75.7877603,26.9117452],[75.7877603,26.9117445],[75.7877587,26.9117445],[75.7877587,26.9117438],[75.7877579,26.9117438],[75.7877579,26.9117431],[75.7877563,26.9117431],[75.7877563,26.9117424],[75.7877547,26.9117424],[75.7877547,26.9117417],[75.787753,26.9117417],[75.787753,26.9117409],[75.7877514,26.911741],[75.7877514,26.9117402],[75.787749,26.9117402],[75.787749,26.9117395],[75.7877474,26.9117395],[75.7877474,26.9117388],[75.787745,26.9117388],[75.787745,26.9117381],[75.7877434,26.9117381],[75.7877433,26.9117374],[75.7877409,26.9117374],[75.7877409,26.9117367],[75.7877401,26.9117367],[75.7877401,26.911736],[75.7877393,26.911736],[75.7877393,26.9117352],[75.7877385,26.9117352],[75.7877385,26.9117345],[75.7877369,26.9117345],[75.7877369,26.9117338],[75.7877353,26.9117338],[75.7877353,26.9117331],[75.7877345,26.9117331],[75.7877344,26.9117324],[75.787732,26.9117324],[75.787732,26.9117317],[75.7877304,26.9117317],[75.7877304,26.911731],[75.787728,26.911731],[75.787728,26.9117302],[75.7877264,26.9117303],[75.7877264,26.9117295],[75.7877248,26.9117295],[75.7877248,26.9117288],[75.7877231,26.9117288],[75.7877231,26.9117281],[75.7877215,26.9117281],[75.7877215,26.9117274],[75.7877207,26.9117274],[75.7877207,26.9117267],[75.7877191,26.9117267],[75.7877191,26.911726],[75.7877167,26.911726],[75.7877167,26.9117253],[75.7877159,26.9117253],[75.7877159,26.9117245],[75.7877143,26.9117245],[75.7877142,26.9117238],[75.7877118,26.9117238],[75.7877118,26.9117231],[75.7877102,26.9117231],[75.7877102,26.9117224],[75.7877078,26.9117224],[75.7877078,26.9117217],[75.7876981,26.9117217],[75.7876981,26.9117225],[75.7876973,26.9117225],[75.7876973,26.9117232],[75.7876965,26.9117232],[75.7876965,26.9117246],[75.7876957,26.9117247],[75.7876957,26.9117261],[75.7876949,26.9117261],[75.7876949,26.9117268],[75.7876941,26.9117268],[75.7876941,26.9117297],[75.7876933,26.9117297],[75.7876934,26.9117319],[75.7876926,26.9117319],[75.7876926,26.9117333],[75.7876918,26.9117333],[75.7876918,26.9117348],[75.787691,26.9117348],[75.787691,26.9117362],[75.7876902,26.9117362],[75.7876902,26.9117377],[75.7876894,26.9117377],[75.7876894,26.9117399],[75.7876886,26.9117399],[75.7876886,26.9117413],[75.7876878,26.9117413],[75.7876878,26.9117428],[75.787687,26.9117428],[75.787687,26.9117442],[75.7876862,26.9117442],[75.7876862,26.9117456],[75.7876854,26.9117457],[75.7876854,26.9117471],[75.7876846,26.9117471],[75.7876846,26.9117493],[75.7876838,26.9117493],[75.7876838,26.9117507],[75.787683,26.9117507],[75.787683,26.9117514],[75.7876822,26.9117514],[75.7876822,26.9117522],[75.7876806,26.9117522],[75.7876806,26.9117529],[75.7876798,26.9117529],[75.7876798,26.9117536],[75.7876782,26.9117536],[75.7876782,26.9117544],[75.7876766,26.9117544],[75.7876766,26.9117551],[75.7876758,26.9117551],[75.7876758,26.9117558],[75.787675,26.9117558],[75.787675,26.9117573],[75.7876742,26.9117573],[75.7876742,26.9117587],[75.7876734,26.9117587],[75.7876734,26.9117602],[75.7876726,26.9117602],[75.7876727,26.9117667],[75.7876735,26.9117667],[75.7876735,26.9117681],[75.7876743,26.9117681],[75.7876743,26.9117717],[75.7876735,26.9117717],[75.7876735,26.9117732],[75.7876727,26.9117732],[75.7876727,26.9117746],[75.7876719,26.9117746],[75.7876719,26.9117775],[75.7876711,26.9117775],[75.7876711,26.9117804],[75.7876703,26.9117804],[75.7876703,26.9117819],[75.7876695,26.9117819],[75.7876695,26.9117826],[75.7876687,26.9117826],[75.7876687,26.9117833],[75.7876679,26.9117833],[75.7876679,26.911784],[75.7876671,26.911784],[75.7876671,26.9117862],[75.7876663,26.9117862],[75.7876664,26.9117877],[75.7876655,26.9117877],[75.7876656,26.9117891],[75.7876648,26.9117891],[75.7876648,26.9117898],[75.787664,26.9117898],[75.787664,26.9117913],[75.7876632,26.9117913],[75.7876632,26.9117927],[75.7876624,26.9117927],[75.7876624,26.9117956],[75.7876632,26.9117956],[75.7876632,26.9117971],[75.787664,26.9117971],[75.787664,26.9117978],[75.7876664,26.9117978],[75.7876664,26.9117985],[75.7876672,26.9117985],[75.7876672,26.9117992],[75.787668,26.9117992],[75.787668,26.9117999],[75.7876689,26.9117999],[75.7876689,26.9118006],[75.7876713,26.9118006],[75.7876713,26.9118013],[75.7876721,26.9118013],[75.7876721,26.9118021],[75.7876737,26.9118021],[75.7876737,26.9118028],[75.7876753,26.9118028],[75.7876753,26.9118035],[75.7876769,26.9118035],[75.7876769,26.9118042],[75.7876786,26.9118042],[75.7876786,26.9118049],[75.7876802,26.9118049],[75.7876802,26.9118056],[75.7876818,26.9118056],[75.7876818,26.9118063],[75.7876842,26.9118063],[75.7876842,26.9118071],[75.787685,26.911807],[75.787685,26.9118078],[75.7876866,26.9118078],[75.7876866,26.9118085],[75.7876883,26.9118085],[75.7876883,26.9118092],[75.7876899,26.9118092],[75.7876899,26.9118099],[75.7876907,26.9118099],[75.7876907,26.9118106],[75.7876923,26.9118106],[75.7876923,26.9118113],[75.7876947,26.9118113],[75.7876947,26.911812],[75.7876963,26.911812],[75.7876963,26.9118128],[75.7876979,26.9118128],[75.787698,26.9118135],[75.7876988,26.9118135],[75.7876988,26.9118142],[75.7877012,26.9118142],[75.7877012,26.9118149],[75.7877028,26.9118149],[75.7877028,26.9118156],[75.7877052,26.9118156],[75.7877052,26.9118163],[75.7877084,26.9118163],[75.7877085,26.911817],[75.7877133,26.911817],[75.7877133,26.9118177],[75.7877149,26.9118177],[75.7877149,26.911817],[75.7877165,26.911817],[75.7877165,26.9118177],[75.7877173,26.9118177],[75.7877173,26.9118184],[75.7877181,26.9118184],[75.7877181,26.9118191],[75.7877197,26.9118191],[75.7877197,26.9118199],[75.7877214,26.9118198],[75.7877214,26.9118206],[75.7877222,26.9118206],[75.7877222,26.9118213],[75.787723,26.9118213],[75.787723,26.911822],[75.7877246,26.911822],[75.7877246,26.9118227],[75.7877262,26.9118227],[75.7877262,26.9118234],[75.787727,26.9118234],[75.787727,26.9118241],[75.7877278,26.9118241],[75.7877278,26.9118249],[75.7877295,26.9118249],[75.7877295,26.9118256],[75.7877303,26.9118256],[75.7877303,26.9118263],[75.7877311,26.9118263],[75.7877311,26.911827],[75.7877319,26.911827],[75.7877319,26.9118277],[75.7877343,26.9118277],[75.7877343,26.9118284],[75.7877351,26.9118284],[75.7877351,26.9118292],[75.7877359,26.9118292],[75.7877359,26.9118306],[75.7877367,26.9118306],[75.7877367,26.9118313],[75.7877384,26.9118313],[75.7877384,26.911832],[75.7877392,26.911832],[75.7877392,26.9118327],[75.78774,26.9118327],[75.78774,26.9118335],[75.7877408,26.9118335],[75.7877408,26.9118342],[75.7877424,26.9118342],[75.7877424,26.9118349],[75.787744,26.9118349],[75.787744,26.9118356],[75.7877448,26.9118356],[75.7877448,26.9118363],[75.7877456,26.9118363],[75.7877456,26.911837],[75.7877473,26.911837],[75.7877473,26.9118378],[75.7877489,26.9118377],[75.7877489,26.9118385],[75.7877505,26.9118385],[75.7877505,26.9118392],[75.7877537,26.9118392],[75.7877537,26.9118399],[75.7877578,26.9118399],[75.7877578,26.9118406],[75.7877666,26.9118405],[75.7877666,26.9118413],[75.7877674,26.9118413],[75.7877674,26.9118427],[75.7877682,26.9118427],[75.7877683,26.9118434],[75.7877691,26.9118434],[75.7877691,26.9118441],[75.7877707,26.9118441],[75.7877707,26.9118448],[75.7877715,26.9118448],[75.7877715,26.9118456],[75.7877723,26.9118456],[75.7877723,26.911847],[75.7877731,26.911847],[75.7877731,26.9118477],[75.7877739,26.9118477],[75.7877739,26.9118484],[75.7877755,26.9118484],[75.7877755,26.9118492],[75.7877763,26.9118492],[75.7877764,26.9118499],[75.7877772,26.9118499],[75.7877772,26.9118513],[75.7877796,26.9118513],[75.7877796,26.911852],[75.7877812,26.911852],[75.7877812,26.9118535],[75.787782,26.9118535],[75.787782,26.9118542],[75.7877836,26.9118542],[75.7877836,26.9118549],[75.7877853,26.9118549],[75.7877853,26.9118556],[75.7877861,26.9118556],[75.7877861,26.9118563],[75.7877877,26.9118563],[75.7877877,26.911857],[75.7877893,26.911857],[75.7877893,26.9118577],[75.7877901,26.9118577],[75.7877901,26.9118585],[75.7877917,26.9118585],[75.7877917,26.9118592],[75.7877933,26.9118592],[75.7877933,26.9118599],[75.787795,26.9118599],[75.787795,26.9118606],[75.7877958,26.9118606],[75.7877958,26.911862],[75.7877974,26.911862],[75.7877974,26.9118628],[75.7877982,26.9118628],[75.7877982,26.9118635],[75.7877998,26.9118635],[75.7877998,26.9118642],[75.7878079,26.9118641]]]}},{"type":"Feature","properties":{"building_id":"B-0055","vertices":538},"geometry":{"type":"Polygon","coordinates":[[[75.7876457,26.9120637],[75.7876457,26.9120629],[75.7876481,26.9120629],[75.7876481,26.9120622],[75.7876497,26.9120622],[75.7876497,26.9120615],[75.7876505,26.9120615],[75.7876505,26.9120608],[75.7876521,26.9120607],[75.7876521,26.91206],[75.7876545,26.91206],[75.7876545,26.9120593],[75.7876553,26.9120593],[75.7876553,26.9120586],[75.7876561,26.9120586],[75.7876561,26.9120578],[75.7876569,26.9120578],[75.7876569,26.9120571],[75.7876577,26.9120571],[75.7876577,26.9120564],[75.7876586,26.9120564],[75.7876585,26.9120557],[75.7876594,26.9120556],[75.7876593,26.9120528],[75.7876601,26.9120528],[75.7876601,26.9120506],[75.7876609,26.9120506],[75.7876609,26.9120484],[75.7876617,26.9120484],[75.7876617,26.9120477],[75.7876625,26.9120477],[75.7876625,26.9120462],[75.7876633,26.9120462],[75.7876633,26.9120455],[75.7876641,26.9120455],[75.7876641,26.9120441],[75.7876649,26.9120441],[75.7876649,26.9120433],[75.7876657,26.9120433],[75.7876657,26.9120419],[75.7876665,26.9120419],[75.7876665,26.9120412],[75.7876673,26.9120412],[75.7876673,26.9120404],[75.7876681,26.9120404],[75.7876681,26.912039],[75.7876689,26.912039],[75.7876689,26.9120375],[75.7876697,26.9120375],[75.7876697,26.9120361],[75.7876705,26.9120361],[75.7876705,26.9120339],[75.7876713,26.9120339],[75.7876713,26.9120332],[75.7876721,26.9120332],[75.7876721,26.9120317],[75.7876729,26.9120317],[75.7876729,26.912031],[75.7876737,26.912031],[75.7876737,26.9120288],[75.7876745,26.9120288],[75.7876745,26.9120281],[75.7876753,26.9120281],[75.7876753,26.9120274],[75.7876761,26.9120274],[75.7876761,26.9120267],[75.7876769,26.9120267],[75.7876769,26.9120259],[75.7876777,26.9120259],[75.7876777,26.9120245],[75.7876785,26.9120245],[75.7876785,26.9120238],[75.7876793,26.9120238],[75.7876793,26.912023],[75.7876801,26.912023],[75.7876801,26.9120223],[75.7876809,26.9120223],[75.7876809,26.9120216],[75.7876817,26.9120216],[75.7876817,26.9120209],[75.7876825,26.9120208],[75.7876825,26.9120201],[75.7876833,26.9120201],[75.7876833,26.9120194],[75.7876841,26.9120194],[75.7876841,26.912018],[75.7876849,26.9120179],[75.7876849,26.9120172],[75.7876857,26.9120172],[75.7876857,26.9120165],[75.7876865,26.9120165],[75.7876865,26.9120158],[75.7876873,26.9120158],[75.7876873,26.9120136],[75.7876881,26.9120136],[75.7876881,26.9120122],[75.7876889,26.9120121],[75.7876889,26.9120114],[75.7876897,26.9120114],[75.7876897,26.9120107],[75.7876905,26.9120107],[75.7876904,26.9120085],[75.7876913,26.9120085],[75.7876912,26.9120056],[75.787692,26.9120056],[75.787692,26.9120035],[75.7876936,26.9120035],[75.7876936,26.9120013],[75.7876944,26.9120013],[75.7876944,26.9119998],[75.7876952,26.9119998],[75.7876952,26.9119991],[75.787696,26.9119991],[75.787696,26.9119969],[75.7876968,26.9119969],[75.7876968,26.9119962],[75.7876976,26.9119962],[75.7876976,26.9119955],[75.7876992,26.9119955],[75.7876992,26.9119948],[75.7877,26.9119948],[75.7877,26.9119933],[75.7877008,26.9119933],[75.7877008,26.9119919],[75.7877016,26.9119919],[75.7877016,26.9119911],[75.7877024,26.9119911],[75.7877024,26.9119904],[75.7877032,26.9119904],[75.7877032,26.911989],[75.787704,26.9119889],[75.787704,26.9119882],[75.7877048,26.9119882],[75.7877048,26.9119875],[75.7877056,26.9119875],[75.7877056,26.9119861],[75.7877064,26.911986],[75.7877064,26.9119846],[75.7877072,26.9119846],[75.7877072,26.9119839],[75.787708,26.9119839],[75.787708,26.9119824],[75.7877088,26.9119824],[75.7877088,26.911981],[75.7877096,26.911981],[75.7877096,26.9119795],[75.7877104,26.9119795],[75.7877104,26.9119788],[75.7877112,26.9119788],[75.7877112,26.9119774],[75.787712,26.9119773],[75.787712,26.9119759],[75.7877128,26.9119759],[75.7877128,26.9119752],[75.7877136,26.9119752],[75.7877136,26.9119745],[75.7877144,26.9119744],[75.7877144,26.911973],[75.7877152,26.911973],[75.7877152,26.9119716],[75.787716,26.9119715],[75.787716,26.9119708],[75.7877168,26.9119708],[75.7877168,26.9119701],[75.7877176,26.9119701],[75.7877176,26.9119687],[75.7877184,26.9119686],[75.7877184,26.9119672],[75.7877192,26.9119672],[75.7877192,26.9119665],[75.78772,26.9119665],[75.78772,26.911965],[75.7877208,26.911965],[75.7877207,26.9119571],[75.7877199,26.9119571],[75.7877199,26.9119556],[75.7877191,26.9119556],[75.7877191,26.9119535],[75.7877183,26.9119535],[75.7877183,26.911952],[75.7877174,26.911952],[75.7877174,26.9119506],[75.7877166,26.9119506],[75.7877166,26.9119499],[75.787715,26.9119499],[75.787715,26.9119492],[75.7877142,26.9119492],[75.7877142,26.911947],[75.7877134,26.911947],[75.7877134,26.9119448],[75.7877126,26.9119448],[75.7877126,26.9119441],[75.7877109,26.9119441],[75.7877109,26.9119434],[75.7877101,26.9119434],[75.7877101,26.9119427],[75.7877093,26.9119427],[75.7877093,26.9119413],[75.7877085,26.9119413],[75.7877085,26.9119405],[75.7877069,26.9119405],[75.7877069,26.9119398],[75.7877061,26.9119398],[75.7877061,26.9119391],[75.7877045,26.9119391],[75.7877045,26.9119384],[75.7877037,26.9119384],[75.7877036,26.9119377],[75.787702,26.9119377],[75.787702,26.911937],[75.7877004,26.911937],[75.7877004,26.9119362],[75.7876996,26.9119362],[75.7876996,26.9119355],[75.7876988,26.9119355],[75.7876988,26.9119348],[75.7876964,26.9119348],[75.7876964,26.9119341],[75.787694,26.9119341],[75.787694,26.9119334],[75.7876923,26.9119334],[75.7876923,26.9119327],[75.7876915,26.9119327],[75.7876915,26.911932],[75.7876899,26.911932],[75.7876899,26.9119312],[75.7876883,26.9119313],[75.7876883,26.9119305],[75.7876859,26.9119305],[75.7876859,26.9119298],[75.7876843,26.9119298],[75.7876843,26.9119291],[75.7876834,26.9119291],[75.7876834,26.9119284],[75.7876826,26.9119284],[75.7876826,26.9119277],[75.7876818,26.9119277],[75.7876818,26.911927],[75.787681,26.911927],[75.787681,26.9119262],[75.7876794,26.9119263],[75.7876794,26.9119255],[75.7876786,26.9119255],[75.7876786,26.9119248],[75.7876778,26.9119248],[75.7876778,26.9119241],[75.787677,26.9119241],[75.787677,26.9119234],[75.7876754,26.9119234],[75.7876753,26.9119227],[75.7876608,26.9119227],[75.7876609,26.9119235],[75.7876584,26.9119235],[75.7876584,26.9119242],[75.7876568,26.9119242],[75.7876568,26.9119249],[75.787656,26.9119249],[75.787656,26.9119257],[75.7876536,26.9119257],[75.7876536,26.9119264],[75.7876512,26.9119264],[75.7876512,26.9119271],[75.7876504,26.9119271],[75.7876504,26.9119293],[75.7876496,26.9119293],[75.7876496,26.9119315],[75.7876488,26.9119315],[75.7876488,26.9119329],[75.787648,26.9119329],[75.787648,26.9119336],[75.7876472,26.9119337],[75.7876472,26.9119344],[75.7876456,26.9119344],[75.7876456,26.9119351],[75.7876416,26.9119351],[75.7876416,26.9119359],[75.7876408,26.9119359],[75.7876408,26.9119366],[75.7876416,26.9119366],[75.7876416,26.9119387],[75.7876408,26.9119387],[75.7876408,26.9119402],[75.78764,26.9119402],[75.78764,26.9119416],[75.7876392,26.9119416],[75.7876392,26.9119424],[75.7876384,26.9119424],[75.7876384,26.9119431],[75.7876376,26.9119431],[75.7876376,26.9119438],[75.7876368,26.9119438],[75.7876368,26.9119445],[75.787636,26.9119445],[75.787636,26.9119453],[75.7876352,26.9119453],[75.7876352,26.911946],[75.7876344,26.911946],[75.7876344,26.9119467],[75.7876336,26.9119467],[75.7876336,26.9119475],[75.7876328,26.9119475],[75.7876328,26.9119482],[75.787632,26.9119482],[75.787632,26.9119489],[75.7876312,26.9119489],[75.7876312,26.9119504],[75.7876304,26.9119504],[75.7876304,26.9119511],[75.7876296,26.9119511],[75.7876296,26.9119525],[75.7876288,26.9119525],[75.7876288,26.9119533],[75.787628,26.9119533],[75.787628,26.911954],[75.7876272,26.911954],[75.7876272,26.9119554],[75.7876264,26.9119554],[75.7876264,26.9119562],[75.7876256,26.9119562],[75.7876256,26.9119569],[75.7876248,26.9119569],[75.7876248,26.9119576],[75.787624,26.9119576],[75.787624,26.9119583],[75.7876232,26.9119583],[75.7876232,26.9119591],[75.7876224,26.9119591],[75.7876224,26.9119598],[75.7876216,26.9119598],[75.7876216,26.9119612],[75.7876208,26.9119612],[75.7876208,26.911962],[75.78762,26.911962],[75.78762,26.9119627],[75.7876192,26.9119627],[75.7876192,26.9119634],[75.7876184,26.9119634],[75.7876184,26.9119649],[75.7876176,26.9119649],[75.7876176,26.9119656],[75.7876168,26.9119656],[75.7876168,26.9119663],[75.787616,26.9119663],[75.787616,26.9119671],[75.7876152,26.9119671],[75.7876152,26.9119678],[75.7876144,26.9119678],[75.7876144,26.9119692],[75.7876136,26.9119692],[75.7876136,26.9119707],[75.7876128,26.9119707],[75.7876128,26.9119714],[75.787612,26.9119714],[75.787612,26.9119721],[75.7876112,26.9119721],[75.7876112,26.9119729],[75.7876096,26.9119729],[75.7876096,26.9119721],[75.787608,26.9119722],[75.787608,26.9119729],[75.7876072,26.9119729],[75.7876072,26.9119736],[75.7876064,26.9119736],[75.7876064,26.9119743],[75.7876056,26.9119743],[75.7876056,26.9119758],[75.7876064,26.9119758],[75.7876064,26.9119772],[75.7876056,26.9119772],[75.7876056,26.9119787],[75.7876048,26.9119787],[75.7876049,26.9119844],[75.7876057,26.9119844],[75.7876057,26.9119895],[75.7876065,26.9119895],[75.7876065,26.9119902],[75.7876073,26.9119902],[75.7876074,26.9119945],[75.7876082,26.9119945],[75.7876082,26.9119953],[75.7876066,26.9119953],[75.7876066,26.911996],[75.787605,26.911996],[75.787605,26.9119967],[75.7875985,26.9119968],[75.7875985,26.9119975],[75.7875969,26.9119975],[75.7875969,26.9119989],[75.7875961,26.9119989],[75.7875961,26.9119997],[75.7875945,26.9119997],[75.7875945,26.9120004],[75.7875929,26.9120004],[75.7875929,26.9120011],[75.7875921,26.9120011],[75.7875921,26.9120026],[75.7875913,26.9120026],[75.7875913,26.912004],[75.7875881,26.912004],[75.7875881,26.9120048],[75.7875857,26.9120048],[75.7875857,26.9120055],[75.7875833,26.9120055],[75.7875833,26.912007],[75.7875825,26.912007],[75.7875825,26.9120077],[75.7875817,26.9120077],[75.7875817,26.9120084],[75.7875809,26.9120084],[75.7875809,26.9120091],[75.7875801,26.9120091],[75.7875801,26.9120099],[75.7875793,26.9120099],[75.7875793,26.912012],[75.7875785,26.912012],[75.7875785,26.9120128],[75.7875777,26.9120128],[75.7875777,26.9120135],[75.7875761,26.9120135],[75.7875761,26.9120142],[75.7875753,26.9120142],[75.7875753,26.9120149],[75.7875745,26.912015],[75.7875745,26.9120157],[75.7875761,26.9120157],[75.7875761,26.9120164],[75.7875777,26.9120164],[75.7875777,26.9120171],[75.7875785,26.9120171],[75.7875785,26.9120193],[75.7875793,26.9120193],[75.7875793,26.91202],[75.7875801,26.91202],[75.7875801,26.9120193],[75.7875809,26.9120192],[75.7875809,26.9120185],[75.7875818,26.9120185],[75.7875817,26.9120178],[75.787585,26.9120178],[75.787585,26.9120185],[75.7875858,26.9120185],[75.7875858,26.9120192],[75.7875866,26.9120192],[75.7875866,26.9120199],[75.7875874,26.9120199],[75.7875874,26.9120221],[75.7875866,26.9120221],[75.7875866,26.9120236],[75.7875874,26.9120235],[75.7875874,26.9120243],[75.7875882,26.9120243],[75.7875882,26.912025],[75.787589,26.912025],[75.7875891,26.9120257],[75.7875915,26.9120257],[75.7875915,26.9120264],[75.7875923,26.9120264],[75.7875923,26.9120271],[75.7875931,26.9120271],[75.7875931,26.9120315],[75.7875939,26.9120315],[75.7875939,26.9120322],[75.787598,26.9120322],[75.787598,26.9120329],[75.7875996,26.9120329],[75.7875996,26.9120336],[75.7876004,26.9120336],[75.7876004,26.9120343],[75.7876012,26.9120343],[75.7876012,26.912035],[75.787602,26.912035],[75.787602,26.9120357],[75.7876028,26.9120357],[75.7876028,26.9120365],[75.7876036,26.9120365],[75.7876036,26.9120372],[75.7876044,26.9120372],[75.7876044,26.9120379],[75.7876052,26.9120379],[75.7876053,26.9120393],[75.7876061,26.9120393],[75.7876061,26.9120401],[75.7876077,26.91204],[75.7876077,26.9120408],[75.7876093,26.9120408],[75.7876093,26.9120415],[75.7876101,26.9120415],[75.7876101,26.9120422],[75.7876109,26.9120422],[75.7876109,26.9120436],[75.7876117,26.9120436],[75.7876117,26.9120444],[75.7876133,26.9120443],[75.7876134,26.9120451],[75.7876142,26.9120451],[75.7876142,26.9120458],[75.787615,26.9120458],[75.787615,26.9120472],[75.7876158,26.9120472],[75.7876158,26.9120479],[75.7876174,26.9120479],[75.7876174,26.9120487],[75.7876206,26.9120486],[75.7876206,26.9120494],[75.7876255,26.9120493],[75.7876255,26.9120501],[75.7876263,26.9120501],[75.7876263,26.9120515],[75.7876271,26.9120515],[75.7876271,26.9120522],[75.7876279,26.9120522],[75.7876279,26.9120529],[75.7876287,26.9120529],[75.7876287,26.9120551],[75.7876295,26.9120551],[75.7876295,26.9120558],[75.7876303,26.9120558],[75.7876304,26.9120565],[75.787632,26.9120565],[75.787632,26.9120572],[75.7876336,26.9120572],[75.7876336,26.912058],[75.7876344,26.912058],[75.7876344,26.9120587],[75.7876352,26.9120587],[75.7876352,26.9120594],[75.7876368,26.9120594],[75.7876368,26.9120601],[75.7876376,26.9120601],[75.7876376,26.9120608],[75.7876384,26.9120608],[75.7876384,26.9120615],[75.7876401,26.9120615],[75.7876401,26.9120623],[75.7876417,26.9120622],[75.7876417,26.912063],[75.7876449,26.9120629],[75.7876449,26.9120637],[75.7876457,26.9120637]]]}},{"type":"Feature","properties":{"building_id":"B-0048","vertices":390},"geometry":{"type":"Polygon","coordinates":[[[75.787372,26.9120912],[75.787372,26.9120905],[75.7873728,26.9120905],[75.7873728,26.9120897],[75.7873736,26.9120897],[75.7873736,26.912089],[75.7873744,26.912089],[75.7873744,26.9120883],[75.787376,26.9120883],[75.787376,26.9120876],[75.7873792,26.9120875],[75.7873792,26.9120883],[75.7873824,26.9120882],[75.7873824,26.912089],[75.7873905,26.9120889],[75.7873905,26.9120882],[75.7873913,26.9120882],[75.7873913,26.9120875],[75.7873921,26.9120875],[75.7873921,26.9120839],[75.7873929,26.9120839],[75.7873929,26.912081],[75.7873937,26.912081],[75.7873936,26.9120795],[75.7873945,26.9120795],[75.7873944,26.9120773],[75.7873952,26.9120773],[75.7873952,26.9120723],[75.787396,26.9120723],[75.787396,26.9120651],[75.7873952,26.9120651],[75.7873951,26.9120629],[75.7873943,26.9120629],[75.7873943,26.9120622],[75.7873935,26.9120622],[75.7873935,26.9120615],[75.7873927,26.9120615],[75.7873927,26.9120607],[75.7873919,26.9120607],[75.7873919,26.9120579],[75.7873911,26.9120579],[75.787391,26.9120521],[75.7873918,26.9120521],[75.7873918,26.9120499],[75.7873926,26.9120499],[75.7873926,26.9120477],[75.7873934,26.9120477],[75.7873934,26.912047],[75.7873942,26.912047],[75.7873942,26.9120463],[75.787395,26.9120463],[75.787395,26.9120456],[75.7873958,26.9120456],[75.7873958,26.9120441],[75.7873974,26.9120441],[75.7873974,26.9120427],[75.7873982,26.9120427],[75.7873982,26.9120419],[75.787399,26.9120419],[75.787399,26.9120412],[75.7873998,26.9120412],[75.7873998,26.9120398],[75.7874006,26.9120398],[75.7874006,26.912039],[75.7874014,26.912039],[75.7874014,26.9120383],[75.7874022,26.9120383],[75.7874022,26.9120376],[75.787403,26.9120376],[75.787403,26.9120369],[75.7874038,26.9120368],[75.7874038,26.9120361],[75.7874046,26.9120361],[75.7874046,26.9120347],[75.7874054,26.9120347],[75.7874054,26.9120332],[75.7874062,26.9120332],[75.7874062,26.9120318],[75.787407,26.9120318],[75.787407,26.9120303],[75.7874078,26.9120303],[75.7874078,26.9120296],[75.7874086,26.9120296],[75.7874086,26.9120289],[75.7874102,26.9120289],[75.7874102,26.9120274],[75.787411,26.9120274],[75.787411,26.9120267],[75.7874118,26.9120267],[75.7874118,26.9120252],[75.7874126,26.9120252],[75.7874126,26.9120245],[75.7874134,26.9120245],[75.7874134,26.9120238],[75.7874142,26.9120238],[75.7874142,26.9120223],[75.787415,26.9120223],[75.787415,26.9120209],[75.7874158,26.9120209],[75.7874158,26.9120173],[75.7874166,26.9120173],[75.7874166,26.9120158],[75.7874174,26.9120158],[75.7874174,26.9120144],[75.7874182,26.9120144],[75.7874182,26.9120129],[75.787419,26.9120129],[75.787419,26.9120108],[75.7874198,26.9120108],[75.7874197,26.9120093],[75.7874206,26.9120093],[75.7874205,26.9120079],[75.7874214,26.9120079],[75.7874213,26.9120071],[75.7874222,26.9120071],[75.7874221,26.9120057],[75.7874229,26.9120057],[75.7874229,26.9120035],[75.7874237,26.9120035],[75.7874237,26.9120006],[75.7874245,26.9120006],[75.7874245,26.9119977],[75.7874253,26.9119977],[75.7874253,26.9119963],[75.7874261,26.9119963],[75.7874261,26.9119919],[75.7874269,26.9119919],[75.7874269,26.9119883],[75.7874277,26.9119883],[75.7874276,26.9119833],[75.7874284,26.9119833],[75.7874284,26.9119789],[75.7874292,26.9119789],[75.7874292,26.9119717],[75.7874284,26.9119717],[75.7874283,26.9119695],[75.7874275,26.9119695],[75.7874275,26.9119688],[75.7874267,26.9119688],[75.7874267,26.9119681],[75.7874259,26.9119681],[75.7874259,26.9119667],[75.7874251,26.9119667],[75.7874251,26.9119659],[75.7874243,26.911966],[75.7874243,26.9119645],[75.7874235,26.9119645],[75.7874235,26.9119638],[75.7874227,26.9119638],[75.7874227,26.9119631],[75.787421,26.9119631],[75.787421,26.9119624],[75.7874194,26.9119624],[75.7874194,26.9119616],[75.7874186,26.9119617],[75.7874186,26.9119609],[75.787417,26.9119609],[75.787417,26.9119602],[75.7874146,26.9119602],[75.7874146,26.9119595],[75.7874122,26.9119595],[75.7874121,26.9119588],[75.7874105,26.9119588],[75.7874105,26.9119581],[75.7874097,26.9119581],[75.7874097,26.9119574],[75.7874089,26.9119574],[75.7874089,26.9119566],[75.7874065,26.9119567],[75.7874065,26.9119559],[75.7874049,26.9119559],[75.7874049,26.9119552],[75.7874025,26.9119552],[75.7874025,26.9119545],[75.7874016,26.9119545],[75.7874016,26.9119538],[75.7874,26.9119538],[75.7874,26.9119531],[75.7873992,26.9119531],[75.7873992,26.9119524],[75.7873968,26.9119524],[75.7873968,26.9119517],[75.787396,26.9119517],[75.787396,26.9119509],[75.7873944,26.911951],[75.7873944,26.9119502],[75.7873928,26.9119502],[75.7873927,26.9119495],[75.7873919,26.9119495],[75.7873919,26.9119488],[75.7873903,26.9119488],[75.7873903,26.9119481],[75.7873879,26.9119481],[75.7873879,26.9119474],[75.7873863,26.9119474],[75.7873863,26.9119467],[75.7873855,26.9119467],[75.7873855,26.9119459],[75.7873839,26.911946],[75.7873839,26.9119452],[75.7873831,26.9119452],[75.787383,26.9119445],[75.7873822,26.9119445],[75.7873822,26.9119438],[75.7873798,26.9119438],[75.7873798,26.9119431],[75.7873782,26.9119431],[75.7873782,26.9119424],[75.7873766,26.9119424],[75.7873766,26.9119417],[75.7873653,26.9119417],[75.7873653,26.9119424],[75.7873645,26.9119425],[75.7873645,26.9119432],[75.7873637,26.9119432],[75.7873637,26.9119439],[75.7873629,26.9119439],[75.7873629,26.9119461],[75.7873621,26.9119461],[75.7873622,26.9119526],[75.7873613,26.9119526],[75.7873614,26.9119547],[75.7873606,26.9119548],[75.7873606,26.9119576],[75.7873598,26.9119576],[75.7873598,26.9119605],[75.787359,26.9119605],[75.787359,26.911962],[75.7873582,26.911962],[75.7873582,26.9119634],[75.7873574,26.9119634],[75.7873574,26.9119649],[75.7873566,26.9119649],[75.7873566,26.9119656],[75.7873558,26.9119656],[75.7873558,26.9119678],[75.787355,26.9119678],[75.787355,26.9119707],[75.7873542,26.9119707],[75.7873542,26.9119721],[75.7873534,26.9119721],[75.7873534,26.9119743],[75.7873526,26.9119743],[75.7873527,26.9119765],[75.7873518,26.9119765],[75.7873519,26.9119779],[75.7873511,26.9119779],[75.7873511,26.9119801],[75.7873503,26.9119801],[75.7873503,26.9119815],[75.7873495,26.9119815],[75.7873495,26.9119837],[75.7873487,26.9119837],[75.7873487,26.9119859],[75.7873479,26.9119859],[75.7873479,26.911988],[75.7873471,26.9119881],[75.7873471,26.9119895],[75.7873463,26.9119895],[75.7873463,26.9119917],[75.7873455,26.9119917],[75.7873455,26.9119931],[75.7873447,26.9119931],[75.7873447,26.9119953],[75.7873439,26.9119953],[75.7873439,26.9119967],[75.7873431,26.9119967],[75.7873431,26.9119982],[75.7873423,26.9119982],[75.7873423,26.9120004],[75.7873415,26.9120004],[75.7873415,26.9120018],[75.7873407,26.9120018],[75.7873408,26.912004],[75.78734,26.912004],[75.78734,26.9120054],[75.7873392,26.9120054],[75.7873392,26.9120069],[75.7873384,26.9120069],[75.7873384,26.912009],[75.7873376,26.912009],[75.7873376,26.9120112],[75.7873368,26.9120112],[75.7873368,26.9120127],[75.787336,26.9120127],[75.787336,26.9120141],[75.7873352,26.9120141],[75.7873352,26.912017],[75.7873344,26.912017],[75.7873344,26.9120192],[75.7873336,26.9120192],[75.7873336,26.9120214],[75.7873328,26.9120214],[75.7873328,26.9120235],[75.787332,26.9120235],[75.7873321,26.9120264],[75.7873312,26.9120264],[75.7873313,26.9120293],[75.7873305,26.9120293],[75.7873305,26.9120315],[75.7873297,26.9120315],[75.7873297,26.9120344],[75.7873289,26.9120344],[75.7873289,26.9120365],[75.7873281,26.9120365],[75.7873281,26.912038],[75.7873273,26.912038],[75.7873273,26.9120394],[75.7873265,26.9120394],[75.7873265,26.9120416],[75.7873257,26.9120416],[75.7873257,26.9120438],[75.7873249,26.9120438],[75.7873249,26.9120452],[75.7873241,26.9120452],[75.7873241,26.9120474],[75.7873233,26.9120474],[75.7873233,26.9120496],[75.7873225,26.9120496],[75.7873226,26.912051],[75.7873217,26.912051],[75.7873218,26.9120525],[75.787321,26.9120525],[75.787321,26.9120539],[75.7873202,26.9120539],[75.7873202,26.912059],[75.787321,26.912059],[75.787321,26.9120597],[75.7873218,26.9120597],[75.7873218,26.9120604],[75.7873226,26.9120604],[75.7873227,26.9120662],[75.7873219,26.9120662],[75.7873219,26.9120713],[75.7873227,26.9120712],[75.7873227,26.912072],[75.7873235,26.912072],[75.7873235,26.9120727],[75.7873243,26.9120727],[75.7873243,26.9120734],[75.7873259,26.9120734],[75.7873259,26.9120741],[75.7873284,26.9120741],[75.7873284,26.9120748],[75.7873292,26.9120748],[75.7873292,26.9120755],[75.7873308,26.9120755],[75.7873308,26.9120763],[75.7873332,26.9120762],[75.7873332,26.912077],[75.7873348,26.912077],[75.7873348,26.9120777],[75.7873356,26.9120777],[75.7873356,26.9120784],[75.7873372,26.9120784],[75.7873373,26.9120791],[75.7873389,26.9120791],[75.7873389,26.9120798],[75.7873405,26.9120798],[75.7873405,26.9120805],[75.7873421,26.9120805],[75.7873421,26.9120813],[75.7873437,26.9120812],[75.7873437,26.912082],[75.7873453,26.912082],[75.7873453,26.9120827],[75.7873469,26.9120827],[75.7873469,26.9120834],[75.7873486,26.9120834],[75.7873486,26.9120841],[75.7873502,26.9120841],[75.7873502,26.9120848],[75.7873518,26.9120848],[75.7873518,26.9120855],[75.7873526,26.9120855],[75.7873526,26.9120862],[75.7873542,26.9120862],[75.7873542,26.912087],[75.787355,26.912087],[75.787355,26.9120877],[75.7873566,26.9120877],[75.7873567,26.9120884],[75.7873583,26.9120884],[75.7873583,26.9120891],[75.7873599,26.9120891],[75.7873599,26.9120898],[75.7873623,26.9120898],[75.7873623,26.9120905],[75.7873663,26.9120905],[75.7873663,26.9120912],[75.787372,26.9120912]]]}},{"type":"Feature","properties":{"building_id":"B-0014","vertices":458},"geometry":{"type":"Polygon","coordinates":[[[75.7875665,26.9123703],[75.7875665,26.9123696],[75.7875681,26.9123696],[75.7875681,26.9123689],[75.7875689,26.9123689],[75.7875689,26.9123682],[75.7875697,26.9123682],[75.7875697,26.9123674],[75.7875705,26.9123674],[75.7875705,26.9123667],[75.7875713,26.9123667],[75.7875713,26.912366],[75.7875721,26.912366],[75.7875721,26.9123645],[75.7875729,26.9123645],[75.7875729,26.9123638],[75.7875737,26.9123638],[75.7875737,26.9123631],[75.7875745,26.9123631],[75.7875745,26.9123616],[75.7875753,26.9123616],[75.7875753,26.9123609],[75.7875761,26.9123609],[75.7875761,26.9123595],[75.7875769,26.9123595],[75.7875769,26.9123587],[75.7875777,26.9123587],[75.7875777,26.912358],[75.7875785,26.912358],[75.7875785,26.9123573],[75.7875793,26.9123573],[75.7875793,26.9123566],[75.7875801,26.9123565],[75.7875801,26.9123558],[75.7875809,26.9123558],[75.7875809,26.9123551],[75.7875817,26.9123551],[75.7875817,26.9123536],[75.7875825,26.9123536],[75.7875825,26.9123529],[75.7875841,26.9123529],[75.7875841,26.9123507],[75.7875857,26.9123507],[75.7875857,26.91235],[75.7875865,26.91235],[75.7875865,26.9123493],[75.7875881,26.9123493],[75.7875881,26.9123486],[75.7875889,26.9123486],[75.7875889,26.9123478],[75.7875897,26.9123478],[75.7875897,26.9123471],[75.7875913,26.9123471],[75.7875913,26.9123457],[75.7875921,26.9123456],[75.7875921,26.9123435],[75.7875913,26.9123435],[75.7875912,26.912342],[75.7875921,26.912342],[75.787592,26.9123413],[75.7875929,26.9123413],[75.7875928,26.9123406],[75.7875937,26.9123406],[75.7875936,26.9123399],[75.7875945,26.9123399],[75.7875944,26.9123384],[75.7875952,26.9123384],[75.7875952,26.9123377],[75.7875961,26.9123377],[75.787596,26.9123362],[75.7875968,26.9123362],[75.7875968,26.9123355],[75.7875976,26.9123355],[75.7875976,26.9123333],[75.7875984,26.9123333],[75.7875984,26.9123319],[75.7875992,26.9123319],[75.7875992,26.9123297],[75.7876,26.9123297],[75.7876,26.9123268],[75.7876008,26.9123268],[75.7876008,26.9123254],[75.7876016,26.9123254],[75.7876016,26.9123246],[75.7876024,26.9123246],[75.7876024,26.9123232],[75.7876032,26.9123232],[75.7876032,26.9123225],[75.787604,26.9123225],[75.787604,26.912321],[75.7876048,26.912321],[75.7876048,26.9123203],[75.7876056,26.9123203],[75.7876056,26.9123188],[75.7876064,26.9123188],[75.7876064,26.9123174],[75.7876104,26.9123174],[75.7876104,26.9123167],[75.787612,26.9123166],[75.787612,26.9123152],[75.7876128,26.9123152],[75.7876128,26.9123145],[75.7876136,26.9123145],[75.7876136,26.9123137],[75.7876144,26.9123137],[75.7876144,26.9123123],[75.7876152,26.9123123],[75.7876152,26.9123116],[75.787616,26.9123116],[75.787616,26.9123094],[75.7876168,26.9123094],[75.7876168,26.912308],[75.7876176,26.9123079],[75.7876176,26.9123065],[75.7876184,26.9123065],[75.7876184,26.9123051],[75.7876192,26.912305],[75.7876192,26.9123043],[75.78762,26.9123043],[75.78762,26.9123036],[75.7876208,26.9123036],[75.7876208,26.9123014],[75.7876216,26.9123014],[75.7876216,26.9123],[75.7876224,26.9123],[75.7876224,26.9122985],[75.7876232,26.9122985],[75.7876232,26.9122971],[75.787624,26.9122971],[75.787624,26.9122964],[75.7876248,26.9122964],[75.7876248,26.9122949],[75.7876256,26.9122949],[75.7876256,26.9122935],[75.7876264,26.9122935],[75.7876263,26.912292],[75.7876272,26.912292],[75.7876271,26.9122906],[75.7876279,26.9122906],[75.7876279,26.9122891],[75.7876287,26.9122891],[75.7876287,26.9122877],[75.7876295,26.9122877],[75.7876295,26.9122862],[75.7876303,26.9122862],[75.7876303,26.9122848],[75.7876311,26.9122848],[75.7876311,26.912284],[75.7876319,26.912284],[75.7876319,26.9122826],[75.7876327,26.9122826],[75.7876327,26.9122811],[75.7876335,26.9122811],[75.7876335,26.9122804],[75.7876343,26.9122804],[75.7876343,26.9122782],[75.7876351,26.9122782],[75.787635,26.9122681],[75.7876342,26.9122681],[75.7876342,26.9122674],[75.7876334,26.9122674],[75.7876334,26.912266],[75.7876326,26.912266],[75.7876326,26.9122667],[75.7876318,26.9122667],[75.7876318,26.9122674],[75.787627,26.9122674],[75.787627,26.9122667],[75.7876262,26.9122667],[75.7876262,26.9122646],[75.7876254,26.9122646],[75.7876253,26.9122638],[75.7876245,26.9122639],[75.7876245,26.9122631],[75.7876237,26.9122631],[75.7876237,26.9122624],[75.7876229,26.9122624],[75.7876229,26.9122617],[75.7876221,26.9122617],[75.7876221,26.912261],[75.7876213,26.912261],[75.7876213,26.9122595],[75.7876205,26.9122595],[75.7876205,26.9122574],[75.7876213,26.9122574],[75.7876213,26.9122566],[75.7876205,26.9122567],[75.7876205,26.9122559],[75.7876197,26.9122559],[75.7876196,26.912253],[75.7876172,26.9122531],[75.7876172,26.9122502],[75.7876164,26.9122502],[75.7876164,26.912248],[75.7876156,26.912248],[75.7876156,26.9122473],[75.7876148,26.9122473],[75.7876148,26.9122466],[75.7876131,26.9122466],[75.7876131,26.9122459],[75.7876123,26.9122459],[75.7876123,26.9122451],[75.7876115,26.9122451],[75.7876115,26.9122444],[75.7876091,26.9122444],[75.7876091,26.9122437],[75.7876075,26.9122437],[75.7876075,26.9122423],[75.7876067,26.9122423],[75.7876067,26.9122408],[75.7876059,26.9122408],[75.7876058,26.9122401],[75.7876034,26.9122401],[75.7876034,26.9122394],[75.7876018,26.9122394],[75.7876018,26.9122387],[75.7876002,26.9122387],[75.7876002,26.912238],[75.7875994,26.912238],[75.7875994,26.9122373],[75.7875986,26.9122373],[75.7875986,26.9122365],[75.787597,26.9122366],[75.787597,26.9122358],[75.7875937,26.9122359],[75.7875937,26.9122351],[75.7875929,26.9122351],[75.7875929,26.9122344],[75.7875921,26.9122344],[75.7875921,26.9122337],[75.7875905,26.9122337],[75.7875905,26.912233],[75.7875897,26.912233],[75.7875897,26.9122323],[75.7875889,26.9122323],[75.7875889,26.9122315],[75.7875881,26.9122316],[75.7875881,26.9122308],[75.7875864,26.9122308],[75.7875864,26.9122301],[75.7875848,26.9122301],[75.7875848,26.9122294],[75.787584,26.9122294],[75.787584,26.9122287],[75.7875703,26.9122288],[75.7875703,26.9122309],[75.7875695,26.9122309],[75.7875695,26.9122331],[75.7875687,26.9122331],[75.7875687,26.9122345],[75.7875679,26.9122346],[75.7875679,26.9122353],[75.7875671,26.9122353],[75.7875672,26.9122367],[75.7875663,26.9122367],[75.7875664,26.9122382],[75.7875656,26.9122382],[75.7875656,26.9122389],[75.7875647,26.9122389],[75.7875648,26.9122396],[75.7875639,26.9122396],[75.787564,26.9122411],[75.7875632,26.9122411],[75.7875632,26.9122418],[75.7875624,26.9122418],[75.7875624,26.912244],[75.7875616,26.912244],[75.7875616,26.9122454],[75.7875608,26.9122454],[75.7875608,26.9122469],[75.78756,26.9122469],[75.78756,26.9122483],[75.7875592,26.9122483],[75.7875592,26.912249],[75.7875584,26.9122491],[75.7875584,26.9122505],[75.7875576,26.9122505],[75.7875576,26.9122519],[75.7875568,26.9122519],[75.7875568,26.9122527],[75.787556,26.9122527],[75.787556,26.9122541],[75.7875552,26.9122541],[75.7875552,26.9122556],[75.7875544,26.9122556],[75.7875544,26.912257],[75.7875536,26.912257],[75.7875536,26.9122592],[75.7875528,26.9122592],[75.7875528,26.9122614],[75.787552,26.9122614],[75.787552,26.9122635],[75.7875512,26.9122635],[75.7875512,26.9122657],[75.7875504,26.9122657],[75.7875504,26.9122672],[75.7875496,26.9122672],[75.7875496,26.9122686],[75.7875488,26.9122686],[75.7875489,26.9122708],[75.7875481,26.9122708],[75.7875481,26.9122729],[75.7875473,26.9122729],[75.7875473,26.9122751],[75.7875465,26.9122751],[75.7875465,26.9122766],[75.7875457,26.9122766],[75.7875457,26.912278],[75.7875449,26.912278],[75.7875449,26.9122802],[75.7875441,26.9122802],[75.7875441,26.9122824],[75.7875433,26.9122824],[75.7875433,26.9122845],[75.7875425,26.9122845],[75.7875425,26.9122867],[75.7875417,26.9122867],[75.7875417,26.9122881],[75.7875409,26.9122882],[75.7875409,26.9122889],[75.7875401,26.9122889],[75.7875401,26.9122918],[75.7875393,26.9122918],[75.7875394,26.9122939],[75.7875385,26.9122939],[75.7875386,26.9122954],[75.7875377,26.9122954],[75.7875378,26.9122968],[75.787537,26.9122968],[75.787537,26.9122976],[75.7875362,26.9122976],[75.7875362,26.9123026],[75.7875354,26.9123026],[75.7875354,26.9123048],[75.7875346,26.9123048],[75.7875346,26.9123062],[75.7875338,26.9123062],[75.7875338,26.9123084],[75.787533,26.9123084],[75.787533,26.9123099],[75.7875322,26.9123099],[75.7875322,26.9123113],[75.7875314,26.9123113],[75.7875314,26.9123128],[75.7875306,26.9123128],[75.7875306,26.9123149],[75.7875298,26.9123149],[75.7875298,26.9123171],[75.787529,26.9123171],[75.7875291,26.9123193],[75.7875282,26.9123193],[75.7875283,26.9123222],[75.7875275,26.9123222],[75.7875275,26.9123236],[75.7875267,26.9123236],[75.7875267,26.9123258],[75.7875259,26.9123258],[75.7875259,26.912328],[75.7875251,26.912328],[75.7875251,26.9123294],[75.7875243,26.9123294],[75.7875243,26.9123309],[75.7875235,26.9123309],[75.7875235,26.9123323],[75.7875227,26.9123323],[75.7875227,26.9123338],[75.7875219,26.9123338],[75.7875219,26.9123374],[75.7875227,26.9123374],[75.7875227,26.9123381],[75.7875235,26.9123381],[75.7875235,26.9123388],[75.7875244,26.9123388],[75.7875244,26.9123395],[75.7875252,26.9123395],[75.7875252,26.9123402],[75.787526,26.9123402],[75.787526,26.912341],[75.7875268,26.912341],[75.7875268,26.9123417],[75.7875276,26.9123417],[75.7875276,26.9123424],[75.7875284,26.9123424],[75.7875284,26.9123431],[75.7875292,26.9123431],[75.7875292,26.9123438],[75.78753,26.9123438],[75.78753,26.9123445],[75.7875308,26.9123445],[75.7875308,26.9123453],[75.7875317,26.9123453],[75.7875317,26.912346],[75.7875333,26.912346],[75.7875333,26.9123467],[75.7875341,26.9123467],[75.7875341,26.9123474],[75.7875349,26.9123474],[75.7875349,26.9123481],[75.7875357,26.9123481],[75.7875357,26.9123488],[75.7875365,26.9123488],[75.7875365,26.9123496],[75.7875373,26.9123496],[75.7875373,26.9123503],[75.7875381,26.9123503],[75.7875381,26.912351],[75.7875389,26.912351],[75.7875389,26.9123517],[75.7875406,26.9123517],[75.7875406,26.9123524],[75.7875414,26.9123524],[75.7875414,26.9123532],[75.7875422,26.9123531],[75.7875422,26.9123539],[75.787543,26.9123539],[75.787543,26.9123546],[75.7875438,26.9123546],[75.7875438,26.9123553],[75.7875446,26.9123553],[75.7875446,26.912356],[75.7875462,26.912356],[75.7875462,26.9123567],[75.787547,26.9123567],[75.787547,26.9123575],[75.7875478,26.9123574],[75.7875479,26.9123582],[75.7875487,26.9123582],[75.7875487,26.9123589],[75.7875495,26.9123589],[75.7875495,26.9123596],[75.7875503,26.9123596],[75.7875503,26.9123603],[75.7875519,26.9123603],[75.7875519,26.9123618],[75.7875527,26.9123618],[75.7875527,26.9123625],[75.7875535,26.9123625],[75.7875535,26.9123632],[75.7875551,26.9123632],[75.7875551,26.9123639],[75.7875559,26.9123639],[75.787556,26.9123646],[75.7875568,26.9123646],[75.7875568,26.9123653],[75.7875576,26.9123653],[75.7875576,26.9123661],[75.7875584,26.9123661],[75.7875584,26.9123668],[75.78756,26.9123668],[75.78756,26.9123675],[75.7875608,26.9123675],[75.7875608,26.9123682],[75.7875616,26.9123682],[75.7875616,26.9123689],[75.7875624,26.9123689],[75.7875624,26.9123696],[75.7875632,26.9123696],[75.7875632,26.9123704],[75.7875665,26.9123703]]]}},{"type":"Feature","properties":{"building_id":"B-0024","vertices":546},"geometry":{"type":"Polygon","coordinates":[[[75.7877203,26.9122518],[75.7877203,26.912251],[75.7877219,26.912251],[75.7877219,26.9122503],[75.7877235,26.9122503],[75.7877235,26.9122496],[75.7877243,26.9122496],[75.7877243,26.9122488],[75.7877251,26.9122488],[75.7877251,26.9122481],[75.7877259,26.9122481],[75.7877259,26.9122474],[75.7877267,26.9122474],[75.7877267,26.9122467],[75.7877275,26.9122467],[75.7877275,26.9122459],[75.7877283,26.9122459],[75.7877283,26.9122445],[75.7877291,26.9122445],[75.7877291,26.912243],[75.7877283,26.912243],[75.7877283,26.9122416],[75.7877291,26.9122416],[75.7877291,26.9122373],[75.7877299,26.9122373],[75.7877299,26.9122358],[75.7877283,26.9122358],[75.7877283,26.9122365],[75.7877259,26.9122366],[75.7877259,26.9122358],[75.7877251,26.9122358],[75.787725,26.9122351],[75.7877242,26.9122351],[75.7877242,26.9122279],[75.7877234,26.9122279],[75.7877234,26.9122272],[75.7877185,26.9122272],[75.7877185,26.9122265],[75.7877169,26.9122265],[75.7877169,26.9122251],[75.7877177,26.9122251],[75.7877177,26.9122243],[75.7877185,26.9122243],[75.7877185,26.9122229],[75.7877193,26.9122229],[75.7877193,26.9122207],[75.7877185,26.9122207],[75.7877185,26.91222],[75.7877169,26.91222],[75.7877169,26.9122193],[75.7877153,26.9122193],[75.7877153,26.9122178],[75.7877145,26.9122178],[75.7877144,26.9122164],[75.7877136,26.9122164],[75.7877136,26.9122157],[75.787712,26.9122157],[75.787712,26.912215],[75.7877112,26.912215],[75.7877112,26.9122143],[75.7877104,26.9122143],[75.7877104,26.9122121],[75.7877096,26.9122121],[75.7877096,26.9122114],[75.787708,26.9122114],[75.787708,26.9122107],[75.7877072,26.9122107],[75.7877071,26.9122092],[75.7877063,26.9122092],[75.7877063,26.9122071],[75.7877055,26.9122071],[75.7877055,26.9122056],[75.7877047,26.9122056],[75.7877047,26.9122035],[75.7877039,26.9122035],[75.7877039,26.912202],[75.7877031,26.912202],[75.7877031,26.9122013],[75.7877023,26.9122013],[75.7877022,26.9121999],[75.7877014,26.9121999],[75.7877014,26.9121984],[75.7876998,26.9121984],[75.7876998,26.9121977],[75.787699,26.9121977],[75.787699,26.9121963],[75.7876982,26.9121963],[75.7876982,26.9121955],[75.7876974,26.9121956],[75.7876974,26.9121941],[75.7876966,26.9121941],[75.7876966,26.9121927],[75.7876958,26.9121927],[75.7876957,26.9121919],[75.7876949,26.912192],[75.7876949,26.9121912],[75.7876941,26.9121912],[75.7876941,26.9121905],[75.7876925,26.9121905],[75.7876925,26.9121898],[75.7876917,26.9121898],[75.7876917,26.9121891],[75.7876909,26.9121891],[75.7876909,26.9121884],[75.7876901,26.9121884],[75.7876901,26.9121876],[75.7876893,26.9121877],[75.7876893,26.9121869],[75.7876885,26.9121869],[75.7876885,26.9121855],[75.7876876,26.9121855],[75.7876876,26.9121841],[75.7876868,26.9121841],[75.7876868,26.9121833],[75.787686,26.9121833],[75.787686,26.9121826],[75.7876852,26.9121826],[75.7876852,26.9121819],[75.7876844,26.9121819],[75.7876844,26.9121812],[75.7876836,26.9121812],[75.7876836,26.9121797],[75.7876828,26.9121797],[75.7876828,26.912179],[75.787682,26.912179],[75.787682,26.9121783],[75.7876795,26.9121783],[75.7876795,26.9121776],[75.7876787,26.9121776],[75.7876787,26.9121769],[75.7876771,26.9121769],[75.7876771,26.9121762],[75.7876763,26.9121762],[75.7876763,26.9121754],[75.7876755,26.9121755],[75.7876755,26.9121747],[75.7876739,26.9121747],[75.7876739,26.912174],[75.7876723,26.912174],[75.7876723,26.9121733],[75.7876706,26.9121733],[75.7876706,26.9121726],[75.7876698,26.9121726],[75.7876698,26.9121719],[75.7876682,26.9121719],[75.7876682,26.9121712],[75.7876666,26.9121712],[75.7876666,26.9121704],[75.7876658,26.9121704],[75.7876658,26.9121697],[75.7876642,26.9121697],[75.7876642,26.912169],[75.7876634,26.912169],[75.7876634,26.9121683],[75.7876617,26.9121683],[75.7876617,26.9121676],[75.7876609,26.9121676],[75.7876609,26.9121669],[75.7876593,26.9121669],[75.7876593,26.9121662],[75.7876577,26.9121662],[75.7876577,26.9121654],[75.7876569,26.9121654],[75.7876569,26.9121633],[75.7876561,26.9121633],[75.7876561,26.9121626],[75.7876553,26.9121626],[75.7876553,26.9121618],[75.7876544,26.9121618],[75.7876544,26.9121611],[75.7876536,26.9121611],[75.7876536,26.9121604],[75.7876528,26.9121604],[75.7876528,26.912159],[75.787652,26.912159],[75.787652,26.9121582],[75.7876504,26.9121583],[75.7876504,26.9121575],[75.7876496,26.9121575],[75.7876496,26.9121568],[75.7876488,26.9121568],[75.7876488,26.9121561],[75.787648,26.9121561],[75.787648,26.9121547],[75.7876471,26.9121547],[75.7876471,26.9121539],[75.7876463,26.9121539],[75.7876463,26.9121532],[75.7876455,26.9121532],[75.7876455,26.9121525],[75.7876447,26.9121525],[75.7876447,26.9121518],[75.7876439,26.9121518],[75.7876439,26.9121511],[75.7876431,26.9121511],[75.7876431,26.9121504],[75.7876423,26.9121504],[75.7876423,26.9121496],[75.7876415,26.9121496],[75.7876415,26.9121489],[75.7876407,26.9121489],[75.7876407,26.9121482],[75.7876399,26.9121482],[75.7876398,26.9121475],[75.787639,26.9121475],[75.787639,26.9121468],[75.7876382,26.9121468],[75.7876382,26.912146],[75.7876374,26.9121461],[75.7876374,26.9121453],[75.787635,26.9121453],[75.787635,26.9121446],[75.7876302,26.9121446],[75.7876302,26.9121454],[75.7876294,26.9121454],[75.7876294,26.9121461],[75.7876286,26.9121461],[75.7876286,26.9121468],[75.7876278,26.9121468],[75.7876278,26.9121475],[75.787627,26.9121476],[75.787627,26.9121483],[75.7876262,26.9121483],[75.7876262,26.912149],[75.7876254,26.912149],[75.7876254,26.9121497],[75.7876246,26.9121497],[75.7876246,26.9121505],[75.7876238,26.9121505],[75.7876238,26.9121512],[75.787623,26.9121512],[75.787623,26.9121519],[75.7876222,26.9121519],[75.7876222,26.9121526],[75.7876214,26.9121526],[75.7876214,26.9121541],[75.7876206,26.9121541],[75.7876206,26.9121548],[75.7876198,26.9121548],[75.7876198,26.9121555],[75.787619,26.9121555],[75.787619,26.9121563],[75.7876182,26.9121563],[75.7876182,26.912157],[75.7876174,26.912157],[75.7876174,26.9121577],[75.7876166,26.9121577],[75.7876166,26.9121584],[75.7876158,26.9121584],[75.7876158,26.9121592],[75.787615,26.9121592],[75.787615,26.9121599],[75.7876142,26.9121599],[75.7876142,26.9121613],[75.7876134,26.9121614],[75.7876134,26.9121621],[75.7876126,26.9121621],[75.7876126,26.9121628],[75.7876118,26.9121628],[75.7876118,26.9121635],[75.787611,26.9121635],[75.787611,26.912165],[75.7876102,26.912165],[75.7876102,26.9121657],[75.7876094,26.9121657],[75.7876094,26.9121664],[75.7876086,26.9121664],[75.7876086,26.9121679],[75.7876078,26.9121679],[75.7876078,26.9121686],[75.787607,26.9121686],[75.787607,26.9121708],[75.7876062,26.9121708],[75.7876062,26.9121722],[75.7876054,26.9121722],[75.7876054,26.9121737],[75.7876046,26.9121737],[75.7876046,26.9121751],[75.7876038,26.9121751],[75.7876038,26.9121759],[75.787603,26.9121759],[75.787603,26.9121773],[75.7876022,26.9121773],[75.7876022,26.9121787],[75.7876014,26.9121788],[75.7876014,26.9121795],[75.7876006,26.9121795],[75.7876006,26.9121802],[75.787599,26.9121802],[75.787599,26.9121809],[75.7875982,26.9121809],[75.7875982,26.9121817],[75.7875974,26.9121817],[75.7875974,26.9121824],[75.7875966,26.9121824],[75.7875966,26.9121831],[75.7875958,26.9121831],[75.7875958,26.9121838],[75.7875942,26.9121838],[75.7875942,26.9121853],[75.7875934,26.9121853],[75.7875934,26.9121867],[75.7875926,26.9121867],[75.7875926,26.9121875],[75.7875918,26.9121875],[75.7875918,26.9121889],[75.787591,26.9121889],[75.787591,26.9121896],[75.7875902,26.9121896],[75.7875902,26.9121904],[75.7875894,26.9121904],[75.7875894,26.9121911],[75.7875886,26.9121911],[75.7875886,26.9121925],[75.7875878,26.9121926],[75.7875878,26.912194],[75.787587,26.912194],[75.787587,26.9121947],[75.7875862,26.9121947],[75.7875862,26.9121962],[75.7875854,26.9121962],[75.7875854,26.9121969],[75.7875846,26.9121969],[75.7875846,26.9121983],[75.7875838,26.9121984],[75.7875838,26.9121991],[75.787583,26.9121991],[75.787583,26.9121998],[75.7875822,26.9121998],[75.7875822,26.9122005],[75.7875814,26.9122005],[75.7875814,26.9122013],[75.7875806,26.9122013],[75.7875806,26.9122027],[75.7875798,26.9122027],[75.7875798,26.9122042],[75.787579,26.9122042],[75.787579,26.9122056],[75.7875782,26.9122056],[75.7875782,26.9122063],[75.7875774,26.9122063],[75.7875774,26.9122071],[75.7875766,26.9122071],[75.7875766,26.9122078],[75.7875758,26.9122078],[75.7875758,26.9122092],[75.787575,26.9122092],[75.787575,26.9122107],[75.7875742,26.9122107],[75.7875742,26.9122121],[75.7875734,26.9122121],[75.7875734,26.9122136],[75.7875726,26.9122136],[75.7875727,26.9122172],[75.7875735,26.9122172],[75.7875735,26.9122179],[75.7875743,26.9122179],[75.7875743,26.9122194],[75.7875751,26.9122193],[75.7875751,26.9122201],[75.7875759,26.9122201],[75.7875759,26.9122208],[75.7875767,26.9122208],[75.7875767,26.9122215],[75.7875775,26.9122215],[75.7875775,26.9122222],[75.7875783,26.9122222],[75.7875783,26.9122229],[75.7875799,26.9122229],[75.78758,26.9122237],[75.7875808,26.9122236],[75.7875808,26.9122244],[75.7875824,26.9122244],[75.7875824,26.9122251],[75.787584,26.9122251],[75.787584,26.9122258],[75.7875856,26.9122258],[75.7875856,26.9122265],[75.7875872,26.9122265],[75.7875872,26.9122272],[75.7875896,26.9122272],[75.7875896,26.9122279],[75.7875913,26.9122279],[75.7875913,26.9122286],[75.7875937,26.9122286],[75.7875937,26.9122294],[75.7875961,26.9122293],[75.7875961,26.9122301],[75.7875977,26.9122301],[75.7875977,26.9122308],[75.7875985,26.9122308],[75.7875985,26.9122315],[75.7876001,26.9122315],[75.7876002,26.9122322],[75.787601,26.9122322],[75.787601,26.9122329],[75.7876026,26.9122329],[75.7876026,26.9122336],[75.7876042,26.9122336],[75.7876042,26.9122344],[75.7876058,26.9122343],[75.7876058,26.9122351],[75.7876098,26.912235],[75.7876098,26.9122358],[75.7876139,26.9122357],[75.7876139,26.9122365],[75.7876179,26.9122364],[75.7876179,26.9122372],[75.7876219,26.9122371],[75.7876219,26.9122379],[75.7876292,26.9122378],[75.7876292,26.9122385],[75.7876316,26.9122385],[75.7876316,26.9122393],[75.7876348,26.9122392],[75.7876348,26.91224],[75.7876365,26.9122399],[75.7876365,26.9122407],[75.7876381,26.9122407],[75.7876381,26.9122414],[75.7876397,26.9122414],[75.7876397,26.9122421],[75.7876405,26.9122421],[75.7876405,26.9122428],[75.7876421,26.9122428],[75.7876421,26.9122435],[75.7876445,26.9122435],[75.7876445,26.9122442],[75.7876462,26.9122442],[75.7876462,26.912245],[75.787647,26.9122449],[75.787647,26.9122457],[75.7876486,26.9122457],[75.7876486,26.9122464],[75.7876494,26.9122464],[75.7876494,26.9122471],[75.787651,26.9122471],[75.787651,26.9122478],[75.7876534,26.9122478],[75.7876534,26.9122485],[75.7876542,26.9122485],[75.7876542,26.9122492],[75.7876567,26.9122492],[75.7876567,26.9122499],[75.7876575,26.9122499],[75.7876575,26.9122507],[75.7876631,26.9122506],[75.7876631,26.9122499],[75.7876639,26.9122499],[75.7876639,26.9122492],[75.7876647,26.9122492],[75.7876647,26.9122485],[75.7876655,26.9122485],[75.7876655,26.9122477],[75.7876663,26.9122477],[75.7876663,26.9122463],[75.7876671,26.9122463],[75.7876671,26.9122456],[75.7876679,26.9122456],[75.7876679,26.9122441],[75.7876687,26.9122441],[75.7876687,26.9122434],[75.7876695,26.9122434],[75.7876695,26.9122427],[75.7876703,26.9122426],[75.7876703,26.9122419],[75.7876711,26.9122419],[75.7876711,26.9122412],[75.7876719,26.9122412],[75.7876719,26.9122405],[75.7876727,26.9122405],[75.7876727,26.9122397],[75.7876735,26.9122397],[75.7876735,26.912239],[75.7876743,26.912239],[75.7876743,26.9122383],[75.7876751,26.9122383],[75.7876751,26.9122368],[75.7876759,26.9122368],[75.7876759,26.9122361],[75.7876767,26.9122361],[75.7876767,26.9122354],[75.7876775,26.9122354],[75.7876775,26.9122339],[75.7876783,26.9122339],[75.7876783,26.9122332],[75.7876791,26.9122332],[75.7876791,26.9122318],[75.7876799,26.9122318],[75.7876799,26.912231],[75.7876807,26.912231],[75.7876807,26.9122303],[75.7876823,26.9122303],[75.7876823,26.9122296],[75.7876831,26.9122296],[75.7876831,26.9122303],[75.7876839,26.9122303],[75.7876839,26.912231],[75.7876847,26.912231],[75.7876847,26.9122317],[75.7876872,26.9122317],[75.7876872,26.9122324],[75.787688,26.9122324],[75.787688,26.9122339],[75.7876888,26.9122339],[75.7876888,26.9122353],[75.7876912,26.9122353],[75.7876912,26.912236],[75.787692,26.912236],[75.787692,26.9122368],[75.7876928,26.9122367],[75.7876928,26.9122375],[75.7876936,26.9122375],[75.7876937,26.9122389],[75.7876945,26.9122389],[75.7876945,26.9122396],[75.7876961,26.9122396],[75.7876961,26.9122403],[75.7876969,26.9122403],[75.7876969,26.9122411],[75.7876977,26.9122411],[75.7876977,26.9122418],[75.7876985,26.9122418],[75.7876985,26.9122425],[75.7877001,26.9122425],[75.7877001,26.9122432],[75.7877025,26.9122432],[75.7877026,26.9122439],[75.7877034,26.9122439],[75.7877034,26.9122446],[75.7877066,26.9122446],[75.7877066,26.9122468],[75.7877074,26.9122468],[75.7877074,26.9122475],[75.787709,26.9122475],[75.787709,26.9122482],[75.7877098,26.9122482],[75.7877098,26.9122489],[75.7877106,26.9122489],[75.7877106,26.9122496],[75.7877115,26.9122496],[75.7877115,26.9122504],[75.7877123,26.9122504],[75.7877123,26.9122511],[75.7877163,26.9122511],[75.7877163,26.9122518],[75.7877203,26.9122518]]]}},{"type":"Feature","properties":{"building_id":"B-0144","vertices":530},"geometry":{"type":"Polygon","coordinates":[[[75.7882468,26.9113821],[75.7882476,26.9113821],[75.7882476,26.9113799],[75.788246,26.91138],[75.788246,26.9113785],[75.7882452,26.9113785],[75.7882452,26.9113771],[75.7882444,26.9113771],[75.7882444,26.9113756],[75.7882428,26.9113756],[75.7882428,26.9113749],[75.7882411,26.9113749],[75.7882411,26.9113742],[75.7882403,26.9113742],[75.7882403,26.9113728],[75.7882395,26.9113728],[75.7882395,26.911372],[75.7882387,26.911372],[75.7882387,26.9113713],[75.7882371,26.9113713],[75.7882371,26.9113706],[75.7882363,26.9113706],[75.7882363,26.9113692],[75.7882355,26.9113692],[75.7882355,26.9113677],[75.7882346,26.9113677],[75.7882346,26.911367],[75.788233,26.911367],[75.788233,26.9113663],[75.7882322,26.9113663],[75.7882322,26.9113656],[75.7882314,26.9113656],[75.7882314,26.9113649],[75.7882306,26.9113649],[75.7882306,26.9113634],[75.7882298,26.9113634],[75.7882298,26.9113627],[75.788229,26.9113627],[75.788229,26.911362],[75.7882282,26.911362],[75.7882282,26.9113613],[75.7882273,26.9113613],[75.7882273,26.9113606],[75.7882265,26.9113606],[75.7882265,26.9113598],[75.7882257,26.9113598],[75.7882257,26.9113591],[75.7882241,26.9113591],[75.7882241,26.9113584],[75.7882233,26.9113584],[75.7882233,26.9113577],[75.7882225,26.9113577],[75.7882225,26.911357],[75.7882217,26.911357],[75.7882217,26.9113563],[75.7882201,26.9113563],[75.7882201,26.9113555],[75.7882184,26.9113555],[75.7882184,26.9113548],[75.7882168,26.9113548],[75.7882168,26.9113541],[75.788191,26.9113543],[75.7881911,26.911355],[75.7881902,26.911355],[75.7881903,26.9113557],[75.7881894,26.9113557],[75.7881895,26.9113564],[75.7881886,26.9113564],[75.7881886,26.9113572],[75.788187,26.9113572],[75.788187,26.9113579],[75.7881846,26.9113579],[75.7881846,26.9113586],[75.7881838,26.9113586],[75.7881838,26.9113601],[75.788183,26.9113601],[75.788183,26.9113615],[75.7881814,26.9113615],[75.7881814,26.9113601],[75.7881806,26.9113601],[75.7881806,26.9113594],[75.7881782,26.9113594],[75.7881782,26.9113608],[75.7881774,26.9113608],[75.7881774,26.9113601],[75.7881766,26.9113601],[75.7881766,26.9113579],[75.788179,26.9113579],[75.788179,26.9113587],[75.7881806,26.9113586],[75.7881806,26.9113579],[75.7881814,26.9113579],[75.7881814,26.911355],[75.7881806,26.911355],[75.7881806,26.9113543],[75.7880412,26.9113551],[75.7880412,26.9113558],[75.7880404,26.9113558],[75.7880404,26.9113573],[75.7880412,26.9113573],[75.7880412,26.9113587],[75.788042,26.9113587],[75.788042,26.9113594],[75.7880436,26.9113594],[75.7880437,26.9113601],[75.7880445,26.9113601],[75.7880445,26.9113609],[75.7880461,26.9113608],[75.7880461,26.9113616],[75.7880469,26.9113616],[75.7880469,26.9113623],[75.7880477,26.9113623],[75.7880477,26.911363],[75.7880485,26.911363],[75.7880485,26.9113637],[75.7880493,26.9113637],[75.7880493,26.9113644],[75.7880509,26.9113644],[75.7880509,26.9113652],[75.7880517,26.9113651],[75.7880517,26.9113659],[75.7880526,26.9113659],[75.7880526,26.9113666],[75.7880534,26.9113666],[75.7880534,26.9113673],[75.7880542,26.9113673],[75.7880542,26.911368],[75.7880558,26.911368],[75.7880558,26.9113687],[75.7880574,26.9113687],[75.7880574,26.9113694],[75.7880582,26.9113694],[75.7880582,26.9113702],[75.788059,26.9113702],[75.788059,26.9113709],[75.7880606,26.9113709],[75.7880607,26.9113716],[75.7880623,26.9113716],[75.7880623,26.9113723],[75.7880639,26.9113723],[75.7880639,26.911373],[75.7880647,26.911373],[75.7880647,26.9113737],[75.7880663,26.9113737],[75.7880663,26.9113745],[75.7880679,26.9113744],[75.7880679,26.9113752],[75.7880695,26.9113752],[75.7880695,26.9113759],[75.7880712,26.9113759],[75.7880712,26.9113766],[75.7880736,26.9113766],[75.7880736,26.9113773],[75.78808,26.9113773],[75.78808,26.911378],[75.7880824,26.911378],[75.7880825,26.9113787],[75.7880833,26.9113787],[75.7880833,26.9113794],[75.7880849,26.9113794],[75.7880849,26.9113801],[75.7880857,26.9113801],[75.7880857,26.9113816],[75.7880865,26.9113816],[75.7880865,26.9113823],[75.7880881,26.9113823],[75.7880881,26.911383],[75.7880889,26.911383],[75.7880889,26.9113837],[75.7880897,26.9113837],[75.7880897,26.9113844],[75.7880914,26.9113844],[75.7880914,26.9113851],[75.7880922,26.9113851],[75.7880922,26.9113859],[75.788093,26.9113859],[75.788093,26.9113866],[75.7880938,26.9113866],[75.7880938,26.9113873],[75.7880946,26.9113873],[75.7880946,26.911388],[75.7880962,26.911388],[75.7880962,26.9113887],[75.788097,26.9113887],[75.788097,26.9113895],[75.7880986,26.9113894],[75.7880986,26.9113902],[75.7880995,26.9113902],[75.7880995,26.9113909],[75.7881003,26.9113909],[75.7881003,26.9113916],[75.7881011,26.9113916],[75.7881011,26.9113923],[75.7881019,26.9113923],[75.7881019,26.911393],[75.7881027,26.911393],[75.7881027,26.9113938],[75.7881035,26.9113937],[75.7881035,26.9113945],[75.7881043,26.9113945],[75.7881043,26.9113952],[75.7881051,26.9113952],[75.7881051,26.9113959],[75.7881059,26.9113959],[75.7881059,26.9113966],[75.7881067,26.9113966],[75.7881068,26.9113973],[75.7881084,26.9113973],[75.7881084,26.9113981],[75.7881092,26.9113981],[75.7881092,26.9113988],[75.7881108,26.9113988],[75.7881108,26.9113995],[75.7881116,26.9113995],[75.7881116,26.9114002],[75.7881124,26.9114002],[75.7881124,26.9114009],[75.788114,26.9114009],[75.788114,26.9114016],[75.7881148,26.9114016],[75.7881148,26.9114024],[75.7881156,26.9114023],[75.7881157,26.9114031],[75.7881165,26.9114031],[75.7881165,26.9114038],[75.7881173,26.9114038],[75.7881173,26.9114045],[75.7881189,26.9114045],[75.7881189,26.9114052],[75.7881197,26.9114052],[75.7881197,26.9114059],[75.7881205,26.9114059],[75.7881205,26.9114067],[75.7881213,26.9114066],[75.7881213,26.9114074],[75.7881221,26.9114074],[75.7881221,26.9114081],[75.7881229,26.9114081],[75.7881229,26.9114088],[75.7881238,26.9114088],[75.7881238,26.9114095],[75.7881246,26.9114095],[75.7881246,26.9114102],[75.7881254,26.9114102],[75.7881254,26.911411],[75.7881262,26.911411],[75.7881262,26.9114117],[75.788127,26.9114117],[75.788127,26.9114124],[75.7881286,26.9114124],[75.7881286,26.9114131],[75.7881294,26.9114131],[75.7881294,26.9114138],[75.7881302,26.9114138],[75.7881302,26.9114145],[75.788131,26.9114145],[75.788131,26.9114153],[75.7881319,26.9114153],[75.7881319,26.9114167],[75.7881327,26.9114167],[75.7881327,26.9114189],[75.7881319,26.9114189],[75.7881319,26.9114225],[75.7881311,26.9114225],[75.7881311,26.9114261],[75.7881319,26.9114261],[75.7881319,26.9114283],[75.7881327,26.9114283],[75.7881328,26.911429],[75.7881344,26.911429],[75.7881344,26.9114297],[75.7881352,26.9114297],[75.7881352,26.9114304],[75.788136,26.9114304],[75.788136,26.9114311],[75.7881368,26.9114311],[75.7881368,26.9114318],[75.7881392,26.9114318],[75.7881392,26.9114326],[75.78814,26.9114325],[75.78814,26.9114333],[75.7881425,26.9114333],[75.7881425,26.911434],[75.7881449,26.911434],[75.7881449,26.9114325],[75.7881457,26.9114325],[75.7881457,26.9114318],[75.7881465,26.9114318],[75.7881465,26.9114311],[75.7881489,26.9114311],[75.7881489,26.9114296],[75.7881497,26.9114296],[75.7881497,26.9114274],[75.7881505,26.9114274],[75.7881505,26.911426],[75.7881529,26.911426],[75.7881529,26.9114253],[75.7881537,26.9114252],[75.7881537,26.9114231],[75.7881545,26.9114231],[75.7881544,26.9114187],[75.7881552,26.9114187],[75.7881552,26.9114166],[75.788156,26.9114166],[75.788156,26.9114151],[75.7881552,26.9114151],[75.7881552,26.9114137],[75.7881544,26.9114137],[75.7881544,26.9114108],[75.7881552,26.9114108],[75.7881552,26.9114101],[75.78816,26.91141],[75.78816,26.9114108],[75.7881624,26.9114108],[75.7881624,26.91141],[75.7881632,26.91141],[75.7881632,26.9114079],[75.788164,26.9114079],[75.788164,26.9114071],[75.7881632,26.9114071],[75.7881632,26.9114057],[75.7881624,26.9114057],[75.7881624,26.9114043],[75.7881608,26.9114043],[75.7881608,26.911405],[75.7881551,26.911405],[75.7881551,26.9114043],[75.7881543,26.9114043],[75.7881543,26.9114029],[75.7881535,26.9114029],[75.7881535,26.9114021],[75.7881527,26.9114021],[75.7881527,26.9114014],[75.7881543,26.9114014],[75.7881543,26.9114021],[75.7881567,26.9114021],[75.7881567,26.9114028],[75.7881592,26.9114028],[75.7881592,26.9114021],[75.7881608,26.9114021],[75.7881608,26.9114028],[75.7881624,26.9114028],[75.7881624,26.9114021],[75.7881632,26.9114021],[75.7881631,26.9113956],[75.7881623,26.9113956],[75.7881623,26.9113941],[75.7881615,26.9113941],[75.7881615,26.9113949],[75.7881607,26.9113949],[75.7881607,26.9113956],[75.7881599,26.9113956],[75.7881599,26.9113963],[75.7881591,26.9113963],[75.7881591,26.9113934],[75.7881599,26.9113934],[75.7881599,26.9113927],[75.7881615,26.9113927],[75.7881615,26.911392],[75.7881623,26.911392],[75.7881623,26.9113913],[75.7881631,26.9113912],[75.7881631,26.9113905],[75.7881639,26.9113905],[75.7881639,26.9113891],[75.7881671,26.9113891],[75.7881671,26.9113876],[75.7881679,26.9113876],[75.7881679,26.9113862],[75.7881687,26.9113862],[75.7881687,26.9113854],[75.7881695,26.9113854],[75.7881695,26.9113898],[75.7881703,26.9113898],[75.7881704,26.9113905],[75.7881712,26.9113905],[75.7881712,26.9113934],[75.788172,26.9113934],[75.788172,26.9113941],[75.7881736,26.9113941],[75.7881736,26.9113948],[75.7881744,26.9113948],[75.7881744,26.9113962],[75.7881752,26.9113962],[75.7881752,26.9113977],[75.788176,26.9113977],[75.788176,26.9113984],[75.7881769,26.9113984],[75.7881769,26.9113991],[75.7881777,26.9113991],[75.7881777,26.9113998],[75.7881785,26.9113998],[75.7881785,26.9114006],[75.7881793,26.9114005],[75.7881793,26.9114013],[75.7881801,26.9114013],[75.7881801,26.911402],[75.7881809,26.911402],[75.7881809,26.9114027],[75.7881825,26.9114027],[75.7881825,26.9114034],[75.7881833,26.9114034],[75.7881833,26.9114041],[75.7881841,26.9114041],[75.7881841,26.9114049],[75.788185,26.9114048],[75.788185,26.9114056],[75.7881858,26.9114056],[75.7881858,26.911407],[75.7881874,26.911407],[75.7881874,26.9114077],[75.7881882,26.9114077],[75.7881882,26.9114084],[75.788189,26.9114084],[75.788189,26.9114092],[75.7881898,26.9114092],[75.7881898,26.9114099],[75.7881906,26.9114099],[75.7881906,26.9114106],[75.7881922,26.9114106],[75.7881922,26.9114113],[75.7881931,26.9114113],[75.7881931,26.911412],[75.7881939,26.911412],[75.7881939,26.9114127],[75.7881947,26.9114127],[75.7881947,26.9114135],[75.7881955,26.9114135],[75.7881955,26.9114149],[75.7881971,26.9114149],[75.7881971,26.9114156],[75.7881979,26.9114156],[75.7881979,26.9114163],[75.7881987,26.9114163],[75.7881987,26.9114171],[75.7881995,26.911417],[75.7881995,26.9114178],[75.7882003,26.9114178],[75.7882004,26.9114185],[75.788202,26.9114185],[75.788202,26.9114192],[75.7882028,26.9114192],[75.7882028,26.9114199],[75.7882036,26.9114199],[75.7882036,26.9114206],[75.7882044,26.9114206],[75.7882044,26.9114214],[75.7882052,26.9114213],[75.7882052,26.9114221],[75.788206,26.9114221],[75.788206,26.9114228],[75.7882068,26.9114228],[75.7882068,26.9114235],[75.7882084,26.9114235],[75.7882085,26.9114242],[75.7882093,26.9114242],[75.7882093,26.9114257],[75.7882109,26.9114257],[75.7882109,26.9114264],[75.7882125,26.9114264],[75.7882125,26.9114271],[75.7882165,26.9114271],[75.7882165,26.9114263],[75.7882173,26.9114263],[75.7882173,26.9114256],[75.7882181,26.9114256],[75.7882181,26.9114249],[75.7882189,26.9114249],[75.7882189,26.9114242],[75.7882197,26.9114242],[75.7882197,26.9114234],[75.7882205,26.9114234],[75.7882205,26.9114227],[75.7882213,26.9114227],[75.7882213,26.911422],[75.7882221,26.911422],[75.7882221,26.9114205],[75.7882229,26.9114205],[75.7882229,26.9114191],[75.7882237,26.9114191],[75.7882237,26.9114176],[75.7882253,26.9114176],[75.7882253,26.9114162],[75.7882261,26.9114162],[75.7882261,26.911414],[75.7882269,26.911414],[75.7882269,26.9114126],[75.7882277,26.9114126],[75.7882277,26.9114111],[75.7882285,26.9114111],[75.7882285,26.9114104],[75.7882293,26.9114104],[75.7882293,26.9114097],[75.7882301,26.9114097],[75.7882301,26.9114089],[75.7882309,26.9114089],[75.7882309,26.9114068],[75.7882317,26.9114068],[75.7882317,26.911406],[75.7882325,26.911406],[75.7882325,26.9114053],[75.7882349,26.9114053],[75.7882349,26.9114038],[75.7882357,26.9114038],[75.7882357,26.9114024],[75.7882365,26.9114024],[75.7882365,26.9114017],[75.7882373,26.9114017],[75.7882373,26.9114009],[75.7882381,26.9114009],[75.7882381,26.9114002],[75.7882389,26.9114002],[75.7882389,26.9113995],[75.7882397,26.9113995],[75.7882397,26.911398],[75.7882405,26.911398],[75.7882405,26.9113966],[75.7882413,26.9113966],[75.7882413,26.9113959],[75.7882421,26.9113959],[75.7882421,26.9113951],[75.7882437,26.9113951],[75.7882437,26.911393],[75.7882445,26.911393],[75.7882445,26.9113908],[75.7882453,26.9113908],[75.7882453,26.9113886],[75.7882477,26.9113886],[75.7882476,26.9113836],[75.7882468,26.9113836],[75.7882468,26.9113821]],[[75.7882469,26.911385],[75.788246,26.911385],[75.788246,26.9113857],[75.7882452,26.9113857],[75.7882452,26.9113836],[75.7882468,26.9113836],[75.7882469,26.911385]]]}},{"type":"Feature","properties":{"building_id":"B-0025","vertices":448},"geometry":{"type":"Polygon","coordinates":[[[75.7877921,26.91226],[75.7877921,26.9122593],[75.7877929,26.9122593],[75.7877929,26.9122586],[75.7877937,26.9122586],[75.7877937,26.9122579],[75.7877945,26.9122578],[75.7877945,26.9122571],[75.7877953,26.9122571],[75.7877953,26.9122564],[75.7877985,26.9122564],[75.7877985,26.9122571],[75.7878017,26.9122571],[75.7878017,26.9122578],[75.787805,26.9122578],[75.787805,26.9122585],[75.7878106,26.9122585],[75.7878106,26.912257],[75.7878114,26.912257],[75.7878114,26.9122556],[75.7878122,26.9122556],[75.7878122,26.9122527],[75.787813,26.9122527],[75.787813,26.9122512],[75.7878138,26.9122512],[75.7878138,26.9122505],[75.7878146,26.9122505],[75.7878146,26.9122498],[75.7878154,26.9122498],[75.7878154,26.9122483],[75.7878162,26.9122483],[75.7878162,26.9122476],[75.7878178,26.9122476],[75.7878178,26.9122469],[75.7878186,26.9122469],[75.7878186,26.9122462],[75.7878194,26.9122462],[75.7878194,26.9122447],[75.7878202,26.9122447],[75.7878202,26.9122425],[75.787821,26.9122425],[75.787821,26.9122418],[75.7878234,26.9122418],[75.7878234,26.9122411],[75.7878242,26.9122411],[75.7878242,26.9122418],[75.7878282,26.9122418],[75.7878282,26.9122425],[75.7878298,26.9122425],[75.7878298,26.9122432],[75.7878315,26.9122432],[75.7878315,26.9122439],[75.7878339,26.9122439],[75.7878339,26.9122446],[75.7878363,26.9122446],[75.7878363,26.9122453],[75.7878371,26.9122453],[75.7878371,26.9122461],[75.7878387,26.912246],[75.7878387,26.9122468],[75.7878395,26.9122468],[75.7878395,26.9122475],[75.7878403,26.9122475],[75.7878403,26.9122482],[75.787842,26.9122482],[75.787842,26.9122489],[75.7878436,26.9122489],[75.7878436,26.9122496],[75.7878508,26.9122496],[75.7878508,26.9122503],[75.7878549,26.9122503],[75.7878549,26.912251],[75.7878589,26.912251],[75.7878589,26.9122503],[75.7878653,26.9122502],[75.7878653,26.9122495],[75.7878669,26.9122495],[75.7878669,26.9122488],[75.7878686,26.9122488],[75.7878685,26.912248],[75.7878694,26.912248],[75.7878693,26.9122473],[75.7878702,26.9122473],[75.7878701,26.9122466],[75.787871,26.9122466],[75.7878709,26.9122459],[75.7878718,26.9122459],[75.7878717,26.9122451],[75.7878726,26.9122451],[75.7878725,26.9122444],[75.7878734,26.9122444],[75.7878733,26.9122437],[75.7878742,26.9122437],[75.7878741,26.9122422],[75.787875,26.9122422],[75.7878749,26.9122408],[75.7878757,26.9122408],[75.7878757,26.9122401],[75.7878765,26.9122401],[75.7878765,26.9122393],[75.7878773,26.9122393],[75.7878773,26.9122379],[75.7878781,26.9122379],[75.7878781,26.9122372],[75.7878789,26.9122372],[75.7878789,26.9122364],[75.7878797,26.9122364],[75.7878797,26.9122357],[75.7878805,26.9122357],[75.7878805,26.912235],[75.7878813,26.912235],[75.7878813,26.9122342],[75.7878821,26.9122342],[75.7878821,26.9122335],[75.7878829,26.9122335],[75.7878829,26.9122328],[75.7878837,26.9122328],[75.7878837,26.9122321],[75.7878845,26.9122321],[75.7878845,26.9122306],[75.7878853,26.9122306],[75.7878853,26.9122299],[75.7878861,26.9122299],[75.7878861,26.9122292],[75.7878869,26.9122292],[75.7878869,26.9122277],[75.7878877,26.9122277],[75.7878877,26.9122255],[75.7878885,26.9122255],[75.7878885,26.9122241],[75.7878893,26.9122241],[75.7878893,26.9122234],[75.7878901,26.9122234],[75.7878901,26.9122226],[75.7878909,26.9122226],[75.7878909,26.9122219],[75.7878917,26.9122219],[75.7878917,26.9122205],[75.7878925,26.9122205],[75.7878925,26.912219],[75.7878933,26.912219],[75.7878933,26.9122176],[75.7878941,26.9122176],[75.7878941,26.9122168],[75.7878949,26.9122168],[75.7878949,26.9122154],[75.7878957,26.9122154],[75.7878957,26.9122147],[75.7878965,26.9122147],[75.7878965,26.9122132],[75.7878973,26.9122132],[75.7878973,26.9122118],[75.7878981,26.9122118],[75.7878981,26.9122103],[75.7878989,26.9122103],[75.7878989,26.9122089],[75.7878997,26.9122089],[75.7878997,26.9122081],[75.7879005,26.9122081],[75.7879005,26.9122067],[75.7879013,26.9122067],[75.7879013,26.9122052],[75.7879021,26.9122052],[75.7879021,26.9122038],[75.7879029,26.9122038],[75.7879029,26.9122031],[75.7879037,26.9122031],[75.7879037,26.9122016],[75.7879045,26.9122016],[75.7879045,26.9122009],[75.7879053,26.9122009],[75.7879053,26.9121994],[75.7879061,26.9121994],[75.7879061,26.912198],[75.7879069,26.912198],[75.7879069,26.9121965],[75.7879077,26.9121965],[75.7879077,26.9121951],[75.7879085,26.9121951],[75.7879085,26.9121944],[75.7879093,26.9121944],[75.7879092,26.9121922],[75.7879101,26.9121922],[75.78791,26.9121908],[75.7879108,26.9121907],[75.7879108,26.9121879],[75.7879116,26.9121879],[75.7879116,26.9121864],[75.7879124,26.9121864],[75.7879124,26.912185],[75.7879132,26.912185],[75.7879132,26.9121842],[75.787914,26.9121842],[75.787914,26.9121821],[75.7879148,26.9121821],[75.7879148,26.9121741],[75.787914,26.9121741],[75.787914,26.9121734],[75.7879115,26.9121734],[75.7879115,26.9121727],[75.7879099,26.9121727],[75.7879099,26.912172],[75.7879083,26.912172],[75.7879083,26.9121713],[75.7879059,26.9121713],[75.7879059,26.9121706],[75.7879043,26.9121706],[75.7879043,26.9121698],[75.7879026,26.9121698],[75.7879026,26.9121691],[75.787901,26.9121691],[75.787901,26.9121684],[75.7879002,26.9121684],[75.7879002,26.9121677],[75.7878986,26.9121677],[75.7878986,26.912167],[75.7878962,26.912167],[75.7878962,26.9121663],[75.7878938,26.9121663],[75.7878938,26.9121656],[75.7878905,26.9121656],[75.7878905,26.9121649],[75.7878873,26.9121649],[75.7878873,26.9121642],[75.7878857,26.9121642],[75.7878857,26.9121634],[75.7878841,26.9121635],[75.7878841,26.9121627],[75.7878825,26.9121627],[75.7878825,26.912162],[75.7878816,26.912162],[75.7878816,26.9121613],[75.7878792,26.9121613],[75.7878792,26.9121606],[75.7878776,26.9121606],[75.7878776,26.9121599],[75.7878744,26.9121599],[75.7878744,26.9121592],[75.7878736,26.9121592],[75.7878736,26.9121585],[75.787872,26.9121585],[75.7878719,26.9121577],[75.7878679,26.9121578],[75.7878679,26.912157],[75.7878631,26.9121571],[75.7878631,26.9121563],[75.7878607,26.9121564],[75.7878607,26.9121571],[75.787855,26.9121571],[75.787855,26.9121578],[75.7878542,26.9121578],[75.7878542,26.9121571],[75.7878534,26.9121571],[75.7878534,26.9121564],[75.7878526,26.9121564],[75.7878526,26.9121542],[75.787851,26.9121542],[75.787851,26.9121535],[75.7878494,26.9121535],[75.7878494,26.9121528],[75.7878453,26.9121528],[75.7878453,26.9121536],[75.7878437,26.9121536],[75.7878437,26.9121543],[75.7878429,26.9121543],[75.7878429,26.9121565],[75.7878421,26.9121565],[75.7878421,26.9121572],[75.7878413,26.9121572],[75.7878413,26.9121579],[75.7878405,26.9121579],[75.7878405,26.9121594],[75.7878397,26.9121594],[75.7878397,26.9121601],[75.7878389,26.9121601],[75.7878389,26.9121608],[75.7878381,26.9121608],[75.7878381,26.9121615],[75.7878373,26.9121615],[75.7878373,26.9121623],[75.7878365,26.9121623],[75.7878365,26.9121644],[75.7878357,26.9121644],[75.7878358,26.9121681],[75.787835,26.9121681],[75.787835,26.9121695],[75.7878342,26.9121695],[75.7878342,26.912171],[75.7878334,26.912171],[75.7878334,26.9121746],[75.7878326,26.9121746],[75.7878326,26.9121775],[75.7878318,26.9121775],[75.7878318,26.9121782],[75.7878221,26.9121782],[75.7878221,26.912179],[75.7878205,26.912179],[75.7878205,26.9121804],[75.7878181,26.9121804],[75.7878181,26.9121812],[75.7878157,26.9121812],[75.7878157,26.9121819],[75.7878149,26.9121819],[75.7878149,26.9121826],[75.7878141,26.9121826],[75.7878141,26.9121833],[75.7878133,26.9121833],[75.7878133,26.9121841],[75.7878125,26.9121841],[75.7878125,26.9121848],[75.7878117,26.9121848],[75.7878117,26.9121855],[75.7878109,26.9121855],[75.7878109,26.9121863],[75.7878101,26.9121863],[75.7878101,26.912187],[75.7878093,26.912187],[75.7878093,26.9121891],[75.7878085,26.9121892],[75.7878085,26.9121899],[75.7878077,26.9121899],[75.7878077,26.9121906],[75.7878069,26.9121906],[75.7878069,26.9121921],[75.7878061,26.9121921],[75.7878061,26.9121928],[75.7878053,26.9121928],[75.7878053,26.9121935],[75.7878045,26.9121935],[75.7878045,26.9121942],[75.7878037,26.9121942],[75.7878037,26.912195],[75.7878021,26.912195],[75.7878021,26.9121964],[75.7878013,26.9121964],[75.7878013,26.9121986],[75.7878005,26.9121986],[75.7878005,26.9121993],[75.7877997,26.9121993],[75.7877997,26.9122],[75.7877989,26.9122],[75.7877989,26.9122008],[75.7877981,26.9122008],[75.7877981,26.9122015],[75.7877973,26.9122015],[75.7877973,26.9122037],[75.7877965,26.9122037],[75.7877965,26.9122051],[75.7877957,26.9122051],[75.7877957,26.9122058],[75.7877949,26.9122058],[75.7877949,26.9122066],[75.7877941,26.9122066],[75.7877941,26.9122073],[75.7877933,26.9122073],[75.7877933,26.9122087],[75.7877925,26.9122087],[75.7877926,26.9122102],[75.7877917,26.9122102],[75.7877918,26.9122109],[75.7877909,26.9122109],[75.787791,26.9122124],[75.7877901,26.9122124],[75.7877902,26.9122131],[75.7877893,26.9122131],[75.7877894,26.9122145],[75.7877886,26.9122145],[75.7877886,26.912216],[75.7877878,26.912216],[75.7877878,26.9122182],[75.787787,26.9122182],[75.787787,26.9122189],[75.7877862,26.9122189],[75.7877862,26.9122196],[75.7877854,26.9122196],[75.7877854,26.9122203],[75.7877846,26.9122203],[75.7877846,26.9122218],[75.7877838,26.9122218],[75.7877838,26.9122232],[75.787783,26.9122232],[75.787783,26.9122247],[75.7877822,26.9122247],[75.7877822,26.9122254],[75.7877814,26.9122254],[75.7877814,26.9122261],[75.7877806,26.9122261],[75.7877806,26.9122269],[75.7877798,26.9122269],[75.7877798,26.912229],[75.787779,26.912229],[75.787779,26.9122312],[75.7877782,26.9122312],[75.7877782,26.9122319],[75.7877774,26.9122319],[75.7877774,26.9122334],[75.7877766,26.9122334],[75.7877766,26.9122341],[75.7877758,26.9122341],[75.7877758,26.9122348],[75.787775,26.9122348],[75.787775,26.9122363],[75.7877742,26.9122363],[75.7877742,26.9122385],[75.7877734,26.9122385],[75.7877734,26.9122392],[75.7877726,26.9122392],[75.7877726,26.9122399],[75.7877718,26.9122399],[75.7877718,26.9122414],[75.787771,26.9122414],[75.787771,26.9122435],[75.7877702,26.9122435],[75.7877702,26.9122457],[75.787771,26.9122457],[75.7877711,26.9122471],[75.7877719,26.9122471],[75.7877719,26.9122479],[75.7877727,26.9122479],[75.7877727,26.9122486],[75.7877735,26.9122486],[75.7877735,26.9122493],[75.7877743,26.9122493],[75.7877743,26.9122507],[75.7877751,26.9122507],[75.7877751,26.9122515],[75.7877759,26.9122514],[75.7877759,26.9122522],[75.7877775,26.9122522],[75.7877775,26.9122529],[75.7877792,26.9122529],[75.7877792,26.9122543],[75.78778,26.9122543],[75.78778,26.912255],[75.7877816,26.912255],[75.7877816,26.9122558],[75.7877832,26.9122557],[75.7877832,26.9122565],[75.787784,26.9122565],[75.787784,26.9122572],[75.7877848,26.9122572],[75.7877848,26.9122579],[75.7877856,26.9122579],[75.7877856,26.9122586],[75.7877872,26.9122586],[75.7877873,26.9122593],[75.7877897,26.9122593],[75.7877897,26.91226],[75.7877921,26.91226]]]}},{"type":"Feature","properties":{"building_id":"B-0010","vertices":168},"geometry":{"type":"Polygon","coordinates":[[[75.7879789,26.9123666],[75.7879789,26.9123659],[75.787983,26.9123659],[75.787983,26.9123651],[75.7879838,26.9123651],[75.7879838,26.9123637],[75.7879846,26.9123637],[75.7879845,26.9123615],[75.7879853,26.9123615],[75.7879853,26.9123593],[75.7879861,26.9123593],[75.7879861,26.9123572],[75.7879869,26.9123572],[75.7879869,26.912355],[75.7879877,26.912355],[75.7879877,26.9123521],[75.7879885,26.9123521],[75.7879885,26.9123499],[75.7879893,26.9123499],[75.7879893,26.9123478],[75.7879901,26.9123478],[75.7879901,26.9123456],[75.7879909,26.9123456],[75.7879909,26.9123449],[75.7880005,26.9123448],[75.7880005,26.9123441],[75.7880021,26.9123441],[75.7880021,26.9123434],[75.7880029,26.9123434],[75.7880029,26.9123412],[75.7880037,26.9123412],[75.7880037,26.9123376],[75.7880045,26.9123376],[75.7880045,26.9123332],[75.7880053,26.9123332],[75.7880052,26.9123246],[75.788006,26.9123246],[75.788006,26.9123144],[75.7880068,26.9123144],[75.7880065,26.9122783],[75.7880057,26.9122783],[75.7880057,26.9122769],[75.7880041,26.9122769],[75.7880041,26.9122762],[75.7879993,26.9122762],[75.7879993,26.9122755],[75.7879904,26.9122755],[75.7879904,26.9122748],[75.7879783,26.9122749],[75.7879783,26.9122742],[75.7879614,26.9122742],[75.7879614,26.9122735],[75.7879533,26.9122736],[75.7879533,26.9122743],[75.7879525,26.9122743],[75.7879525,26.9122736],[75.7879509,26.9122736],[75.7879509,26.9122729],[75.7879485,26.9122729],[75.7879485,26.9122722],[75.7879469,26.9122722],[75.7879469,26.9122729],[75.7879453,26.9122729],[75.7879453,26.9122722],[75.7879388,26.9122722],[75.7879388,26.9122715],[75.787934,26.9122715],[75.787934,26.9122708],[75.7879324,26.9122708],[75.7879323,26.9122701],[75.7879299,26.9122701],[75.7879299,26.9122694],[75.7879283,26.9122694],[75.7879283,26.9122687],[75.7879251,26.9122687],[75.7879251,26.912268],[75.7878985,26.9122681],[75.7878985,26.9122688],[75.7878977,26.9122688],[75.7878977,26.9122703],[75.7878969,26.9122703],[75.7878969,26.9122739],[75.7878961,26.9122739],[75.7878961,26.9122761],[75.7878953,26.9122761],[75.7878953,26.9122782],[75.7878945,26.9122782],[75.7878946,26.9122811],[75.7878938,26.9122811],[75.7878938,26.912284],[75.787893,26.912284],[75.787893,26.9122862],[75.7878922,26.9122862],[75.7878922,26.9122956],[75.7878914,26.9122956],[75.7878915,26.9123028],[75.7878907,26.9123028],[75.7878909,26.9123288],[75.7878917,26.9123288],[75.7878917,26.9123303],[75.7878925,26.9123302],[75.7878925,26.9123324],[75.7878933,26.9123324],[75.7878933,26.9123339],[75.7878941,26.9123338],[75.7878941,26.9123353],[75.7878949,26.9123353],[75.7878949,26.912336],[75.7878957,26.912336],[75.7878957,26.9123367],[75.7878966,26.9123367],[75.7878966,26.9123374],[75.7878974,26.9123374],[75.7878974,26.9123382],[75.7878982,26.9123382],[75.7878982,26.9123389],[75.7879006,26.9123389],[75.7879006,26.9123396],[75.7879038,26.9123396],[75.7879038,26.9123403],[75.7879103,26.9123403],[75.7879103,26.912341],[75.7879119,26.912341],[75.7879119,26.9123417],[75.7879127,26.9123417],[75.7879127,26.9123424],[75.7879143,26.9123424],[75.7879143,26.9123431],[75.7879159,26.9123431],[75.7879159,26.9123438],[75.7879192,26.9123438],[75.7879192,26.9123445],[75.7879224,26.9123445],[75.7879224,26.9123452],[75.7879288,26.9123452],[75.7879288,26.9123459],[75.7879361,26.9123459],[75.7879361,26.9123466],[75.7879442,26.9123466],[75.7879442,26.9123473],[75.787945,26.9123473],[75.787945,26.9123466],[75.7879474,26.9123466],[75.7879474,26.9123559],[75.7879482,26.9123559],[75.7879483,26.9123588],[75.7879491,26.9123588],[75.7879491,26.9123595],[75.7879515,26.9123595],[75.7879515,26.9123603],[75.7879523,26.9123602],[75.7879523,26.912361],[75.7879531,26.912361],[75.7879531,26.9123617],[75.7879547,26.9123617],[75.7879547,26.9123624],[75.7879564,26.9123624],[75.7879564,26.9123631],[75.7879644,26.9123631],[75.7879644,26.9123638],[75.7879709,26.9123638],[75.7879709,26.9123645],[75.7879733,26.9123645],[75.7879733,26.9123652],[75.7879757,26.9123652],[75.7879757,26.9123659],[75.7879781,26.9123659],[75.7879781,26.9123666],[75.7879789,26.9123666]]]}},{"type":"Feature","properties":{"building_id":"B-0132","vertices":410},"geometry":{"type":"Polygon","coordinates":[[[75.7874544,26.9115469],[75.7874544,26.9115462],[75.787456,26.9115461],[75.787456,26.9115447],[75.7874568,26.9115447],[75.7874568,26.9115433],[75.7874576,26.9115432],[75.7874576,26.9115404],[75.7874584,26.9115404],[75.7874584,26.9115396],[75.7874592,26.9115396],[75.7874592,26.9115382],[75.78746,26.9115382],[75.78746,26.9115375],[75.7874608,26.9115375],[75.7874608,26.9115367],[75.7874616,26.9115367],[75.7874616,26.911536],[75.7874624,26.911536],[75.7874624,26.9115331],[75.7874632,26.9115331],[75.7874632,26.9115324],[75.7874648,26.9115324],[75.7874648,26.9115309],[75.7874656,26.9115309],[75.7874656,26.9115302],[75.7874672,26.9115302],[75.7874672,26.9115295],[75.787468,26.9115295],[75.787468,26.9115302],[75.7874696,26.9115302],[75.7874696,26.9115309],[75.7874704,26.9115309],[75.7874704,26.9115316],[75.787472,26.9115316],[75.787472,26.9115323],[75.7874753,26.9115323],[75.7874752,26.9115316],[75.7874769,26.9115316],[75.7874769,26.9115309],[75.7874777,26.9115309],[75.7874776,26.9115294],[75.7874785,26.9115294],[75.7874784,26.911528],[75.7874793,26.911528],[75.7874792,26.9115272],[75.7874801,26.9115272],[75.78748,26.9115251],[75.7874808,26.9115251],[75.7874808,26.9115243],[75.7874816,26.9115243],[75.7874816,26.9115236],[75.7874824,26.9115236],[75.7874824,26.9115229],[75.7874832,26.9115229],[75.7874832,26.9115214],[75.787484,26.9115214],[75.787484,26.91152],[75.7874848,26.91152],[75.7874848,26.9115178],[75.7874856,26.9115178],[75.7874856,26.9115164],[75.7874864,26.9115164],[75.7874864,26.9115149],[75.7874872,26.9115149],[75.7874872,26.9115135],[75.787488,26.9115135],[75.787488,26.911512],[75.7874888,26.911512],[75.7874888,26.9115113],[75.7874896,26.9115113],[75.7874896,26.9115106],[75.7874912,26.9115106],[75.7874912,26.9115098],[75.7874928,26.9115098],[75.7874928,26.9115091],[75.7874936,26.9115091],[75.7874936,26.9115084],[75.7874944,26.9115084],[75.7874944,26.9115077],[75.7874952,26.9115076],[75.7874952,26.9115069],[75.787496,26.9115069],[75.787496,26.9114997],[75.7874968,26.9114997],[75.7874968,26.9114982],[75.7874976,26.9114982],[75.7874976,26.9114961],[75.7874984,26.9114961],[75.7874983,26.9114939],[75.7874992,26.9114939],[75.7874991,26.9114917],[75.7874999,26.9114917],[75.7874999,26.9114903],[75.7875007,26.9114903],[75.7875007,26.9114888],[75.7875015,26.9114888],[75.7875015,26.9114874],[75.7875023,26.9114874],[75.7875023,26.9114852],[75.7875031,26.9114852],[75.7875031,26.911478],[75.7875023,26.911478],[75.7875023,26.9114766],[75.7875015,26.9114766],[75.7875014,26.9114758],[75.7875006,26.9114758],[75.7875006,26.9114722],[75.7875014,26.9114722],[75.7875014,26.9114708],[75.7875022,26.9114708],[75.7875022,26.9114686],[75.787503,26.9114686],[75.787503,26.9114657],[75.7875038,26.9114657],[75.7875038,26.9114643],[75.7875046,26.9114643],[75.7875046,26.9114635],[75.7875054,26.9114635],[75.7875054,26.9114628],[75.7875062,26.9114628],[75.7875062,26.9114621],[75.787507,26.9114621],[75.787507,26.9114614],[75.7875078,26.9114614],[75.7875078,26.9114606],[75.7875086,26.9114606],[75.7875086,26.9114599],[75.7875102,26.9114599],[75.7875102,26.9114585],[75.787511,26.9114584],[75.787511,26.9114556],[75.7875118,26.9114556],[75.7875118,26.9114541],[75.7875126,26.9114541],[75.7875126,26.9114512],[75.7875134,26.9114512],[75.7875134,26.9114498],[75.7875142,26.9114498],[75.7875141,26.9114411],[75.7875133,26.9114411],[75.7875133,26.9114404],[75.7875117,26.9114404],[75.7875117,26.9114397],[75.7875109,26.9114397],[75.7875109,26.9114389],[75.7875101,26.911439],[75.78751,26.9114382],[75.7875076,26.9114382],[75.7875076,26.9114375],[75.7875068,26.9114375],[75.7875068,26.9114368],[75.787506,26.9114368],[75.787506,26.9114354],[75.7875044,26.9114354],[75.7875044,26.9114346],[75.7875028,26.9114347],[75.7875028,26.9114339],[75.787502,26.9114339],[75.787502,26.9114332],[75.7875012,26.9114332],[75.7875011,26.9114325],[75.7875003,26.9114325],[75.7875003,26.9114318],[75.7874987,26.9114318],[75.7874987,26.9114311],[75.7874971,26.9114311],[75.7874971,26.9114304],[75.7874963,26.9114304],[75.7874963,26.9114289],[75.7874955,26.9114289],[75.7874955,26.9114282],[75.7874939,26.9114282],[75.7874939,26.9114275],[75.7874931,26.9114275],[75.787493,26.9114268],[75.7874922,26.9114268],[75.7874922,26.911426],[75.7874914,26.9114261],[75.7874914,26.9114253],[75.787489,26.9114253],[75.787489,26.9114246],[75.7874858,26.9114246],[75.7874858,26.9114254],[75.7874834,26.9114254],[75.7874834,26.9114261],[75.7874785,26.9114261],[75.7874785,26.9114254],[75.7874777,26.9114254],[75.7874777,26.911424],[75.7874769,26.911424],[75.7874769,26.9114232],[75.7874753,26.9114233],[75.7874753,26.9114225],[75.7874745,26.9114225],[75.7874745,26.9114211],[75.7874737,26.9114211],[75.7874737,26.9114197],[75.7874729,26.9114197],[75.7874729,26.9114189],[75.7874712,26.9114189],[75.7874712,26.9114182],[75.7874704,26.9114182],[75.7874704,26.9114175],[75.7874696,26.9114175],[75.7874696,26.9114168],[75.7874664,26.9114168],[75.7874664,26.9114161],[75.7874656,26.9114161],[75.7874656,26.9114154],[75.7874648,26.9114154],[75.7874648,26.9114146],[75.7874559,26.9114147],[75.7874559,26.9114169],[75.7874551,26.9114169],[75.7874551,26.9114183],[75.7874543,26.9114183],[75.7874543,26.911419],[75.7874535,26.911419],[75.7874535,26.9114198],[75.7874527,26.9114198],[75.7874527,26.9114212],[75.7874519,26.9114212],[75.7874519,26.9114227],[75.7874511,26.9114227],[75.7874511,26.9114234],[75.7874503,26.9114234],[75.7874503,26.9114248],[75.7874495,26.9114248],[75.7874495,26.9114263],[75.7874487,26.9114263],[75.7874487,26.911427],[75.7874479,26.911427],[75.7874479,26.9114285],[75.7874471,26.9114285],[75.7874472,26.9114314],[75.7874464,26.9114314],[75.7874464,26.9114335],[75.7874456,26.9114335],[75.7874456,26.911435],[75.7874448,26.911435],[75.7874448,26.9114357],[75.787444,26.9114357],[75.787444,26.9114364],[75.7874432,26.9114364],[75.7874432,26.9114386],[75.7874424,26.9114386],[75.7874424,26.9114393],[75.7874416,26.9114393],[75.7874416,26.9114401],[75.7874408,26.9114401],[75.7874408,26.9114429],[75.78744,26.911443],[75.78744,26.9114444],[75.7874392,26.9114444],[75.7874392,26.911448],[75.7874384,26.911448],[75.7874385,26.9114538],[75.7874376,26.9114538],[75.7874377,26.9114552],[75.7874369,26.9114552],[75.7874369,26.9114567],[75.7874361,26.9114567],[75.7874361,26.9114581],[75.7874353,26.9114581],[75.7874353,26.9114589],[75.7874345,26.9114589],[75.7874345,26.911461],[75.7874337,26.911461],[75.7874337,26.9114625],[75.7874329,26.9114625],[75.7874329,26.9114639],[75.7874321,26.9114639],[75.7874321,26.9114661],[75.7874313,26.9114661],[75.7874313,26.9114668],[75.7874305,26.9114668],[75.7874305,26.9114683],[75.7874297,26.9114683],[75.7874297,26.9114705],[75.7874289,26.9114705],[75.7874289,26.9114719],[75.7874281,26.9114719],[75.7874281,26.9114726],[75.7874273,26.9114726],[75.7874273,26.9114748],[75.7874265,26.9114748],[75.7874265,26.9114755],[75.7874257,26.9114755],[75.7874257,26.911477],[75.7874249,26.911477],[75.7874249,26.9114791],[75.7874241,26.9114792],[75.7874241,26.9114799],[75.7874233,26.9114799],[75.7874233,26.9114813],[75.7874225,26.9114813],[75.7874225,26.9114835],[75.7874217,26.9114835],[75.7874218,26.9114849],[75.7874209,26.9114849],[75.787421,26.9114864],[75.7874201,26.9114864],[75.7874202,26.9114886],[75.7874194,26.9114886],[75.7874194,26.91149],[75.7874186,26.91149],[75.7874186,26.9114915],[75.7874178,26.9114915],[75.7874178,26.9114929],[75.787417,26.9114929],[75.787417,26.9114936],[75.7874162,26.9114936],[75.7874162,26.9114958],[75.7874154,26.9114958],[75.7874154,26.9114973],[75.7874146,26.9114973],[75.7874146,26.9114987],[75.7874138,26.9114987],[75.7874138,26.9114994],[75.787413,26.9114994],[75.787413,26.9115009],[75.7874122,26.9115009],[75.7874122,26.9115031],[75.7874114,26.9115031],[75.7874114,26.9115045],[75.7874106,26.9115045],[75.7874106,26.9115067],[75.7874098,26.9115067],[75.7874098,26.9115081],[75.787409,26.9115081],[75.787409,26.9115089],[75.7874082,26.9115089],[75.7874082,26.9115103],[75.7874074,26.9115103],[75.7874074,26.9115125],[75.7874066,26.9115125],[75.7874066,26.9115146],[75.7874058,26.9115146],[75.7874059,26.9115161],[75.787405,26.9115161],[75.7874051,26.9115175],[75.7874043,26.9115175],[75.7874043,26.9115197],[75.7874035,26.9115197],[75.7874035,26.911524],[75.7874043,26.911524],[75.7874043,26.9115248],[75.7874051,26.9115248],[75.7874051,26.9115255],[75.7874067,26.9115255],[75.7874067,26.9115262],[75.7874075,26.9115262],[75.7874075,26.9115269],[75.7874083,26.9115269],[75.7874084,26.9115276],[75.78741,26.9115276],[75.78741,26.9115283],[75.7874116,26.9115283],[75.7874116,26.9115291],[75.7874132,26.9115291],[75.7874132,26.9115298],[75.7874148,26.9115298],[75.7874148,26.9115305],[75.7874172,26.9115305],[75.7874172,26.9115312],[75.7874188,26.9115312],[75.7874189,26.9115319],[75.7874213,26.9115319],[75.7874213,26.9115326],[75.7874229,26.9115326],[75.7874229,26.9115333],[75.7874245,26.9115333],[75.7874245,26.911534],[75.7874261,26.911534],[75.7874261,26.9115348],[75.7874269,26.9115348],[75.7874269,26.9115355],[75.7874294,26.9115355],[75.7874294,26.9115362],[75.7874302,26.9115362],[75.7874302,26.9115369],[75.787431,26.9115369],[75.787431,26.9115376],[75.7874318,26.9115376],[75.7874318,26.9115383],[75.7874334,26.9115383],[75.7874334,26.911539],[75.7874358,26.911539],[75.7874358,26.9115398],[75.7874366,26.9115398],[75.7874366,26.9115405],[75.7874382,26.9115405],[75.7874383,26.9115412],[75.7874399,26.9115412],[75.7874399,26.9115419],[75.7874415,26.9115419],[75.7874415,26.9115426],[75.7874431,26.9115426],[75.7874431,26.9115433],[75.7874447,26.9115433],[75.7874447,26.911544],[75.7874471,26.911544],[75.7874471,26.9115448],[75.7874488,26.9115447],[75.7874488,26.9115455],[75.7874512,26.9115455],[75.7874512,26.9115462],[75.7874528,26.9115462],[75.7874528,26.9115469],[75.7874544,26.9115469]]]}},{"type":"Feature","properties":{"building_id":"B-0035","vertices":388},"geometry":{"type":"Polygon","coordinates":[[[75.7879379,26.9121393],[75.7879379,26.91214],[75.7879371,26.91214],[75.7879371,26.9121408],[75.7879331,26.9121408],[75.7879331,26.9121401],[75.7879314,26.9121401],[75.7879314,26.9121386],[75.7879306,26.9121386],[75.7879306,26.9121379],[75.787929,26.9121379],[75.787929,26.9121372],[75.7879282,26.9121372],[75.7879282,26.9121365],[75.7879258,26.9121365],[75.7879258,26.9121372],[75.7879234,26.9121372],[75.7879234,26.9121365],[75.7879226,26.9121365],[75.7879225,26.9121351],[75.7879217,26.9121351],[75.7879217,26.9121336],[75.7879201,26.9121336],[75.7879201,26.9121329],[75.7879177,26.9121329],[75.7879177,26.9121322],[75.7879161,26.9121322],[75.7879161,26.9121315],[75.7879137,26.9121315],[75.7879137,26.9121322],[75.7879121,26.9121322],[75.787912,26.9121315],[75.7879104,26.9121315],[75.7879104,26.9121322],[75.7879088,26.9121323],[75.7879088,26.9121315],[75.787908,26.9121315],[75.787908,26.9121308],[75.787912,26.9121308],[75.787912,26.9121301],[75.7879128,26.9121301],[75.7879128,26.9121293],[75.7879145,26.9121293],[75.7879144,26.9121286],[75.7879153,26.9121286],[75.7879152,26.9121272],[75.787916,26.9121272],[75.787916,26.912125],[75.7879168,26.912125],[75.7879168,26.9121235],[75.7879176,26.9121235],[75.7879176,26.9121207],[75.7879184,26.9121206],[75.7879184,26.9121178],[75.7879192,26.9121178],[75.7879192,26.9121163],[75.78792,26.9121163],[75.78792,26.9121141],[75.7879208,26.9121141],[75.7879208,26.9121127],[75.7879216,26.9121127],[75.7879216,26.9121098],[75.7879224,26.9121098],[75.7879224,26.9121083],[75.7879232,26.9121083],[75.7879232,26.9121069],[75.787924,26.9121069],[75.7879239,26.912104],[75.7879247,26.912104],[75.7879247,26.9121011],[75.7879255,26.9121011],[75.7879255,26.9120989],[75.7879263,26.9120989],[75.7879263,26.9120932],[75.7879255,26.9120932],[75.7879255,26.9120924],[75.7879247,26.9120924],[75.7879247,26.912091],[75.7879239,26.912091],[75.7879238,26.9120903],[75.787923,26.9120903],[75.787923,26.9120888],[75.7879222,26.9120888],[75.7879222,26.9120881],[75.7879214,26.9120881],[75.7879214,26.9120874],[75.7879206,26.9120874],[75.7879206,26.9120867],[75.7879198,26.9120867],[75.7879198,26.9120845],[75.787919,26.9120845],[75.787919,26.9120838],[75.7879182,26.9120838],[75.7879182,26.9120831],[75.7879174,26.9120831],[75.7879173,26.9120824],[75.7879165,26.9120824],[75.7879165,26.9120809],[75.7879157,26.9120809],[75.7879157,26.9120802],[75.7879149,26.9120802],[75.7879149,26.9120795],[75.7879141,26.9120795],[75.7879141,26.9120788],[75.7879133,26.9120788],[75.7879133,26.9120781],[75.7879117,26.9120781],[75.7879117,26.9120774],[75.7879109,26.9120774],[75.7879109,26.9120766],[75.7879101,26.9120766],[75.7879101,26.9120759],[75.7879084,26.9120759],[75.7879084,26.9120752],[75.787906,26.9120752],[75.787906,26.9120745],[75.7879052,26.9120745],[75.7879052,26.9120738],[75.7879036,26.9120738],[75.7879036,26.9120731],[75.787902,26.9120731],[75.787902,26.9120723],[75.7879004,26.9120724],[75.7879004,26.9120716],[75.7878979,26.9120716],[75.7878979,26.9120709],[75.7878963,26.9120709],[75.7878963,26.9120702],[75.7878955,26.9120702],[75.7878955,26.9120695],[75.7878939,26.9120695],[75.7878939,26.9120688],[75.7878931,26.9120688],[75.7878931,26.9120681],[75.7878907,26.9120681],[75.7878907,26.9120674],[75.7878882,26.9120674],[75.7878882,26.9120666],[75.7878866,26.9120667],[75.7878866,26.9120659],[75.7878842,26.9120659],[75.7878842,26.9120652],[75.7878834,26.9120652],[75.7878834,26.9120645],[75.7878818,26.9120645],[75.7878818,26.9120638],[75.7878794,26.9120638],[75.7878793,26.9120631],[75.7878777,26.9120631],[75.7878777,26.9120624],[75.7878761,26.9120624],[75.7878761,26.9120617],[75.7878745,26.9120617],[75.7878745,26.9120609],[75.7878729,26.912061],[75.7878729,26.9120602],[75.787868,26.9120603],[75.787868,26.9120595],[75.7878552,26.9120596],[75.7878552,26.9120603],[75.7878535,26.9120603],[75.7878536,26.9120625],[75.7878528,26.9120625],[75.7878528,26.9120632],[75.7878511,26.9120632],[75.7878512,26.9120647],[75.7878504,26.9120647],[75.7878504,26.9120654],[75.7878487,26.9120654],[75.7878488,26.9120661],[75.7878479,26.9120662],[75.787848,26.9120669],[75.7878471,26.9120669],[75.7878472,26.9120676],[75.7878463,26.9120676],[75.7878464,26.9120683],[75.7878455,26.9120683],[75.7878456,26.9120712],[75.7878448,26.9120712],[75.7878448,26.9120734],[75.787844,26.9120734],[75.787844,26.9120748],[75.7878432,26.9120748],[75.7878432,26.9120763],[75.7878424,26.9120763],[75.7878424,26.9120799],[75.7878416,26.9120799],[75.7878416,26.9120842],[75.7878408,26.9120842],[75.7878408,26.9120864],[75.78784,26.9120864],[75.78784,26.9120879],[75.7878392,26.9120879],[75.7878392,26.9120886],[75.7878384,26.9120886],[75.7878385,26.9120908],[75.7878376,26.9120908],[75.7878377,26.9121038],[75.7878369,26.9121038],[75.7878369,26.9121045],[75.7878361,26.9121045],[75.7878361,26.9121052],[75.7878353,26.9121052],[75.7878353,26.9121059],[75.7878345,26.9121059],[75.7878345,26.9121067],[75.7878337,26.9121067],[75.7878337,26.9121074],[75.7878329,26.9121074],[75.7878329,26.9121081],[75.7878321,26.9121081],[75.7878321,26.9121096],[75.7878313,26.9121096],[75.7878313,26.9121103],[75.7878305,26.9121103],[75.7878305,26.912111],[75.7878297,26.912111],[75.7878297,26.9121125],[75.7878289,26.9121125],[75.787829,26.9121154],[75.7878281,26.9121154],[75.7878282,26.9121175],[75.7878274,26.9121175],[75.7878274,26.9121197],[75.7878266,26.9121197],[75.7878266,26.9121204],[75.787825,26.9121204],[75.787825,26.9121212],[75.7878242,26.9121212],[75.7878242,26.9121233],[75.7878234,26.9121233],[75.7878234,26.9121248],[75.7878226,26.9121248],[75.7878226,26.9121255],[75.7878218,26.9121255],[75.7878218,26.9121262],[75.787821,26.9121262],[75.787821,26.9121277],[75.7878202,26.9121277],[75.7878202,26.9121299],[75.7878194,26.9121299],[75.7878194,26.9121364],[75.7878202,26.9121364],[75.7878202,26.9121371],[75.7878219,26.9121371],[75.7878219,26.9121378],[75.7878243,26.9121378],[75.7878243,26.9121385],[75.7878251,26.9121385],[75.7878251,26.9121392],[75.7878275,26.9121392],[75.7878275,26.9121399],[75.7878291,26.9121399],[75.7878291,26.9121406],[75.7878315,26.9121406],[75.7878316,26.9121414],[75.7878348,26.9121413],[75.7878348,26.9121421],[75.7878372,26.912142],[75.7878372,26.9121428],[75.7878396,26.9121428],[75.7878396,26.9121435],[75.7878412,26.9121435],[75.7878412,26.9121442],[75.7878445,26.9121442],[75.7878445,26.9121449],[75.7878477,26.9121449],[75.7878477,26.9121456],[75.7878501,26.9121456],[75.7878501,26.9121463],[75.7878525,26.9121463],[75.7878525,26.912147],[75.7878541,26.912147],[75.7878542,26.9121477],[75.7878558,26.9121477],[75.7878558,26.9121484],[75.7878574,26.9121484],[75.7878574,26.9121492],[75.7878606,26.9121491],[75.7878606,26.9121499],[75.787863,26.9121498],[75.787863,26.9121506],[75.7878646,26.9121506],[75.7878647,26.9121513],[75.7878663,26.9121513],[75.7878663,26.912152],[75.7878687,26.912152],[75.7878687,26.9121527],[75.7878727,26.9121527],[75.7878727,26.9121534],[75.7878743,26.9121534],[75.7878743,26.9121541],[75.787876,26.9121541],[75.787876,26.9121548],[75.7878776,26.9121548],[75.7878776,26.9121555],[75.7878792,26.9121555],[75.7878792,26.9121563],[75.7878816,26.9121562],[75.7878816,26.912157],[75.7878832,26.912157],[75.7878832,26.9121577],[75.7878856,26.9121577],[75.7878856,26.9121584],[75.7878873,26.9121584],[75.7878873,26.9121591],[75.7878889,26.9121591],[75.7878889,26.9121598],[75.7878913,26.9121598],[75.7878913,26.9121605],[75.7878945,26.9121605],[75.7878945,26.9121612],[75.7878978,26.9121612],[75.7878978,26.9121619],[75.7878994,26.9121619],[75.7878994,26.9121626],[75.7879018,26.9121626],[75.7879018,26.9121634],[75.7879034,26.9121633],[75.7879034,26.9121641],[75.7879058,26.9121641],[75.7879058,26.9121648],[75.7879099,26.9121648],[75.7879099,26.9121655],[75.7879107,26.9121655],[75.7879107,26.9121662],[75.7879115,26.9121662],[75.7879115,26.9121669],[75.7879131,26.9121669],[75.7879131,26.9121676],[75.7879155,26.9121676],[75.7879155,26.9121683],[75.7879204,26.9121683],[75.7879204,26.912169],[75.787922,26.912169],[75.787922,26.9121697],[75.7879236,26.9121697],[75.7879236,26.9121705],[75.7879252,26.9121704],[75.7879252,26.9121712],[75.7879276,26.9121712],[75.7879276,26.9121719],[75.7879292,26.9121719],[75.7879293,26.9121726],[75.7879349,26.9121726],[75.7879349,26.9121733],[75.7879381,26.9121733],[75.7879381,26.9121725],[75.7879421,26.9121725],[75.7879421,26.9121718],[75.7879429,26.9121718],[75.7879429,26.9121711],[75.7879437,26.9121711],[75.7879437,26.9121703],[75.7879445,26.9121703],[75.7879445,26.9121674],[75.7879453,26.9121674],[75.7879453,26.912166],[75.7879461,26.912166],[75.7879461,26.9121552],[75.7879452,26.9121552],[75.7879452,26.9121544],[75.7879444,26.9121544],[75.7879444,26.9121537],[75.7879436,26.9121537],[75.7879436,26.912153],[75.7879428,26.912153],[75.7879428,26.9121516],[75.787942,26.9121516],[75.787942,26.9121509],[75.7879412,26.9121509],[75.7879412,26.9121487],[75.7879404,26.9121487],[75.7879404,26.912148],[75.7879396,26.912148],[75.7879395,26.9121473],[75.7879404,26.9121472],[75.7879404,26.9121465],[75.7879412,26.9121465],[75.7879411,26.9121444],[75.7879403,26.9121444],[75.7879403,26.9121429],[75.7879411,26.9121429],[75.7879411,26.9121422],[75.7879419,26.9121422],[75.7879419,26.91214],[75.7879395,26.91214],[75.7879395,26.9121393],[75.7879379,26.9121393]]]}},{"type":"Feature","properties":{"building_id":"B-0120","vertices":204},"geometry":{"type":"Polygon","coordinates":[[[75.7873887,26.9116021],[75.7873887,26.9116014],[75.7873911,26.9116014],[75.7873911,26.9116007],[75.7873919,26.9116007],[75.7873919,26.9115999],[75.7873927,26.9115999],[75.7873927,26.9115992],[75.7873935,26.9115992],[75.7873935,26.9115949],[75.7873943,26.9115949],[75.7873943,26.9115927],[75.7873951,26.9115927],[75.7873951,26.9115869],[75.7873959,26.9115869],[75.7873959,26.9115855],[75.7873967,26.9115855],[75.7873966,26.9115826],[75.7873975,26.9115826],[75.7873974,26.9115804],[75.7873982,26.9115804],[75.7873982,26.9115775],[75.787399,26.9115775],[75.787399,26.9115746],[75.7873998,26.9115746],[75.7873998,26.9115739],[75.7874006,26.9115739],[75.7874006,26.9115732],[75.7874014,26.9115732],[75.7874014,26.9115725],[75.7874022,26.9115724],[75.7874022,26.911571],[75.787403,26.911571],[75.787403,26.9115667],[75.7874038,26.9115667],[75.7874038,26.9115652],[75.7874046,26.9115652],[75.7874046,26.9115645],[75.7874054,26.9115645],[75.7874054,26.9115638],[75.7874062,26.9115638],[75.7874062,26.9115609],[75.787407,26.9115609],[75.787407,26.9115587],[75.7874078,26.9115587],[75.7874078,26.9115572],[75.7874086,26.9115572],[75.7874085,26.9115558],[75.7874094,26.9115558],[75.7874093,26.9115551],[75.7874102,26.9115551],[75.7874101,26.9115543],[75.787411,26.9115543],[75.7874109,26.9115536],[75.7874118,26.9115536],[75.7874117,26.9115529],[75.7874126,26.9115529],[75.7874125,26.9115514],[75.7874133,26.9115514],[75.7874133,26.91155],[75.7874141,26.91155],[75.7874141,26.9115493],[75.7874149,26.9115493],[75.7874149,26.9115485],[75.7874157,26.9115485],[75.7874157,26.9115478],[75.7874165,26.9115478],[75.7874165,26.9115449],[75.7874173,26.9115449],[75.7874173,26.9115377],[75.7874165,26.9115377],[75.7874165,26.911537],[75.7874157,26.911537],[75.7874157,26.9115363],[75.787414,26.9115363],[75.7874141,26.911537],[75.7874132,26.911537],[75.7874132,26.9115363],[75.7874124,26.9115363],[75.7874124,26.9115356],[75.7874116,26.9115356],[75.7874116,26.9115334],[75.7874108,26.9115334],[75.7874108,26.9115327],[75.78741,26.9115327],[75.78741,26.911532],[75.7874092,26.911532],[75.7874092,26.9115312],[75.7874084,26.9115312],[75.7874084,26.9115305],[75.7874068,26.9115305],[75.7874068,26.9115298],[75.7874059,26.9115298],[75.7874059,26.9115291],[75.7874035,26.9115291],[75.7874035,26.9115284],[75.7874019,26.9115284],[75.7874019,26.9115277],[75.7874011,26.9115277],[75.7874011,26.911527],[75.7873995,26.911527],[75.7873995,26.9115262],[75.7873987,26.9115262],[75.7873987,26.9115255],[75.7873971,26.9115255],[75.7873971,26.9115248],[75.7873946,26.9115248],[75.7873946,26.9115241],[75.7873914,26.9115241],[75.7873914,26.9115234],[75.787389,26.9115234],[75.787389,26.9115227],[75.7873874,26.9115227],[75.7873874,26.911522],[75.7873817,26.911522],[75.7873817,26.9115213],[75.7873785,26.9115213],[75.7873785,26.9115206],[75.7873729,26.9115206],[75.7873728,26.9115199],[75.7873688,26.9115199],[75.7873688,26.9115192],[75.7873551,26.9115193],[75.7873551,26.9115185],[75.787343,26.9115186],[75.787343,26.9115179],[75.7873398,26.9115179],[75.7873398,26.9115157],[75.7873382,26.9115157],[75.7873382,26.911515],[75.7873261,26.9115151],[75.7873261,26.9115144],[75.7873212,26.9115144],[75.7873212,26.9115137],[75.7873019,26.9115138],[75.7873019,26.9115145],[75.7872971,26.9115145],[75.7872971,26.9115153],[75.7872963,26.9115153],[75.7872964,26.9115333],[75.7872956,26.9115333],[75.7872956,26.9115377],[75.787294,26.9115377],[75.7872943,26.9115803],[75.7872967,26.9115803],[75.7872967,26.911581],[75.7873024,26.9115809],[75.7873024,26.9115817],[75.787308,26.9115816],[75.787308,26.9115824],[75.7873145,26.9115823],[75.7873145,26.911583],[75.7873185,26.911583],[75.7873185,26.9115837],[75.7873225,26.9115837],[75.7873225,26.9115844],[75.7873282,26.9115844],[75.7873282,26.9115851],[75.7873338,26.9115851],[75.7873338,26.9115844],[75.7873346,26.9115844],[75.7873346,26.9115837],[75.7873354,26.9115837],[75.7873354,26.9115829],[75.7873362,26.9115829],[75.7873362,26.9115822],[75.7873402,26.9115822],[75.7873403,26.9115829],[75.7873427,26.9115829],[75.7873427,26.9115843],[75.7873435,26.9115843],[75.7873435,26.9115887],[75.7873443,26.9115887],[75.7873443,26.9115908],[75.7873459,26.9115908],[75.787346,26.9115915],[75.7873532,26.9115915],[75.7873532,26.9115922],[75.787358,26.9115922],[75.787358,26.9115929],[75.7873629,26.9115929],[75.7873629,26.9115936],[75.7873661,26.9115936],[75.7873661,26.9115943],[75.7873709,26.9115943],[75.787371,26.911595],[75.7873718,26.911595],[75.7873718,26.9115957],[75.7873726,26.9115957],[75.7873726,26.9115964],[75.7873742,26.9115964],[75.7873742,26.911595],[75.787375,26.911595],[75.787375,26.9115986],[75.7873758,26.9115986],[75.7873758,26.9115993],[75.7873766,26.9115993],[75.7873766,26.9116],[75.7873798,26.9116],[75.7873799,26.9116007],[75.7873823,26.9116007],[75.7873823,26.9116014],[75.7873863,26.9116014],[75.7873863,26.9116021],[75.7873887,26.9116021]]]}},{"type":"Feature","properties":{"building_id":"B-0027","vertices":582},"geometry":{"type":"Polygon","coordinates":[[[75.7877686,26.912245],[75.7877686,26.9122443],[75.7877694,26.9122443],[75.7877694,26.9122421],[75.7877702,26.9122421],[75.7877702,26.9122406],[75.787771,26.9122406],[75.787771,26.9122392],[75.7877718,26.9122392],[75.7877718,26.9122385],[75.7877726,26.9122385],[75.7877726,26.912237],[75.7877734,26.912237],[75.7877734,26.9122356],[75.7877742,26.9122356],[75.7877742,26.9122341],[75.787775,26.9122341],[75.787775,26.9122327],[75.7877758,26.9122327],[75.7877758,26.9122312],[75.7877766,26.9122312],[75.7877766,26.9122298],[75.7877774,26.9122298],[75.7877774,26.9122283],[75.7877782,26.9122283],[75.7877782,26.9122269],[75.787779,26.9122269],[75.787779,26.9122262],[75.7877798,26.9122261],[75.7877798,26.9122247],[75.7877806,26.9122247],[75.7877806,26.912224],[75.7877814,26.912224],[75.7877814,26.9122233],[75.7877822,26.9122232],[75.7877822,26.9122225],[75.787783,26.9122225],[75.787783,26.9122218],[75.7877838,26.9122218],[75.7877838,26.9122196],[75.7877846,26.9122196],[75.7877846,26.9122189],[75.7877854,26.9122189],[75.7877854,26.9122175],[75.7877862,26.9122174],[75.7877861,26.912216],[75.787787,26.912216],[75.7877869,26.9122153],[75.7877878,26.9122153],[75.7877877,26.9122138],[75.7877885,26.9122138],[75.7877885,26.9122124],[75.7877893,26.9122124],[75.7877893,26.9122109],[75.7877909,26.9122109],[75.7877909,26.9122102],[75.7877917,26.9122102],[75.7877917,26.9122087],[75.7877925,26.9122087],[75.7877925,26.9122073],[75.7877933,26.9122073],[75.7877933,26.9122059],[75.7877941,26.9122058],[75.7877941,26.9122044],[75.7877949,26.9122044],[75.7877949,26.9122037],[75.7877957,26.9122037],[75.7877957,26.9122022],[75.7877965,26.9122022],[75.7877965,26.9122008],[75.7877973,26.9122008],[75.7877973,26.9122001],[75.7877981,26.9122],[75.7877981,26.9121986],[75.7877989,26.9121986],[75.7877989,26.9121979],[75.7877997,26.9121979],[75.7877997,26.9121943],[75.7877981,26.9121943],[75.7877981,26.9121935],[75.7877973,26.9121936],[75.7877972,26.9121899],[75.7877964,26.9121899],[75.7877964,26.9121892],[75.7877956,26.9121892],[75.7877956,26.9121885],[75.7877948,26.9121885],[75.7877948,26.9121878],[75.7877932,26.9121878],[75.7877932,26.9121871],[75.7877924,26.9121871],[75.7877924,26.9121864],[75.7877908,26.9121864],[75.7877908,26.9121856],[75.7877884,26.9121857],[75.7877883,26.9121849],[75.7877875,26.9121849],[75.7877875,26.9121842],[75.7877867,26.9121842],[75.7877867,26.9121835],[75.7877859,26.9121835],[75.7877859,26.9121828],[75.7877843,26.9121828],[75.7877843,26.9121821],[75.7877835,26.9121821],[75.7877835,26.9121813],[75.7877811,26.9121814],[75.7877811,26.9121806],[75.7877803,26.9121806],[75.7877803,26.9121799],[75.7877795,26.9121799],[75.7877794,26.9121792],[75.7877778,26.9121792],[75.7877778,26.9121785],[75.7877762,26.9121785],[75.7877762,26.9121778],[75.7877738,26.9121778],[75.7877738,26.9121771],[75.7877706,26.9121771],[75.7877705,26.9121742],[75.7877697,26.9121742],[75.7877697,26.9121735],[75.7877689,26.9121735],[75.7877689,26.9121728],[75.7877673,26.9121728],[75.7877673,26.912172],[75.7877665,26.9121721],[75.7877665,26.9121713],[75.7877649,26.9121713],[75.7877649,26.9121706],[75.7877641,26.9121706],[75.7877641,26.9121699],[75.7877617,26.9121699],[75.7877617,26.9121692],[75.7877608,26.9121692],[75.7877608,26.9121685],[75.78776,26.9121685],[75.78776,26.9121678],[75.7877592,26.9121678],[75.7877592,26.912167],[75.7877584,26.912167],[75.7877584,26.9121663],[75.7877568,26.9121663],[75.7877568,26.9121656],[75.787756,26.9121656],[75.787756,26.9121649],[75.7877544,26.9121649],[75.7877544,26.9121642],[75.7877536,26.9121642],[75.7877536,26.9121635],[75.7877519,26.9121635],[75.7877519,26.9121627],[75.7877503,26.9121628],[75.7877503,26.912162],[75.7877487,26.912162],[75.7877487,26.9121613],[75.7877463,26.9121613],[75.7877463,26.9121606],[75.7877447,26.9121606],[75.7877447,26.9121613],[75.7877439,26.9121613],[75.7877439,26.9121606],[75.7877431,26.9121606],[75.787743,26.9121585],[75.7877422,26.9121585],[75.7877422,26.912157],[75.7877414,26.912157],[75.7877414,26.9121563],[75.787739,26.9121563],[75.787739,26.9121556],[75.7877382,26.9121556],[75.7877382,26.9121549],[75.7877374,26.9121549],[75.7877374,26.9121542],[75.7877358,26.9121542],[75.7877358,26.9121534],[75.7877342,26.9121535],[75.7877341,26.9121527],[75.7877333,26.9121527],[75.7877333,26.912152],[75.7877325,26.912152],[75.7877325,26.9121513],[75.7877317,26.9121513],[75.7877317,26.9121506],[75.7877309,26.9121506],[75.7877309,26.9121499],[75.7877293,26.9121499],[75.7877293,26.9121491],[75.7877277,26.9121492],[75.7877277,26.9121484],[75.7877269,26.9121484],[75.7877269,26.9121477],[75.7877252,26.9121477],[75.7877252,26.912147],[75.7877236,26.912147],[75.7877236,26.9121463],[75.787722,26.9121463],[75.787722,26.9121456],[75.7877196,26.9121456],[75.7877196,26.9121449],[75.7877172,26.9121449],[75.7877172,26.9121456],[75.7877156,26.9121456],[75.7877156,26.9121471],[75.7877148,26.9121471],[75.7877148,26.9121507],[75.787714,26.9121507],[75.787714,26.9121536],[75.7877148,26.9121536],[75.7877148,26.9121543],[75.7877156,26.9121543],[75.7877156,26.9121564],[75.7877148,26.9121565],[75.7877148,26.9121579],[75.787714,26.9121579],[75.787714,26.9121586],[75.7877132,26.9121586],[75.7877132,26.9121594],[75.7877124,26.9121594],[75.7877125,26.9121622],[75.7877117,26.9121622],[75.7877117,26.912163],[75.7877109,26.912163],[75.7877108,26.9121586],[75.7877084,26.9121587],[75.7877084,26.9121615],[75.7877076,26.9121615],[75.7877076,26.9121623],[75.7877068,26.9121623],[75.7877068,26.912163],[75.787706,26.912163],[75.787706,26.9121652],[75.7877036,26.9121652],[75.7877036,26.9121645],[75.7877028,26.9121645],[75.7877028,26.9121637],[75.787702,26.9121637],[75.787702,26.912163],[75.7877004,26.912163],[75.7877004,26.9121623],[75.7876996,26.9121623],[75.7876996,26.9121616],[75.7876963,26.9121616],[75.7876963,26.9121609],[75.7876955,26.9121609],[75.7876955,26.9121616],[75.7876931,26.9121616],[75.7876931,26.9121609],[75.7876923,26.9121609],[75.7876923,26.9121602],[75.7876899,26.9121602],[75.7876899,26.9121595],[75.7876891,26.9121595],[75.7876891,26.9121588],[75.7876883,26.9121588],[75.7876883,26.912158],[75.7876875,26.9121581],[75.7876874,26.9121573],[75.7876866,26.9121573],[75.7876866,26.9121566],[75.7876858,26.9121566],[75.7876858,26.9121523],[75.7876866,26.9121523],[75.7876866,26.9121508],[75.7876882,26.9121508],[75.7876882,26.9121494],[75.787689,26.9121494],[75.787689,26.9121487],[75.7876906,26.9121486],[75.7876906,26.9121494],[75.7876922,26.9121494],[75.7876922,26.9121479],[75.787693,26.9121479],[75.787693,26.9121457],[75.7876962,26.9121457],[75.7876962,26.9121436],[75.7876938,26.9121436],[75.7876938,26.9121428],[75.787693,26.9121429],[75.787693,26.9121421],[75.7876922,26.9121421],[75.7876922,26.9121414],[75.7876906,26.9121414],[75.7876906,26.9121407],[75.7876898,26.9121407],[75.7876897,26.91214],[75.7876889,26.91214],[75.7876889,26.9121393],[75.7876881,26.9121393],[75.7876881,26.9121378],[75.7876857,26.9121378],[75.7876857,26.9121386],[75.7876809,26.9121386],[75.7876809,26.9121393],[75.7876801,26.9121393],[75.7876801,26.9121386],[75.7876793,26.9121386],[75.7876793,26.9121379],[75.7876785,26.9121379],[75.7876784,26.912135],[75.787676,26.912135],[75.787676,26.9121357],[75.7876736,26.9121357],[75.7876736,26.9121365],[75.7876728,26.9121365],[75.7876728,26.9121357],[75.7876696,26.9121358],[75.7876696,26.912135],[75.7876655,26.9121351],[75.7876655,26.9121343],[75.7876623,26.9121344],[75.7876623,26.9121336],[75.7876599,26.9121336],[75.7876599,26.9121329],[75.7876567,26.9121329],[75.7876567,26.9121322],[75.787655,26.9121322],[75.787655,26.9121315],[75.7876526,26.9121315],[75.7876526,26.9121308],[75.7876494,26.9121308],[75.7876494,26.9121315],[75.7876486,26.9121315],[75.7876486,26.9121323],[75.7876478,26.9121323],[75.7876478,26.9121315],[75.7876454,26.9121316],[75.7876454,26.9121323],[75.7876446,26.9121323],[75.7876446,26.912133],[75.787643,26.912133],[75.787643,26.9121337],[75.7876422,26.9121337],[75.7876422,26.9121345],[75.787639,26.9121345],[75.787639,26.9121359],[75.7876382,26.9121359],[75.7876382,26.9121367],[75.7876365,26.9121367],[75.7876366,26.9121374],[75.7876357,26.9121374],[75.7876358,26.9121388],[75.787635,26.9121388],[75.787635,26.9121403],[75.7876358,26.9121403],[75.7876358,26.9121432],[75.7876366,26.9121432],[75.7876366,26.9121439],[75.7876374,26.9121439],[75.7876374,26.9121453],[75.7876382,26.9121453],[75.7876382,26.912146],[75.787639,26.912146],[75.787639,26.9121468],[75.7876398,26.9121468],[75.7876398,26.9121475],[75.7876407,26.9121475],[75.7876407,26.9121482],[75.7876415,26.9121482],[75.7876415,26.9121496],[75.7876431,26.9121496],[75.7876431,26.9121504],[75.7876439,26.9121503],[75.7876439,26.9121511],[75.7876455,26.9121511],[75.7876455,26.9121518],[75.7876463,26.9121518],[75.7876463,26.9121532],[75.7876471,26.9121532],[75.7876471,26.9121547],[75.787648,26.9121547],[75.787648,26.9121561],[75.7876488,26.9121561],[75.7876488,26.9121568],[75.7876496,26.9121568],[75.7876496,26.9121575],[75.7876504,26.9121575],[75.7876504,26.9121583],[75.787652,26.9121582],[75.787652,26.912159],[75.7876528,26.912159],[75.7876528,26.9121597],[75.7876536,26.9121597],[75.7876536,26.9121604],[75.7876544,26.9121604],[75.7876544,26.9121611],[75.7876552,26.9121611],[75.7876553,26.9121626],[75.7876561,26.9121626],[75.7876561,26.9121633],[75.7876569,26.9121633],[75.7876569,26.9121654],[75.7876577,26.9121654],[75.7876577,26.9121662],[75.7876593,26.9121662],[75.7876593,26.9121669],[75.7876609,26.9121669],[75.7876609,26.9121676],[75.7876634,26.9121676],[75.7876634,26.9121683],[75.7876642,26.9121683],[75.7876642,26.912169],[75.787665,26.912169],[75.787665,26.9121697],[75.7876666,26.9121697],[75.7876666,26.9121704],[75.7876674,26.9121704],[75.7876674,26.9121712],[75.787669,26.9121712],[75.787669,26.9121719],[75.7876714,26.9121719],[75.7876714,26.9121726],[75.7876731,26.9121726],[75.7876731,26.9121733],[75.7876739,26.9121733],[75.7876739,26.912174],[75.7876755,26.912174],[75.7876755,26.9121747],[75.7876763,26.9121747],[75.7876763,26.9121754],[75.7876779,26.9121754],[75.7876779,26.9121762],[75.7876795,26.9121762],[75.7876795,26.9121769],[75.7876803,26.9121769],[75.7876803,26.9121776],[75.7876828,26.9121776],[75.7876828,26.9121783],[75.7876836,26.9121783],[75.7876836,26.912179],[75.7876844,26.912179],[75.7876844,26.9121797],[75.7876852,26.9121797],[75.7876852,26.9121805],[75.787686,26.9121804],[75.787686,26.9121812],[75.7876868,26.9121812],[75.7876868,26.9121833],[75.7876876,26.9121833],[75.7876876,26.9121841],[75.7876884,26.912184],[75.7876885,26.9121855],[75.7876893,26.9121855],[75.7876893,26.9121862],[75.7876901,26.9121862],[75.7876901,26.9121869],[75.7876909,26.9121869],[75.7876909,26.9121876],[75.7876917,26.9121876],[75.7876917,26.9121884],[75.7876925,26.9121884],[75.7876925,26.9121891],[75.7876933,26.9121891],[75.7876933,26.9121898],[75.7876941,26.9121898],[75.7876941,26.9121905],[75.7876949,26.9121905],[75.7876949,26.9121912],[75.7876957,26.9121912],[75.7876957,26.9121919],[75.7876966,26.9121919],[75.7876966,26.9121927],[75.7876974,26.9121927],[75.7876974,26.9121934],[75.7876982,26.9121934],[75.7876982,26.9121948],[75.787699,26.9121948],[75.787699,26.9121955],[75.7876998,26.9121955],[75.7876998,26.9121963],[75.7877006,26.9121963],[75.7877006,26.9121977],[75.7877014,26.9121977],[75.7877014,26.9121991],[75.7877022,26.9121991],[75.7877022,26.9121999],[75.7877031,26.9121999],[75.7877031,26.9122006],[75.7877039,26.9122006],[75.7877039,26.9122013],[75.7877047,26.9122013],[75.7877047,26.9122027],[75.7877055,26.9122027],[75.7877055,26.9122042],[75.7877063,26.9122042],[75.7877063,26.9122063],[75.7877071,26.9122063],[75.7877071,26.9122071],[75.7877079,26.912207],[75.7877079,26.9122078],[75.7877087,26.9122078],[75.7877088,26.9122085],[75.7877096,26.9122085],[75.7877096,26.9122092],[75.7877104,26.9122092],[75.7877104,26.9122106],[75.7877112,26.9122106],[75.7877112,26.9122114],[75.787712,26.9122114],[75.787712,26.9122128],[75.7877128,26.9122128],[75.7877128,26.9122135],[75.7877136,26.9122135],[75.7877136,26.9122142],[75.7877144,26.9122142],[75.7877144,26.9122157],[75.7877152,26.9122157],[75.7877153,26.9122164],[75.7877169,26.9122164],[75.7877169,26.9122171],[75.7877177,26.9122171],[75.7877177,26.9122178],[75.7877185,26.9122178],[75.7877185,26.9122185],[75.7877193,26.9122185],[75.7877193,26.9122193],[75.7877201,26.9122193],[75.7877201,26.91222],[75.7877209,26.91222],[75.7877209,26.9122207],[75.7877225,26.9122207],[75.7877225,26.9122214],[75.7877233,26.9122214],[75.7877233,26.9122221],[75.7877242,26.9122221],[75.7877242,26.9122236],[75.787725,26.9122236],[75.787725,26.9122243],[75.7877258,26.9122243],[75.7877258,26.912225],[75.7877274,26.912225],[75.7877274,26.9122264],[75.7877282,26.9122264],[75.7877282,26.9122272],[75.787729,26.9122272],[75.787729,26.9122286],[75.7877298,26.9122286],[75.7877298,26.9122293],[75.7877306,26.9122293],[75.7877307,26.91223],[75.7877315,26.91223],[75.7877315,26.9122308],[75.7877331,26.9122307],[75.7877331,26.9122315],[75.7877339,26.9122315],[75.7877339,26.9122322],[75.7877363,26.9122322],[75.7877363,26.9122329],[75.7877387,26.9122329],[75.7877387,26.9122336],[75.7877428,26.9122336],[75.7877428,26.9122343],[75.7877452,26.9122343],[75.7877452,26.912235],[75.7877476,26.912235],[75.7877476,26.9122357],[75.7877484,26.9122357],[75.7877484,26.9122364],[75.78775,26.9122364],[75.78775,26.9122371],[75.7877508,26.9122371],[75.7877508,26.9122379],[75.7877517,26.9122379],[75.7877517,26.9122386],[75.7877525,26.9122386],[75.7877525,26.9122393],[75.7877549,26.9122393],[75.7877549,26.91224],[75.7877565,26.91224],[75.7877565,26.9122407],[75.7877573,26.9122407],[75.7877573,26.9122414],[75.7877581,26.9122414],[75.7877581,26.9122422],[75.7877605,26.9122421],[75.7877606,26.9122429],[75.7877614,26.9122429],[75.7877614,26.9122436],[75.7877646,26.9122436],[75.7877646,26.9122443],[75.7877662,26.9122443],[75.7877662,26.912245],[75.7877686,26.912245]]]}},{"type":"Feature","properties":{"building_id":"B-0037","vertices":288},"geometry":{"type":"Polygon","coordinates":[[[75.7882968,26.9121965],[75.7882968,26.9121951],[75.7882976,26.9121951],[75.7882975,26.9121886],[75.7882967,26.9121886],[75.7882967,26.9121879],[75.7882983,26.9121879],[75.7882983,26.9121871],[75.788304,26.9121871],[75.788304,26.9121878],[75.7883064,26.9121878],[75.7883064,26.9121885],[75.7883072,26.9121885],[75.7883072,26.9121893],[75.788308,26.9121893],[75.788308,26.91219],[75.7883088,26.91219],[75.7883088,26.9121907],[75.7883105,26.9121907],[75.7883105,26.9121914],[75.7883129,26.9121914],[75.7883118,26.9120303],[75.7883093,26.9120304],[75.7883093,26.9120311],[75.7883077,26.9120311],[75.7883077,26.9120318],[75.7883061,26.9120318],[75.7883061,26.9120325],[75.7883037,26.9120325],[75.7883037,26.9120333],[75.7883013,26.9120333],[75.7883013,26.912034],[75.7882997,26.912034],[75.7882997,26.9120347],[75.7882989,26.9120347],[75.7882989,26.9120355],[75.7882981,26.9120355],[75.7882981,26.9120362],[75.7882965,26.9120362],[75.7882965,26.9120369],[75.7882941,26.9120369],[75.7882941,26.9120377],[75.7882917,26.9120377],[75.7882917,26.9120384],[75.7882909,26.9120384],[75.7882909,26.9120391],[75.7882885,26.9120391],[75.7882885,26.9120399],[75.7882877,26.9120399],[75.7882877,26.9120406],[75.7882852,26.9120406],[75.7882852,26.9120413],[75.788282,26.9120413],[75.788282,26.9120421],[75.7882788,26.9120421],[75.7882788,26.9120428],[75.7882756,26.9120428],[75.7882756,26.9120435],[75.7882748,26.9120435],[75.7882748,26.9120457],[75.7882756,26.9120457],[75.7882756,26.9120515],[75.7882765,26.9120515],[75.7882765,26.9120565],[75.7882741,26.9120565],[75.7882741,26.9120558],[75.7882725,26.9120558],[75.7882725,26.9120566],[75.7882709,26.9120566],[75.7882709,26.9120573],[75.7882701,26.9120573],[75.7882701,26.912058],[75.7882684,26.912058],[75.7882685,26.9120595],[75.7882693,26.9120595],[75.7882693,26.9120609],[75.7882669,26.9120609],[75.7882669,26.9120616],[75.7882652,26.9120617],[75.7882653,26.9120624],[75.7882644,26.9120624],[75.7882645,26.9120631],[75.7882636,26.9120631],[75.7882637,26.9120646],[75.788262,26.9120646],[75.788262,26.9120653],[75.7882604,26.9120653],[75.7882604,26.912066],[75.7882588,26.912066],[75.7882588,26.9120667],[75.788258,26.9120668],[75.788258,26.9120675],[75.7882572,26.9120675],[75.7882572,26.9120682],[75.7882564,26.9120682],[75.7882564,26.9120689],[75.7882548,26.9120689],[75.7882548,26.9120697],[75.788254,26.9120697],[75.788254,26.9120704],[75.7882524,26.9120704],[75.7882524,26.9120718],[75.7882516,26.9120718],[75.7882516,26.9120726],[75.7882508,26.9120726],[75.7882508,26.9120733],[75.78825,26.9120733],[75.78825,26.912074],[75.7882492,26.912074],[75.7882492,26.9120762],[75.7882484,26.9120762],[75.7882484,26.9120769],[75.7882476,26.9120769],[75.7882476,26.9120776],[75.7882468,26.9120776],[75.7882468,26.9120784],[75.788246,26.9120784],[75.788246,26.9120791],[75.7882452,26.9120791],[75.7882452,26.9120798],[75.7882444,26.9120798],[75.7882444,26.9120805],[75.7882436,26.9120806],[75.7882436,26.9120813],[75.7882428,26.9120813],[75.7882428,26.912082],[75.7882412,26.912082],[75.7882412,26.9120827],[75.7882404,26.9120827],[75.7882404,26.9120842],[75.7882396,26.9120842],[75.7882396,26.9120856],[75.788238,26.9120856],[75.788238,26.9120864],[75.7882372,26.9120864],[75.7882372,26.9120871],[75.7882364,26.9120871],[75.7882364,26.9120885],[75.7882356,26.9120885],[75.7882356,26.91209],[75.7882348,26.91209],[75.7882349,26.9120936],[75.7882357,26.9120936],[75.7882357,26.9120958],[75.7882365,26.9120958],[75.7882365,26.9120965],[75.7882373,26.9120965],[75.7882373,26.9120972],[75.7882381,26.9120972],[75.7882381,26.9120979],[75.7882389,26.9120979],[75.7882389,26.9120986],[75.7882397,26.9120986],[75.7882397,26.9120994],[75.7882405,26.9120993],[75.7882405,26.9121008],[75.7882413,26.9121008],[75.7882414,26.9121015],[75.7882422,26.9121015],[75.7882422,26.912103],[75.788243,26.9121029],[75.788243,26.9121044],[75.7882438,26.9121044],[75.7882438,26.9121058],[75.7882446,26.9121058],[75.7882446,26.9121065],[75.7882454,26.9121065],[75.7882454,26.912108],[75.7882462,26.912108],[75.7882462,26.9121094],[75.788247,26.9121094],[75.7882471,26.9121101],[75.7882479,26.9121101],[75.7882479,26.9121116],[75.7882487,26.9121116],[75.7882487,26.9121123],[75.7882495,26.9121123],[75.7882495,26.9121137],[75.7882503,26.9121137],[75.7882503,26.9121152],[75.7882511,26.9121152],[75.7882511,26.9121159],[75.7882519,26.9121159],[75.7882519,26.9121166],[75.7882527,26.9121166],[75.7882527,26.9121181],[75.7882536,26.9121181],[75.7882536,26.9121195],[75.7882544,26.9121195],[75.7882544,26.9121202],[75.7882552,26.9121202],[75.7882552,26.9121209],[75.788256,26.9121209],[75.788256,26.9121217],[75.7882568,26.9121216],[75.7882568,26.9121224],[75.7882576,26.9121224],[75.7882576,26.9121231],[75.7882584,26.9121231],[75.7882584,26.9121245],[75.7882592,26.9121245],[75.7882593,26.9121296],[75.7882601,26.9121296],[75.7882601,26.9121317],[75.7882609,26.9121317],[75.7882609,26.9121332],[75.7882617,26.9121332],[75.7882617,26.9121346],[75.7882625,26.9121346],[75.7882625,26.9121353],[75.7882633,26.9121353],[75.7882633,26.9121361],[75.7882642,26.9121361],[75.7882642,26.9121375],[75.788265,26.9121375],[75.788265,26.9121382],[75.7882658,26.9121382],[75.7882658,26.9121389],[75.7882666,26.9121389],[75.7882666,26.9121397],[75.7882674,26.9121396],[75.7882674,26.9121404],[75.788269,26.9121404],[75.788269,26.9121411],[75.7882698,26.9121411],[75.7882698,26.9121418],[75.7882706,26.9121418],[75.7882706,26.9121425],[75.7882714,26.9121425],[75.7882715,26.912144],[75.7882723,26.912144],[75.7882723,26.9121447],[75.7882739,26.9121447],[75.7882739,26.9121454],[75.7882747,26.9121454],[75.7882747,26.9121461],[75.7882755,26.9121461],[75.7882755,26.9121468],[75.7882763,26.9121468],[75.7882763,26.9121475],[75.7882771,26.9121475],[75.7882771,26.9121483],[75.7882779,26.9121483],[75.788278,26.9121555],[75.7882772,26.9121555],[75.7882773,26.9121678],[75.7882765,26.9121678],[75.7882765,26.9121707],[75.7882757,26.9121707],[75.7882757,26.9121721],[75.7882749,26.9121721],[75.7882749,26.9121728],[75.7882741,26.9121728],[75.7882741,26.9121743],[75.7882733,26.9121743],[75.7882733,26.9121793],[75.7882741,26.9121793],[75.7882741,26.9121808],[75.7882749,26.9121808],[75.7882749,26.9121815],[75.7882757,26.9121815],[75.7882758,26.9121822],[75.7882766,26.9121822],[75.7882766,26.9121829],[75.7882774,26.9121829],[75.7882774,26.9121836],[75.7882782,26.9121836],[75.7882782,26.9121851],[75.7882774,26.9121851],[75.7882774,26.9121916],[75.7882782,26.9121916],[75.7882782,26.9121923],[75.7882799,26.9121923],[75.7882798,26.9121916],[75.7882911,26.9121915],[75.7882911,26.9121922],[75.7882927,26.9121922],[75.7882927,26.9121915],[75.7882935,26.9121915],[75.7882935,26.9121908],[75.7882943,26.9121908],[75.7882943,26.9121915],[75.7882952,26.9121915],[75.7882952,26.9121929],[75.7882944,26.9121929],[75.7882944,26.9121951],[75.7882952,26.9121951],[75.7882952,26.9121965],[75.7882968,26.9121965]]]}},{"type":"Feature","properties":{"building_id":"B-0115","vertices":326},"geometry":{"type":"Polygon","coordinates":[[[75.7877959,26.9116497],[75.7877959,26.911649],[75.7877967,26.911649],[75.7877967,26.9116482],[75.7877975,26.9116482],[75.7877975,26.9116468],[75.7877983,26.9116468],[75.7877983,26.9116461],[75.7877991,26.9116461],[75.7877991,26.9116453],[75.7877999,26.9116453],[75.7877999,26.9116439],[75.7878007,26.9116439],[75.7878007,26.9116424],[75.7878015,26.9116424],[75.7878015,26.911641],[75.7878023,26.911641],[75.7878023,26.9116388],[75.7878031,26.9116388],[75.7878031,26.9116374],[75.7878039,26.9116374],[75.7878039,26.9116359],[75.7878047,26.9116359],[75.7878047,26.9116345],[75.7878055,26.9116345],[75.7878055,26.911633],[75.7878063,26.911633],[75.7878063,26.9116309],[75.7878071,26.9116309],[75.787807,26.9116294],[75.7878079,26.9116294],[75.7878078,26.911628],[75.7878087,26.911628],[75.7878086,26.9116265],[75.7878094,26.9116265],[75.7878094,26.9116251],[75.7878102,26.9116251],[75.7878102,26.9116222],[75.787811,26.9116222],[75.787811,26.9116186],[75.7878118,26.9116186],[75.7878118,26.9116121],[75.7878126,26.911612],[75.7878125,26.9116084],[75.7878133,26.9116084],[75.7878133,26.9116063],[75.7878125,26.9116063],[75.7878125,26.9116034],[75.7878117,26.9116034],[75.7878117,26.9115991],[75.7878109,26.9115991],[75.7878109,26.9115983],[75.7878117,26.9115983],[75.7878116,26.9115947],[75.7878124,26.9115947],[75.7878124,26.9115925],[75.7878132,26.9115925],[75.7878132,26.9115904],[75.787814,26.9115904],[75.787814,26.9115889],[75.7878148,26.9115889],[75.7878147,26.9115781],[75.7878139,26.9115781],[75.7878139,26.9115774],[75.7878131,26.9115774],[75.7878131,26.9115767],[75.7878123,26.9115767],[75.7878123,26.9115759],[75.7878115,26.9115759],[75.7878115,26.9115752],[75.7878107,26.9115752],[75.7878107,26.9115745],[75.7878099,26.9115745],[75.7878099,26.9115738],[75.7878091,26.9115738],[75.7878091,26.9115731],[75.7878075,26.9115731],[75.7878075,26.9115724],[75.7878067,26.9115724],[75.7878066,26.9115716],[75.7878026,26.9115717],[75.7878026,26.9115709],[75.787801,26.9115709],[75.787801,26.9115702],[75.7877978,26.9115702],[75.7877978,26.9115695],[75.7877937,26.9115695],[75.7877937,26.9115688],[75.7877921,26.9115688],[75.7877921,26.9115681],[75.7877881,26.9115681],[75.7877881,26.911566],[75.7877889,26.911566],[75.7877889,26.9115652],[75.7877913,26.9115652],[75.7877913,26.9115645],[75.7877921,26.9115645],[75.7877921,26.9115638],[75.7877929,26.9115638],[75.7877929,26.911563],[75.7877937,26.911563],[75.7877937,26.9115623],[75.7877961,26.9115623],[75.7877961,26.9115572],[75.7877969,26.9115572],[75.7877968,26.9115522],[75.787796,26.9115522],[75.787796,26.9115515],[75.7877912,26.9115515],[75.7877912,26.9115522],[75.7877904,26.9115522],[75.7877904,26.9115529],[75.7877896,26.911553],[75.7877896,26.9115537],[75.7877888,26.9115537],[75.7877888,26.911553],[75.787788,26.911553],[75.787788,26.9115515],[75.7877864,26.9115515],[75.7877864,26.9115508],[75.7877839,26.9115508],[75.7877839,26.9115501],[75.7877831,26.9115501],[75.7877831,26.9115494],[75.7877823,26.9115494],[75.7877823,26.9115487],[75.7877799,26.9115487],[75.7877799,26.911548],[75.7877791,26.911548],[75.7877791,26.9115472],[75.7877783,26.9115472],[75.7877783,26.9115465],[75.7877742,26.9115465],[75.7877742,26.9115458],[75.7877734,26.9115458],[75.7877734,26.9115451],[75.787771,26.9115451],[75.787771,26.9115444],[75.7877694,26.9115444],[75.7877694,26.9115437],[75.7877686,26.9115437],[75.7877686,26.911543],[75.7877662,26.911543],[75.7877662,26.9115422],[75.7877654,26.9115423],[75.7877654,26.9115415],[75.7877645,26.9115415],[75.7877645,26.9115408],[75.7877621,26.9115408],[75.7877621,26.9115401],[75.7877613,26.9115401],[75.7877613,26.9115394],[75.7877597,26.9115394],[75.7877597,26.9115387],[75.7877565,26.9115387],[75.7877565,26.911538],[75.7877557,26.911538],[75.7877557,26.9115373],[75.7877532,26.9115373],[75.7877532,26.9115365],[75.7877516,26.9115366],[75.7877516,26.9115358],[75.7877508,26.9115358],[75.7877508,26.9115351],[75.7877492,26.9115351],[75.7877492,26.9115344],[75.7877468,26.9115344],[75.7877468,26.911533],[75.7877452,26.911533],[75.7877451,26.9115323],[75.7877435,26.9115323],[75.7877435,26.9115315],[75.7877427,26.9115315],[75.7877427,26.9115308],[75.7877419,26.9115308],[75.7877419,26.9115301],[75.7877371,26.9115301],[75.7877371,26.9115309],[75.7877363,26.9115309],[75.7877363,26.9115323],[75.7877355,26.9115323],[75.7877355,26.9115338],[75.7877347,26.9115338],[75.7877347,26.9115345],[75.7877339,26.9115345],[75.7877339,26.9115374],[75.7877331,26.9115374],[75.7877331,26.9115388],[75.7877339,26.9115388],[75.7877339,26.9115403],[75.7877331,26.9115403],[75.7877331,26.9115432],[75.7877323,26.9115432],[75.7877324,26.9115497],[75.7877316,26.9115497],[75.7877316,26.911554],[75.7877308,26.911554],[75.7877308,26.9115554],[75.78773,26.9115555],[75.7877301,26.9115685],[75.7877293,26.9115685],[75.7877293,26.9115706],[75.7877285,26.9115706],[75.7877285,26.9115713],[75.7877277,26.9115714],[75.7877277,26.9115728],[75.7877269,26.9115728],[75.7877269,26.9115735],[75.7877261,26.9115735],[75.7877261,26.9115743],[75.7877253,26.9115743],[75.7877253,26.9115757],[75.7877245,26.9115757],[75.7877245,26.9115808],[75.7877237,26.9115808],[75.7877237,26.9115837],[75.7877229,26.9115837],[75.787723,26.9115887],[75.7877222,26.9115887],[75.7877222,26.9115938],[75.7877214,26.9115938],[75.7877215,26.9116053],[75.7877223,26.9116053],[75.7877223,26.9116061],[75.7877231,26.911606],[75.7877231,26.9116068],[75.7877247,26.9116068],[75.7877247,26.9116075],[75.7877263,26.9116075],[75.7877263,26.9116082],[75.7877288,26.9116082],[75.7877288,26.9116089],[75.7877296,26.9116089],[75.7877296,26.9116096],[75.7877312,26.9116096],[75.7877312,26.9116103],[75.7877328,26.9116103],[75.7877328,26.911611],[75.7877344,26.911611],[75.7877344,26.9116118],[75.787736,26.9116118],[75.787736,26.9116125],[75.7877393,26.9116125],[75.7877393,26.9116139],[75.7877401,26.9116139],[75.7877401,26.9116153],[75.7877393,26.9116153],[75.7877393,26.9116175],[75.7877385,26.9116175],[75.7877385,26.9116197],[75.7877377,26.9116197],[75.7877377,26.9116204],[75.7877369,26.9116204],[75.7877369,26.9116211],[75.7877361,26.9116211],[75.7877361,26.9116226],[75.7877353,26.9116226],[75.7877353,26.911624],[75.7877345,26.911624],[75.7877345,26.9116277],[75.7877337,26.9116277],[75.7877337,26.9116305],[75.7877329,26.9116305],[75.7877329,26.911632],[75.7877338,26.911632],[75.7877338,26.9116342],[75.7877346,26.9116342],[75.7877346,26.9116349],[75.7877354,26.9116349],[75.7877354,26.9116356],[75.787737,26.9116356],[75.787737,26.9116363],[75.7877378,26.9116363],[75.7877378,26.9116356],[75.7877386,26.9116356],[75.7877386,26.9116349],[75.7877394,26.9116348],[75.7877394,26.9116341],[75.7877402,26.9116341],[75.7877402,26.9116334],[75.7877458,26.9116334],[75.7877459,26.9116341],[75.7877499,26.9116341],[75.7877499,26.9116348],[75.7877515,26.9116348],[75.7877515,26.9116355],[75.7877531,26.9116355],[75.7877531,26.9116362],[75.7877547,26.9116362],[75.7877547,26.9116369],[75.7877572,26.9116369],[75.7877572,26.9116376],[75.7877596,26.9116376],[75.7877596,26.9116383],[75.7877612,26.9116383],[75.7877612,26.9116391],[75.7877628,26.911639],[75.7877628,26.9116398],[75.7877644,26.9116398],[75.7877644,26.9116405],[75.7877676,26.9116405],[75.7877677,26.9116412],[75.7877701,26.9116412],[75.7877701,26.9116419],[75.7877709,26.9116419],[75.7877709,26.9116426],[75.7877725,26.9116426],[75.7877725,26.9116433],[75.7877749,26.9116433],[75.7877749,26.911644],[75.7877773,26.911644],[75.7877773,26.9116447],[75.7877798,26.9116447],[75.7877798,26.9116455],[75.7877806,26.9116455],[75.7877806,26.9116462],[75.787783,26.9116462],[75.787783,26.9116469],[75.7877846,26.9116469],[75.7877846,26.9116476],[75.7877862,26.9116476],[75.7877862,26.9116483],[75.7877878,26.9116483],[75.7877879,26.911649],[75.7877895,26.911649],[75.7877895,26.9116497],[75.7877959,26.9116497]]]}},{"type":"Feature","properties":{"building_id":"B-0028","vertices":356},"geometry":{"type":"Polygon","coordinates":[[[75.7873005,26.912244],[75.7873005,26.9122433],[75.7873021,26.9122433],[75.7873021,26.9122425],[75.7873029,26.9122425],[75.7873029,26.9122418],[75.7873037,26.9122418],[75.7873037,26.9122411],[75.7873045,26.9122411],[75.7873045,26.9122404],[75.7873053,26.9122404],[75.7873053,26.9122396],[75.7873069,26.9122396],[75.7873069,26.9122389],[75.7873077,26.9122389],[75.7873077,26.9122382],[75.7873085,26.9122382],[75.7873085,26.9122374],[75.7873102,26.9122374],[75.7873101,26.9122367],[75.7873118,26.9122367],[75.7873118,26.912236],[75.7873126,26.912236],[75.7873126,26.9122353],[75.7873134,26.9122353],[75.7873134,26.9122345],[75.7873142,26.9122345],[75.7873142,26.9122338],[75.787315,26.9122338],[75.787315,26.9122331],[75.7873166,26.9122331],[75.7873166,26.9122323],[75.7873174,26.9122323],[75.7873174,26.9122309],[75.7873182,26.9122309],[75.7873182,26.9122302],[75.787319,26.9122302],[75.787319,26.9122294],[75.7873206,26.9122294],[75.7873206,26.9122287],[75.7873222,26.9122287],[75.7873222,26.912228],[75.787323,26.912228],[75.787323,26.9122273],[75.7873238,26.9122272],[75.7873238,26.9122265],[75.7873246,26.9122265],[75.7873246,26.9122258],[75.7873254,26.9122258],[75.7873254,26.9122251],[75.7873262,26.9122251],[75.7873262,26.9122243],[75.787327,26.9122243],[75.787327,26.9122236],[75.7873278,26.9122236],[75.7873278,26.9122229],[75.7873286,26.9122229],[75.7873286,26.9122222],[75.7873302,26.9122222],[75.7873302,26.9122214],[75.787331,26.9122214],[75.787331,26.9122207],[75.7873326,26.9122207],[75.7873326,26.91222],[75.7873334,26.91222],[75.7873334,26.9122192],[75.787335,26.9122192],[75.787335,26.9122185],[75.7873374,26.9122185],[75.7873374,26.9122178],[75.787339,26.9122178],[75.787339,26.9122171],[75.7873398,26.912217],[75.7873398,26.9122163],[75.7873406,26.9122163],[75.7873406,26.9122156],[75.7873414,26.9122156],[75.7873414,26.9122149],[75.787343,26.9122149],[75.787343,26.9122141],[75.7873438,26.9122141],[75.7873438,26.9122127],[75.7873446,26.9122127],[75.7873446,26.9122112],[75.7873454,26.9122112],[75.7873454,26.9122098],[75.7873462,26.9122098],[75.7873462,26.9122091],[75.787347,26.9122091],[75.787347,26.9122083],[75.7873478,26.9122083],[75.7873478,26.9122076],[75.7873494,26.9122076],[75.7873494,26.9122069],[75.7873543,26.9122069],[75.7873542,26.9122061],[75.7873567,26.9122061],[75.7873567,26.9122054],[75.7873583,26.9122054],[75.7873583,26.9122047],[75.7873591,26.9122047],[75.7873591,26.9122039],[75.7873599,26.9122039],[75.7873599,26.9122032],[75.7873607,26.9122032],[75.7873607,26.9122025],[75.7873615,26.9122025],[75.7873615,26.9122018],[75.7873623,26.9122018],[75.7873623,26.912201],[75.7873631,26.912201],[75.7873631,26.9122003],[75.7873639,26.9122003],[75.7873639,26.9121996],[75.7873647,26.9121996],[75.7873647,26.9121989],[75.7873655,26.9121988],[75.7873655,26.9121974],[75.7873663,26.9121974],[75.7873663,26.912196],[75.7873655,26.912196],[75.7873654,26.9121938],[75.7873646,26.9121938],[75.7873646,26.9121924],[75.7873638,26.9121924],[75.7873638,26.9121909],[75.787363,26.9121909],[75.787363,26.9121895],[75.7873622,26.9121895],[75.7873622,26.912188],[75.7873614,26.912188],[75.7873614,26.9121859],[75.7873606,26.9121859],[75.7873605,26.9121844],[75.7873597,26.9121844],[75.7873597,26.9121837],[75.7873589,26.9121837],[75.7873589,26.9121823],[75.7873581,26.9121823],[75.7873581,26.9121801],[75.7873573,26.9121801],[75.7873573,26.9121787],[75.7873565,26.9121787],[75.7873565,26.9121772],[75.7873557,26.9121772],[75.7873557,26.9121765],[75.7873548,26.9121765],[75.7873548,26.9121758],[75.7873532,26.9121758],[75.7873532,26.9121729],[75.7873556,26.9121729],[75.7873556,26.9121722],[75.7873572,26.9121722],[75.7873572,26.9121714],[75.787358,26.9121714],[75.787358,26.9121707],[75.7873588,26.9121707],[75.7873588,26.91217],[75.7873596,26.91217],[75.7873596,26.9121693],[75.7873604,26.9121693],[75.7873604,26.9121685],[75.7873612,26.9121685],[75.7873612,26.9121678],[75.7873628,26.9121678],[75.7873628,26.9121664],[75.7873636,26.9121664],[75.7873636,26.9121656],[75.7873644,26.9121656],[75.7873644,26.9121649],[75.7873652,26.9121649],[75.7873652,26.9121642],[75.787366,26.9121642],[75.787366,26.9121635],[75.7873676,26.9121634],[75.7873676,26.9121627],[75.7873684,26.9121627],[75.7873684,26.912162],[75.7873692,26.912162],[75.7873692,26.9121613],[75.7873709,26.9121613],[75.7873708,26.9121605],[75.7873717,26.9121605],[75.7873716,26.9121598],[75.7873733,26.9121598],[75.7873733,26.9121591],[75.7873741,26.9121591],[75.7873741,26.9121584],[75.7873749,26.9121583],[75.7873749,26.9121576],[75.7873765,26.9121576],[75.7873765,26.9121569],[75.7873773,26.9121569],[75.7873773,26.9121562],[75.7873781,26.9121562],[75.7873781,26.9121554],[75.7873789,26.9121554],[75.7873789,26.9121547],[75.7873797,26.9121547],[75.7873797,26.912154],[75.7873805,26.912154],[75.7873805,26.9121533],[75.7873813,26.9121533],[75.7873813,26.9121518],[75.7873821,26.9121518],[75.7873821,26.9121511],[75.7873829,26.9121511],[75.7873829,26.9121504],[75.7873837,26.9121504],[75.7873837,26.9121489],[75.7873845,26.9121489],[75.7873845,26.9121482],[75.7873853,26.9121482],[75.7873853,26.9121467],[75.7873861,26.9121467],[75.787386,26.9121373],[75.7873852,26.9121373],[75.7873852,26.9121366],[75.7873844,26.9121366],[75.7873844,26.9121359],[75.7873836,26.9121359],[75.7873836,26.9121352],[75.7873828,26.9121352],[75.7873828,26.9121345],[75.7873811,26.9121345],[75.7873811,26.9121338],[75.7873795,26.9121338],[75.7873795,26.912133],[75.7873779,26.9121331],[75.7873779,26.9121323],[75.7873771,26.9121323],[75.7873771,26.9121316],[75.7873755,26.9121316],[75.7873755,26.9121309],[75.7873739,26.9121309],[75.7873739,26.9121302],[75.7873722,26.9121302],[75.7873722,26.9121295],[75.7873706,26.9121295],[75.7873706,26.9121288],[75.7873698,26.9121288],[75.7873698,26.912128],[75.7873682,26.9121281],[75.7873682,26.9121273],[75.7873674,26.9121273],[75.7873674,26.9121266],[75.7873666,26.9121266],[75.7873666,26.9121259],[75.787365,26.9121259],[75.787365,26.9121252],[75.7873642,26.9121252],[75.7873642,26.9121245],[75.7873633,26.9121245],[75.7873633,26.9121237],[75.7873625,26.9121237],[75.7873625,26.9121223],[75.7873617,26.9121223],[75.7873617,26.9121216],[75.7873609,26.9121216],[75.7873609,26.9121209],[75.7873601,26.9121209],[75.7873601,26.9121194],[75.7873593,26.9121194],[75.7873593,26.9121187],[75.7873585,26.9121187],[75.7873585,26.9121173],[75.7873577,26.9121173],[75.7873577,26.9121166],[75.7873568,26.9121166],[75.7873568,26.9121151],[75.787356,26.9121151],[75.787356,26.9121144],[75.7873552,26.9121144],[75.7873552,26.9121137],[75.7873544,26.9121137],[75.7873544,26.912113],[75.7873536,26.912113],[75.7873536,26.9121115],[75.7873528,26.9121115],[75.7873528,26.9121108],[75.787352,26.9121108],[75.787352,26.9121101],[75.7873512,26.9121101],[75.7873512,26.9121094],[75.7873504,26.9121094],[75.7873503,26.9121087],[75.7873495,26.9121087],[75.7873495,26.9121072],[75.7873487,26.9121072],[75.7873487,26.9121065],[75.7873479,26.9121065],[75.7873479,26.9121058],[75.7873399,26.9121058],[75.7873399,26.9121065],[75.7873374,26.9121066],[75.7873374,26.9121073],[75.7873358,26.9121073],[75.7873358,26.912108],[75.7873334,26.912108],[75.7873334,26.9121087],[75.787331,26.9121088],[75.787331,26.9121095],[75.7873286,26.9121095],[75.7873286,26.9121102],[75.787327,26.9121102],[75.787327,26.9121109],[75.7873246,26.912111],[75.7873246,26.9121117],[75.7873222,26.9121117],[75.7873222,26.9121124],[75.7873206,26.9121124],[75.7873206,26.9121131],[75.787319,26.9121132],[75.787319,26.9121139],[75.7873182,26.9121139],[75.7873182,26.9121146],[75.7873166,26.9121146],[75.7873166,26.9121153],[75.7873157,26.9121153],[75.7873158,26.9121168],[75.7873141,26.9121168],[75.7873142,26.9121175],[75.7873133,26.9121175],[75.7873134,26.9121182],[75.7873125,26.9121183],[75.7873126,26.912119],[75.7873117,26.912119],[75.7873118,26.9121197],[75.7873109,26.9121197],[75.787311,26.9121204],[75.7873101,26.9121204],[75.7873102,26.9121212],[75.7873093,26.9121212],[75.7873093,26.9121219],[75.7873085,26.9121219],[75.7873085,26.9121226],[75.7873077,26.9121226],[75.7873077,26.9121233],[75.7873061,26.9121233],[75.7873061,26.9121241],[75.7873053,26.9121241],[75.7873053,26.9121248],[75.7873045,26.9121248],[75.7873045,26.9121255],[75.7873037,26.9121255],[75.7873037,26.9121262],[75.7873029,26.9121262],[75.7873029,26.912127],[75.7873013,26.912127],[75.7873013,26.9121277],[75.7872997,26.9121277],[75.7872997,26.9121284],[75.7872989,26.9121284],[75.7872989,26.9121292],[75.7872981,26.9121292],[75.7872989,26.912244],[75.7873005,26.912244]]]}},{"type":"Feature","properties":{"building_id":"B-0008","vertices":174},"geometry":{"type":"Polygon","coordinates":[[[75.7881426,26.9123765],[75.7881426,26.9123758],[75.788145,26.9123758],[75.788145,26.9123765],[75.7881466,26.9123765],[75.7881466,26.9123758],[75.7881571,26.9123757],[75.788157,26.912375],[75.7881579,26.912375],[75.7881578,26.9123743],[75.7881587,26.9123743],[75.7881586,26.9123707],[75.7881594,26.9123706],[75.7881594,26.9123699],[75.7881602,26.9123699],[75.7881602,26.9123656],[75.788161,26.9123656],[75.788161,26.9123627],[75.7881618,26.9123627],[75.7881618,26.9123605],[75.7881626,26.9123605],[75.7881626,26.9123562],[75.7881634,26.9123562],[75.7881633,26.9123504],[75.7881641,26.9123504],[75.7881641,26.9123432],[75.7881649,26.9123432],[75.7881648,26.9123381],[75.7881657,26.9123381],[75.7881656,26.9123309],[75.7881664,26.9123309],[75.7881664,26.9123287],[75.7881672,26.9123287],[75.7881672,26.9123251],[75.788168,26.9123251],[75.788168,26.9123222],[75.7881688,26.9123222],[75.7881688,26.9123215],[75.7881696,26.9123215],[75.7881695,26.9123157],[75.7881703,26.9123157],[75.7881703,26.9123143],[75.7881735,26.9123142],[75.7881735,26.9123135],[75.7881743,26.9123135],[75.7881743,26.9123085],[75.7881727,26.9123085],[75.7881727,26.9123077],[75.7881711,26.9123077],[75.7881711,26.912307],[75.7881695,26.912307],[75.7881695,26.9123063],[75.788167,26.9123063],[75.788167,26.9123056],[75.7881638,26.9123056],[75.7881638,26.9123049],[75.7881598,26.9123049],[75.7881598,26.9123042],[75.7881525,26.9123042],[75.7881525,26.9123035],[75.7881517,26.9123035],[75.7881517,26.9123028],[75.7881485,26.9123028],[75.7881485,26.9123021],[75.7881445,26.9123021],[75.7881445,26.9123014],[75.7881412,26.9123014],[75.7881412,26.9123007],[75.7881372,26.9123007],[75.7881372,26.9123],[75.7881299,26.9123],[75.7881299,26.9122993],[75.7881251,26.9122993],[75.7881251,26.9122986],[75.7881203,26.9122986],[75.7881203,26.9122979],[75.788117,26.9122979],[75.788117,26.9122972],[75.7881138,26.9122972],[75.7881138,26.9122965],[75.7881106,26.9122965],[75.7881106,26.9122958],[75.7881082,26.9122958],[75.7881082,26.9122951],[75.7881065,26.9122951],[75.7881065,26.9122944],[75.7881049,26.9122944],[75.7881049,26.9122937],[75.7881025,26.9122937],[75.7881025,26.912293],[75.7881009,26.912293],[75.7881009,26.9122922],[75.7880977,26.9122923],[75.7880977,26.9122915],[75.7880936,26.9122916],[75.7880936,26.9122908],[75.7880815,26.9122909],[75.7880815,26.9122916],[75.7880807,26.9122916],[75.7880808,26.912296],[75.78808,26.912296],[75.78808,26.912301],[75.7880792,26.912301],[75.7880792,26.9123046],[75.7880784,26.9123047],[75.7880785,26.9123148],[75.7880801,26.9123148],[75.7880801,26.9123155],[75.7880817,26.9123155],[75.7880817,26.9123162],[75.7880825,26.9123162],[75.7880825,26.9123169],[75.7880833,26.9123169],[75.7880833,26.9123176],[75.7880858,26.9123176],[75.7880858,26.9123183],[75.7880866,26.9123183],[75.7880866,26.9123212],[75.7880858,26.9123212],[75.7880858,26.9123219],[75.788085,26.912322],[75.788085,26.9123234],[75.7880818,26.9123234],[75.7880818,26.9123241],[75.788081,26.9123241],[75.788081,26.9123249],[75.7880794,26.9123249],[75.7880794,26.912327],[75.7880802,26.912327],[75.7880802,26.9123278],[75.7880794,26.9123278],[75.7880794,26.9123292],[75.7880786,26.9123292],[75.7880786,26.9123307],[75.7880778,26.9123307],[75.7880778,26.9123314],[75.788077,26.9123314],[75.788077,26.9123321],[75.788073,26.9123321],[75.788073,26.9123329],[75.7880722,26.9123329],[75.7880722,26.9123336],[75.7880714,26.9123336],[75.7880714,26.9123343],[75.7880706,26.9123343],[75.7880706,26.9123372],[75.7880698,26.9123372],[75.7880699,26.912356],[75.7880707,26.912356],[75.7880707,26.9123567],[75.7880699,26.9123567],[75.7880699,26.912361],[75.7880691,26.912361],[75.7880691,26.9123625],[75.7880675,26.9123625],[75.7880675,26.9123632],[75.7880667,26.9123632],[75.7880667,26.9123647],[75.7880659,26.9123647],[75.788066,26.9123676],[75.7880652,26.9123676],[75.7880652,26.9123719],[75.788066,26.9123719],[75.788066,26.9123748],[75.7880668,26.9123748],[75.7880668,26.9123755],[75.7880717,26.9123755],[75.7880717,26.9123762],[75.7880749,26.9123762],[75.7880749,26.9123755],[75.7880765,26.9123754],[75.7880765,26.9123762],[75.7881409,26.9123758],[75.7881409,26.9123765],[75.7881426,26.9123765]]]}},{"type":"Feature","properties":{"building_id":"B-0047","vertices":448},"geometry":{"type":"Polygon","coordinates":[[[75.7874228,26.912096],[75.7874228,26.9120952],[75.7874244,26.9120952],[75.7874244,26.9120945],[75.7874252,26.9120945],[75.7874252,26.9120938],[75.7874268,26.9120938],[75.7874268,26.9120931],[75.7874276,26.9120931],[75.7874276,26.9120923],[75.7874292,26.9120923],[75.7874292,26.9120916],[75.78743,26.9120916],[75.78743,26.9120909],[75.7874308,26.9120909],[75.7874308,26.9120901],[75.7874324,26.9120901],[75.7874324,26.9120894],[75.7874332,26.9120894],[75.7874332,26.9120887],[75.787434,26.9120887],[75.787434,26.912088],[75.7874348,26.912088],[75.7874348,26.9120872],[75.7874356,26.9120872],[75.7874356,26.9120865],[75.7874364,26.9120865],[75.7874364,26.9120858],[75.7874372,26.9120858],[75.7874372,26.9120851],[75.787438,26.912085],[75.787438,26.9120843],[75.7874388,26.9120843],[75.7874388,26.9120836],[75.7874396,26.9120836],[75.7874396,26.9120829],[75.7874404,26.9120829],[75.7874404,26.9120821],[75.787442,26.9120821],[75.787442,26.9120814],[75.7874428,26.9120814],[75.7874428,26.9120807],[75.7874436,26.9120807],[75.7874436,26.91208],[75.7874444,26.91208],[75.7874444,26.9120792],[75.7874452,26.9120792],[75.7874452,26.9120785],[75.787446,26.9120785],[75.787446,26.9120778],[75.7874468,26.9120778],[75.7874468,26.9120771],[75.7874476,26.9120771],[75.7874476,26.9120763],[75.7874484,26.9120763],[75.7874484,26.9120756],[75.7874492,26.9120756],[75.7874492,26.9120749],[75.7874508,26.9120749],[75.7874508,26.9120741],[75.7874516,26.9120741],[75.7874516,26.9120734],[75.7874524,26.9120734],[75.7874524,26.9120727],[75.787454,26.9120727],[75.787454,26.912072],[75.7874548,26.912072],[75.7874548,26.9120712],[75.7874556,26.9120712],[75.7874556,26.9120705],[75.7874572,26.9120705],[75.7874572,26.9120698],[75.787458,26.9120698],[75.787458,26.912069],[75.7874588,26.912069],[75.7874588,26.9120683],[75.7874604,26.9120683],[75.7874604,26.9120676],[75.7874612,26.9120676],[75.7874612,26.9120669],[75.787462,26.9120669],[75.787462,26.9120661],[75.7874628,26.9120661],[75.7874628,26.9120654],[75.7874636,26.9120654],[75.7874636,26.9120647],[75.7874644,26.9120647],[75.7874644,26.912064],[75.7874652,26.912064],[75.7874652,26.9120632],[75.787466,26.9120632],[75.787466,26.9120618],[75.7874668,26.9120618],[75.7874668,26.9120611],[75.7874676,26.912061],[75.7874676,26.9120596],[75.7874684,26.9120596],[75.7874684,26.9120589],[75.7874692,26.9120589],[75.7874692,26.9120574],[75.78747,26.9120574],[75.78747,26.912056],[75.7874708,26.912056],[75.7874708,26.9120553],[75.7874716,26.9120552],[75.7874716,26.9120545],[75.7874724,26.9120545],[75.7874724,26.9120538],[75.787474,26.9120538],[75.787474,26.9120531],[75.7874748,26.9120531],[75.7874748,26.9120523],[75.7874756,26.9120523],[75.7874756,26.9120516],[75.7874764,26.9120516],[75.7874764,26.9120509],[75.7874772,26.9120509],[75.7874772,26.9120502],[75.787478,26.9120502],[75.787478,26.9120494],[75.7874796,26.9120494],[75.7874796,26.9120487],[75.7874813,26.9120487],[75.7874812,26.912048],[75.7874821,26.912048],[75.787482,26.9120472],[75.7874829,26.9120472],[75.7874828,26.9120465],[75.7874837,26.9120465],[75.7874836,26.9120458],[75.7874845,26.9120458],[75.7874844,26.9120451],[75.7874853,26.9120451],[75.7874853,26.9120443],[75.7874861,26.9120443],[75.7874861,26.9120436],[75.7874869,26.9120436],[75.7874869,26.9120429],[75.7874885,26.9120429],[75.7874885,26.9120422],[75.7874893,26.9120422],[75.7874893,26.9120414],[75.7874901,26.9120414],[75.7874901,26.9120407],[75.7874909,26.9120407],[75.7874909,26.91204],[75.7874925,26.91204],[75.7874925,26.9120392],[75.7874933,26.9120392],[75.7874933,26.9120385],[75.7874941,26.9120385],[75.7874941,26.9120378],[75.7874957,26.9120378],[75.7874957,26.9120371],[75.7874965,26.9120371],[75.7874965,26.9120363],[75.7874981,26.9120363],[75.7874981,26.9120356],[75.7874989,26.9120356],[75.7874989,26.9120349],[75.7875005,26.9120349],[75.7875005,26.9120341],[75.7875013,26.9120341],[75.7875013,26.9120334],[75.7875029,26.9120334],[75.7875029,26.9120327],[75.7875037,26.9120327],[75.7875037,26.912032],[75.7875045,26.912032],[75.7875045,26.9120312],[75.7875053,26.9120312],[75.7875053,26.9120305],[75.7875069,26.9120305],[75.7875069,26.9120298],[75.7875085,26.9120298],[75.7875085,26.912029],[75.7875093,26.912029],[75.7875093,26.9120283],[75.7875101,26.9120283],[75.7875101,26.9120276],[75.7875109,26.9120276],[75.7875109,26.9120269],[75.7875117,26.9120269],[75.7875117,26.9120261],[75.7875125,26.9120261],[75.7875125,26.9120247],[75.7875133,26.9120247],[75.7875133,26.912024],[75.7875141,26.912024],[75.7875141,26.9120232],[75.7875149,26.9120232],[75.7875149,26.9120225],[75.7875157,26.9120225],[75.7875157,26.9120211],[75.7875165,26.9120211],[75.7875165,26.9120203],[75.7875173,26.9120203],[75.7875173,26.9120131],[75.7875165,26.9120131],[75.7875164,26.9120117],[75.7875156,26.9120117],[75.7875156,26.9120102],[75.7875148,26.9120102],[75.7875148,26.9120088],[75.787514,26.9120088],[75.787514,26.9120073],[75.7875132,26.9120073],[75.7875132,26.9120059],[75.7875124,26.9120059],[75.7875124,26.9120045],[75.7875116,26.9120045],[75.7875116,26.9120037],[75.7875107,26.9120038],[75.7875107,26.912003],[75.7875099,26.912003],[75.7875099,26.9120016],[75.7875091,26.9120016],[75.7875091,26.9119987],[75.7875083,26.9119987],[75.7875083,26.9119973],[75.7875075,26.9119973],[75.7875075,26.9119958],[75.7875067,26.9119958],[75.7875067,26.9119951],[75.7875051,26.9119951],[75.787505,26.9119944],[75.7875042,26.9119944],[75.7875042,26.9119937],[75.7875034,26.9119937],[75.7875034,26.911993],[75.7875026,26.911993],[75.7875026,26.9119922],[75.7875018,26.9119922],[75.7875018,26.9119908],[75.7875002,26.9119908],[75.7875002,26.9119901],[75.7874994,26.9119901],[75.7874994,26.9119894],[75.7874986,26.9119894],[75.7874986,26.9119887],[75.7874978,26.9119887],[75.7874977,26.9119879],[75.7874961,26.9119879],[75.7874961,26.9119872],[75.7874953,26.9119872],[75.7874953,26.9119865],[75.7874945,26.9119865],[75.7874945,26.9119858],[75.7874937,26.9119858],[75.7874937,26.9119851],[75.7874929,26.9119851],[75.7874929,26.9119843],[75.7874921,26.9119844],[75.7874921,26.9119836],[75.7874913,26.9119836],[75.7874913,26.9119829],[75.7874897,26.9119829],[75.7874897,26.9119822],[75.7874824,26.9119822],[75.7874824,26.911983],[75.787476,26.911983],[75.787476,26.9119837],[75.7874623,26.9119838],[75.7874623,26.9119845],[75.7874607,26.9119845],[75.7874607,26.9119853],[75.7874599,26.9119853],[75.7874599,26.911986],[75.7874591,26.911986],[75.7874591,26.9119867],[75.7874583,26.9119867],[75.7874583,26.9119874],[75.7874575,26.9119874],[75.7874575,26.9119882],[75.7874567,26.9119882],[75.7874567,26.9119889],[75.7874559,26.9119889],[75.7874559,26.9119896],[75.7874551,26.9119896],[75.7874551,26.9119903],[75.7874543,26.9119903],[75.7874543,26.9119911],[75.7874535,26.9119911],[75.7874535,26.9119932],[75.7874527,26.9119932],[75.7874527,26.9119969],[75.7874535,26.9119968],[75.7874535,26.911999],[75.7874527,26.911999],[75.7874527,26.9119997],[75.7874519,26.9119997],[75.7874519,26.9120005],[75.7874503,26.9120005],[75.7874503,26.9120019],[75.7874495,26.9120019],[75.7874495,26.9120026],[75.7874463,26.9120027],[75.7874463,26.9120034],[75.7874455,26.9120034],[75.7874455,26.9120041],[75.7874447,26.9120041],[75.7874447,26.9120048],[75.7874431,26.9120049],[75.7874431,26.9120063],[75.7874423,26.9120063],[75.7874423,26.912007],[75.7874415,26.912007],[75.7874415,26.9120077],[75.7874399,26.9120078],[75.7874399,26.9120085],[75.7874383,26.9120085],[75.7874383,26.9120092],[75.7874375,26.9120092],[75.7874375,26.9120107],[75.7874359,26.9120107],[75.7874359,26.9120114],[75.7874343,26.9120114],[75.7874343,26.9120121],[75.7874335,26.9120121],[75.7874335,26.9120128],[75.7874319,26.9120129],[75.7874319,26.9120136],[75.7874303,26.9120136],[75.7874303,26.9120143],[75.7874295,26.9120143],[75.7874295,26.912015],[75.7874287,26.912015],[75.7874287,26.9120165],[75.7874279,26.9120165],[75.7874279,26.9120172],[75.7874271,26.9120172],[75.7874271,26.9120179],[75.7874263,26.9120179],[75.7874263,26.9120187],[75.7874255,26.9120187],[75.7874255,26.9120194],[75.7874247,26.9120194],[75.7874247,26.9120201],[75.7874239,26.9120201],[75.7874239,26.9120208],[75.7874231,26.9120209],[75.7874231,26.9120216],[75.7874206,26.9120216],[75.7874206,26.9120223],[75.7874198,26.9120223],[75.7874198,26.9120238],[75.787419,26.9120238],[75.7874191,26.9120252],[75.7874174,26.9120252],[75.7874174,26.9120259],[75.7874166,26.9120259],[75.7874166,26.9120267],[75.7874158,26.9120267],[75.7874159,26.9120281],[75.787415,26.9120281],[75.7874151,26.9120288],[75.7874142,26.9120288],[75.7874143,26.9120296],[75.7874126,26.9120296],[75.7874126,26.9120303],[75.7874118,26.9120303],[75.7874118,26.912031],[75.787411,26.912031],[75.787411,26.9120325],[75.7874102,26.9120325],[75.7874103,26.9120339],[75.7874086,26.9120339],[75.7874086,26.9120347],[75.7874078,26.9120347],[75.7874078,26.9120354],[75.787407,26.9120354],[75.787407,26.9120368],[75.7874062,26.9120368],[75.7874062,26.9120376],[75.7874054,26.9120376],[75.7874054,26.9120383],[75.7874038,26.9120383],[75.7874038,26.912039],[75.787403,26.912039],[75.787403,26.9120405],[75.7874022,26.9120405],[75.7874023,26.9120426],[75.7874015,26.9120426],[75.7874015,26.9120463],[75.7874007,26.9120463],[75.7874007,26.9120491],[75.7874039,26.9120491],[75.7874039,26.9120498],[75.7874055,26.9120498],[75.7874055,26.9120506],[75.7874063,26.9120506],[75.7874064,26.9120578],[75.7874056,26.9120578],[75.7874056,26.9120592],[75.7874048,26.9120592],[75.7874048,26.91206],[75.7874056,26.91206],[75.7874056,26.9120628],[75.7874048,26.9120628],[75.7874048,26.9120636],[75.787404,26.9120636],[75.787404,26.9120643],[75.7874032,26.9120643],[75.7874032,26.912065],[75.7874024,26.912065],[75.7874024,26.9120657],[75.7874016,26.9120658],[75.7874017,26.9120737],[75.7874025,26.9120737],[75.7874025,26.9120751],[75.7874033,26.9120751],[75.7874033,26.9120773],[75.7874041,26.9120773],[75.7874041,26.912078],[75.7874049,26.912078],[75.7874049,26.9120787],[75.7874057,26.9120787],[75.7874057,26.9120802],[75.7874065,26.9120802],[75.7874065,26.9120809],[75.7874074,26.9120809],[75.7874074,26.9120816],[75.787409,26.9120816],[75.787409,26.9120823],[75.7874098,26.9120823],[75.7874098,26.912083],[75.7874106,26.912083],[75.7874106,26.9120838],[75.7874114,26.9120838],[75.7874114,26.9120859],[75.7874122,26.9120859],[75.7874122,26.9120881],[75.787413,26.9120881],[75.7874131,26.9120895],[75.7874139,26.9120895],[75.7874139,26.912091],[75.7874147,26.912091],[75.7874147,26.9120917],[75.7874155,26.9120917],[75.7874155,26.9120931],[75.7874163,26.9120931],[75.7874163,26.9120938],[75.7874171,26.9120938],[75.7874171,26.9120946],[75.7874179,26.9120946],[75.7874179,26.9120953],[75.7874203,26.9120953],[75.7874204,26.912096],[75.7874228,26.912096]]]}},{"type":"Feature","properties":{"building_id":"B-0139","vertices":466},"geometry":{"type":"Polygon","coordinates":[[[75.7879027,26.9114823],[75.7879027,26.9114815],[75.7879035,26.9114815],[75.7879035,26.9114808],[75.7879051,26.9114808],[75.7879051,26.9114794],[75.7879099,26.9114793],[75.7879099,26.9114801],[75.7879124,26.91148],[75.7879124,26.9114793],[75.7879148,26.9114793],[75.7879148,26.9114786],[75.7879156,26.9114786],[75.7879156,26.9114779],[75.7879172,26.9114778],[75.7879172,26.9114771],[75.7879188,26.9114771],[75.7879188,26.9114764],[75.7879196,26.9114764],[75.7879196,26.9114757],[75.7879212,26.9114757],[75.7879212,26.9114749],[75.7879228,26.9114749],[75.7879228,26.9114735],[75.7879244,26.9114735],[75.7879244,26.9114728],[75.787926,26.9114727],[75.787926,26.911472],[75.7879268,26.911472],[75.7879268,26.9114713],[75.7879284,26.9114713],[75.7879284,26.9114706],[75.78793,26.9114706],[75.78793,26.9114698],[75.7879316,26.9114698],[75.7879316,26.9114691],[75.7879324,26.9114691],[75.7879324,26.9114684],[75.787934,26.9114684],[75.787934,26.9114676],[75.7879356,26.9114676],[75.7879356,26.9114669],[75.7879372,26.9114669],[75.7879372,26.9114662],[75.787938,26.9114662],[75.787938,26.9114655],[75.7879405,26.9114654],[75.7879405,26.9114647],[75.7879421,26.9114647],[75.7879421,26.911464],[75.7879437,26.911464],[75.7879437,26.9114633],[75.7879445,26.9114633],[75.7879445,26.9114625],[75.7879461,26.9114625],[75.7879461,26.9114618],[75.7879477,26.9114618],[75.7879477,26.9114611],[75.7879485,26.9114611],[75.7879485,26.9114603],[75.7879501,26.9114603],[75.7879501,26.9114589],[75.7879509,26.9114589],[75.7879509,26.9114582],[75.7879517,26.9114582],[75.7879517,26.911456],[75.7879525,26.911456],[75.7879525,26.9114545],[75.7879533,26.9114545],[75.7879533,26.9114538],[75.7879541,26.9114538],[75.7879541,26.9114524],[75.7879549,26.9114524],[75.7879549,26.9114516],[75.7879565,26.9114516],[75.7879565,26.9114509],[75.7879581,26.9114509],[75.7879581,26.9114502],[75.7879597,26.9114502],[75.7879597,26.9114494],[75.7879605,26.9114494],[75.7879605,26.9114487],[75.7879621,26.9114487],[75.7879621,26.911448],[75.7879637,26.911448],[75.7879637,26.9114473],[75.7879653,26.9114472],[75.7879653,26.9114465],[75.7879661,26.9114465],[75.7879661,26.9114458],[75.7879677,26.9114458],[75.7879677,26.9114451],[75.7879693,26.9114451],[75.7879693,26.9114443],[75.7879701,26.9114443],[75.7879701,26.9114436],[75.7879717,26.9114436],[75.7879717,26.9114429],[75.7879725,26.9114429],[75.7879725,26.9114421],[75.7879741,26.9114421],[75.7879741,26.9114414],[75.7879749,26.9114414],[75.7879749,26.9114407],[75.7879765,26.9114407],[75.7879765,26.91144],[75.7879773,26.91144],[75.7879773,26.9114392],[75.7879789,26.9114392],[75.7879789,26.9114385],[75.7879797,26.9114385],[75.7879797,26.9114378],[75.7879814,26.9114378],[75.7879813,26.911437],[75.7879822,26.911437],[75.7879821,26.9114363],[75.7879838,26.9114363],[75.7879838,26.9114356],[75.7879846,26.9114356],[75.7879846,26.9114349],[75.7879862,26.9114348],[75.7879862,26.9114341],[75.7879878,26.9114341],[75.7879878,26.9114334],[75.7879886,26.9114334],[75.7879886,26.9114327],[75.7879902,26.9114327],[75.7879902,26.9114319],[75.7879918,26.9114319],[75.7879918,26.9114312],[75.7879934,26.9114312],[75.7879934,26.9114305],[75.7879942,26.9114305],[75.7879942,26.9114297],[75.787995,26.9114297],[75.787995,26.911429],[75.7879958,26.911429],[75.7879958,26.9114276],[75.7879974,26.9114276],[75.7879974,26.9114268],[75.7879982,26.9114268],[75.7879982,26.9114261],[75.787999,26.9114261],[75.787999,26.9114254],[75.7880006,26.9114254],[75.7880006,26.9114247],[75.788003,26.9114246],[75.788003,26.9114239],[75.7880046,26.9114239],[75.7880046,26.9114152],[75.7880038,26.9114153],[75.7880037,26.9114138],[75.7880029,26.9114138],[75.7880029,26.9114131],[75.7880021,26.9114131],[75.7880021,26.9114116],[75.7880013,26.9114117],[75.7880013,26.9114109],[75.7880005,26.9114109],[75.7880005,26.9114095],[75.7879997,26.9114095],[75.7879997,26.9114088],[75.7879989,26.9114088],[75.7879989,26.9114081],[75.7879981,26.9114081],[75.7879981,26.9114073],[75.7879973,26.9114073],[75.7879972,26.9114059],[75.7879964,26.9114059],[75.7879964,26.9114052],[75.7879956,26.9114052],[75.7879956,26.9114037],[75.7879948,26.9114037],[75.7879948,26.911403],[75.787994,26.911403],[75.787994,26.9114023],[75.7879932,26.9114023],[75.7879932,26.9114016],[75.7879924,26.9114016],[75.7879924,26.9114001],[75.7879908,26.9114002],[75.7879908,26.9113994],[75.7879899,26.9113994],[75.7879899,26.9113987],[75.7879891,26.9113987],[75.7879891,26.911398],[75.7879883,26.911398],[75.7879883,26.9113966],[75.7879875,26.9113966],[75.7879875,26.9113944],[75.7879867,26.9113944],[75.7879867,26.9113915],[75.7879859,26.9113915],[75.7879859,26.9113901],[75.787985,26.9113901],[75.787985,26.9113894],[75.7879842,26.9113894],[75.7879842,26.9113843],[75.7879834,26.9113843],[75.7879834,26.9113814],[75.7879826,26.9113814],[75.7879826,26.91138],[75.7879818,26.91138],[75.7879817,26.9113785],[75.7879809,26.9113785],[75.7879809,26.9113778],[75.7879801,26.9113778],[75.7879801,26.9113764],[75.7879793,26.9113764],[75.7879793,26.9113757],[75.7879785,26.9113757],[75.7879785,26.9113742],[75.7879777,26.9113742],[75.7879777,26.9113735],[75.7879769,26.9113735],[75.7879769,26.9113728],[75.7879761,26.9113728],[75.7879761,26.9113721],[75.7879753,26.9113721],[75.7879753,26.9113714],[75.7879648,26.9113714],[75.7879648,26.9113721],[75.7879632,26.9113721],[75.7879632,26.9113729],[75.7879624,26.9113729],[75.7879624,26.9113736],[75.7879608,26.9113736],[75.7879608,26.9113743],[75.78796,26.9113743],[75.78796,26.911375],[75.7879592,26.9113751],[75.7879592,26.9113758],[75.7879576,26.9113758],[75.7879576,26.9113765],[75.7879568,26.9113765],[75.7879568,26.911378],[75.7879552,26.911378],[75.7879552,26.9113787],[75.7879544,26.9113787],[75.7879544,26.9113794],[75.7879536,26.9113794],[75.7879536,26.9113801],[75.7879528,26.9113801],[75.7879528,26.9113809],[75.787952,26.9113809],[75.787952,26.9113816],[75.7879512,26.9113816],[75.7879512,26.9113823],[75.7879504,26.9113823],[75.7879504,26.911383],[75.7879496,26.9113831],[75.7879496,26.9113838],[75.7879479,26.9113838],[75.7879479,26.9113845],[75.7879471,26.9113845],[75.7879471,26.9113852],[75.7879463,26.9113852],[75.7879463,26.911386],[75.7879455,26.911386],[75.7879455,26.9113867],[75.7879447,26.9113867],[75.7879447,26.9113874],[75.7879431,26.9113874],[75.7879431,26.9113881],[75.7879423,26.9113881],[75.7879423,26.9113889],[75.7879415,26.9113889],[75.7879415,26.9113896],[75.7879407,26.9113896],[75.7879407,26.9113903],[75.7879399,26.9113903],[75.7879399,26.911391],[75.7879391,26.9113911],[75.7879391,26.9113918],[75.7879375,26.9113918],[75.7879375,26.9113925],[75.7879367,26.9113925],[75.7879367,26.9113932],[75.7879359,26.9113932],[75.7879359,26.911394],[75.7879351,26.911394],[75.7879351,26.9113947],[75.7879343,26.9113947],[75.7879343,26.9113954],[75.7879335,26.9113954],[75.7879335,26.9113961],[75.7879327,26.9113961],[75.7879327,26.9113976],[75.7879319,26.9113976],[75.7879319,26.911399],[75.7879311,26.911399],[75.7879312,26.9114048],[75.7879304,26.9114048],[75.7879304,26.9114055],[75.7879296,26.9114056],[75.7879296,26.9114063],[75.7879288,26.9114063],[75.7879288,26.911407],[75.787928,26.911407],[75.787928,26.9114077],[75.7879264,26.9114077],[75.7879264,26.9114085],[75.7879239,26.9114085],[75.787924,26.9114092],[75.7879231,26.9114092],[75.7879232,26.9114099],[75.7879215,26.9114099],[75.7879215,26.9114107],[75.7879199,26.9114107],[75.7879199,26.9114114],[75.7879191,26.9114114],[75.7879191,26.9114121],[75.7879167,26.9114121],[75.7879167,26.9114128],[75.7879151,26.9114129],[75.7879151,26.9114136],[75.7879143,26.9114136],[75.7879143,26.9114143],[75.7879127,26.9114143],[75.7879127,26.911415],[75.7879119,26.911415],[75.7879119,26.9114158],[75.7879111,26.9114158],[75.7879111,26.9114165],[75.7879103,26.9114165],[75.7879103,26.9114172],[75.7879095,26.9114172],[75.7879095,26.9114187],[75.7879087,26.9114187],[75.7879087,26.9114194],[75.7879079,26.9114194],[75.7879079,26.9114201],[75.7879063,26.9114201],[75.7879063,26.9114208],[75.7879055,26.9114209],[75.7879055,26.9114223],[75.7879047,26.9114223],[75.7879047,26.911423],[75.7879039,26.911423],[75.7879039,26.9114238],[75.7879031,26.9114238],[75.7879031,26.9114245],[75.7879023,26.9114245],[75.7879023,26.9114252],[75.7879015,26.9114252],[75.7879015,26.9114259],[75.7879007,26.9114259],[75.7879007,26.9114281],[75.7878999,26.9114281],[75.7878999,26.9114288],[75.7878991,26.9114288],[75.7878991,26.9114296],[75.7878983,26.9114296],[75.7878983,26.9114303],[75.7878975,26.9114303],[75.7878975,26.9114317],[75.7878967,26.9114317],[75.7878967,26.9114361],[75.7878959,26.9114361],[75.787896,26.9114375],[75.7878951,26.9114375],[75.7878951,26.9114382],[75.7878943,26.9114383],[75.7878944,26.9114397],[75.7878935,26.9114397],[75.7878936,26.9114404],[75.7878927,26.9114404],[75.7878928,26.9114411],[75.7878919,26.9114412],[75.787892,26.9114433],[75.7878912,26.9114433],[75.7878912,26.911444],[75.7878904,26.9114441],[75.7878904,26.9114448],[75.7878896,26.9114448],[75.7878896,26.9114455],[75.7878879,26.9114455],[75.787888,26.9114462],[75.7878871,26.9114462],[75.7878872,26.911447],[75.7878863,26.911447],[75.7878864,26.9114477],[75.7878847,26.9114477],[75.7878847,26.9114484],[75.7878839,26.9114484],[75.7878839,26.9114491],[75.7878831,26.9114491],[75.7878832,26.9114506],[75.7878823,26.9114506],[75.7878824,26.9114513],[75.7878807,26.9114513],[75.7878807,26.911452],[75.7878791,26.9114521],[75.7878791,26.9114528],[75.7878783,26.9114528],[75.7878783,26.9114535],[75.7878775,26.9114535],[75.7878775,26.9114542],[75.7878767,26.9114542],[75.7878767,26.911455],[75.7878751,26.911455],[75.7878751,26.9114557],[75.7878743,26.9114557],[75.7878743,26.9114571],[75.7878735,26.9114571],[75.7878735,26.9114579],[75.7878727,26.9114579],[75.7878727,26.9114586],[75.7878719,26.9114586],[75.7878719,26.9114593],[75.7878711,26.9114593],[75.7878712,26.9114629],[75.7878703,26.9114629],[75.7878704,26.9114644],[75.7878696,26.9114644],[75.7878696,26.9114673],[75.7878704,26.9114673],[75.7878704,26.9114694],[75.7878712,26.9114694],[75.7878712,26.9114702],[75.787872,26.9114702],[75.787872,26.9114709],[75.787876,26.9114709],[75.7878761,26.9114723],[75.7878769,26.9114723],[75.7878769,26.911473],[75.7878777,26.911473],[75.7878776,26.9114687],[75.7878784,26.9114687],[75.7878784,26.9114658],[75.78788,26.9114658],[75.78788,26.9114679],[75.7878809,26.9114679],[75.7878809,26.9114687],[75.7878833,26.9114686],[75.7878833,26.9114679],[75.7878841,26.9114679],[75.7878841,26.9114686],[75.7878849,26.9114686],[75.7878849,26.9114694],[75.7878865,26.9114694],[75.7878865,26.9114701],[75.7878881,26.9114701],[75.7878881,26.9114708],[75.7878889,26.9114708],[75.7878889,26.9114701],[75.7878913,26.91147],[75.7878913,26.9114708],[75.7878897,26.9114708],[75.7878898,26.9114729],[75.7878914,26.9114729],[75.7878914,26.9114715],[75.7878938,26.9114715],[75.7878938,26.9114729],[75.7878922,26.9114729],[75.7878922,26.9114744],[75.787893,26.9114744],[75.787893,26.9114751],[75.7878938,26.9114751],[75.7878938,26.9114765],[75.7878962,26.9114765],[75.7878962,26.9114772],[75.7879003,26.9114772],[75.7879003,26.9114816],[75.7879011,26.9114815],[75.7879011,26.9114823],[75.7879027,26.9114823]]]}},{"type":"Feature","properties":{"building_id":"B-0070","vertices":422},"geometry":{"type":"Polygon","coordinates":[[[75.7875965,26.9119325],[75.7875965,26.9119318],[75.7875989,26.9119318],[75.7875989,26.911931],[75.7875997,26.911931],[75.7875997,26.9119303],[75.7876005,26.9119303],[75.7876005,26.9119296],[75.7876013,26.9119296],[75.7876013,26.9119289],[75.7876029,26.9119288],[75.7876029,26.9119281],[75.7876061,26.9119281],[75.7876061,26.9119274],[75.7876085,26.9119274],[75.7876085,26.9119266],[75.7876109,26.9119266],[75.7876109,26.9119259],[75.7876117,26.9119259],[75.7876117,26.9119252],[75.7876133,26.9119252],[75.7876133,26.9119245],[75.7876157,26.9119244],[75.7876157,26.9119237],[75.7876173,26.9119237],[75.7876173,26.911923],[75.7876181,26.911923],[75.7876181,26.9119223],[75.7876198,26.9119222],[75.7876197,26.9119215],[75.7876206,26.9119215],[75.7876205,26.9119208],[75.7876214,26.9119208],[75.7876213,26.9119201],[75.7876222,26.9119201],[75.7876222,26.9119193],[75.7876246,26.9119193],[75.7876246,26.9119186],[75.7876254,26.9119186],[75.7876254,26.9119179],[75.7876262,26.9119179],[75.7876262,26.9119172],[75.787627,26.9119172],[75.787627,26.9119164],[75.7876278,26.9119164],[75.7876278,26.9119157],[75.7876286,26.9119157],[75.7876286,26.911915],[75.7876302,26.911915],[75.7876302,26.9119142],[75.7876326,26.9119142],[75.7876326,26.9119135],[75.7876366,26.9119135],[75.7876366,26.9119128],[75.7876382,26.9119128],[75.7876382,26.911912],[75.7876398,26.911912],[75.7876398,26.9119113],[75.7876414,26.9119113],[75.7876414,26.9119091],[75.7876422,26.9119091],[75.7876422,26.9119077],[75.787643,26.9119077],[75.787643,26.911907],[75.7876446,26.9119069],[75.7876446,26.9119062],[75.787647,26.9119062],[75.787647,26.9119055],[75.7876486,26.9119055],[75.7876486,26.9119048],[75.7876494,26.9119048],[75.7876494,26.911904],[75.787651,26.911904],[75.787651,26.9119033],[75.7876518,26.9119033],[75.7876518,26.9119026],[75.7876526,26.9119026],[75.7876526,26.9119018],[75.7876534,26.9119018],[75.7876534,26.9119011],[75.7876542,26.9119011],[75.7876542,26.9118997],[75.787655,26.9118997],[75.787655,26.9118989],[75.7876558,26.9118989],[75.7876558,26.9118982],[75.7876566,26.9118982],[75.7876566,26.9118968],[75.7876574,26.9118968],[75.7876574,26.9118953],[75.7876582,26.9118953],[75.7876582,26.9118939],[75.787659,26.9118939],[75.787659,26.9118917],[75.7876598,26.9118917],[75.7876598,26.9118895],[75.7876606,26.9118895],[75.7876606,26.9118881],[75.7876614,26.9118881],[75.7876614,26.9118866],[75.7876622,26.9118866],[75.7876622,26.9118859],[75.787663,26.9118859],[75.787663,26.9118845],[75.7876638,26.9118844],[75.7876638,26.9118794],[75.787663,26.9118794],[75.787663,26.911878],[75.7876621,26.911878],[75.7876621,26.9118772],[75.7876613,26.9118772],[75.7876613,26.9118765],[75.7876605,26.9118765],[75.7876605,26.9118758],[75.7876597,26.9118758],[75.7876597,26.9118751],[75.7876589,26.9118751],[75.7876589,26.9118744],[75.7876581,26.9118744],[75.7876581,26.9118736],[75.7876573,26.9118736],[75.7876573,26.9118729],[75.7876557,26.9118729],[75.7876557,26.9118722],[75.7876549,26.9118722],[75.7876549,26.9118715],[75.787654,26.9118715],[75.787654,26.9118708],[75.7876532,26.9118708],[75.7876532,26.9118701],[75.7876516,26.9118701],[75.7876516,26.9118693],[75.7876508,26.9118694],[75.7876508,26.9118686],[75.7876492,26.9118686],[75.7876492,26.9118679],[75.7876484,26.9118679],[75.7876484,26.9118665],[75.7876476,26.9118665],[75.7876476,26.9118658],[75.7876468,26.9118658],[75.7876467,26.911865],[75.7876459,26.911865],[75.7876459,26.9118643],[75.7876451,26.9118643],[75.7876451,26.9118636],[75.7876443,26.9118636],[75.7876443,26.9118629],[75.7876435,26.9118629],[75.7876435,26.9118614],[75.7876427,26.9118615],[75.7876427,26.9118607],[75.7876411,26.9118607],[75.7876411,26.91186],[75.7876403,26.91186],[75.7876403,26.9118593],[75.7876395,26.9118593],[75.7876395,26.9118586],[75.7876386,26.9118586],[75.7876386,26.9118579],[75.787637,26.9118579],[75.787637,26.9118572],[75.7876362,26.9118572],[75.7876362,26.9118564],[75.7876338,26.9118564],[75.7876338,26.9118557],[75.7876306,26.9118557],[75.7876306,26.911855],[75.787629,26.911855],[75.7876289,26.9118543],[75.7876273,26.9118543],[75.7876273,26.9118536],[75.7876265,26.9118536],[75.7876265,26.9118529],[75.7876249,26.9118529],[75.7876249,26.9118522],[75.7876241,26.9118522],[75.7876241,26.9118514],[75.7876233,26.9118514],[75.7876233,26.9118507],[75.7876225,26.9118507],[75.7876225,26.91185],[75.7876209,26.91185],[75.7876209,26.9118493],[75.7876201,26.9118493],[75.78762,26.9118486],[75.7876192,26.9118486],[75.7876192,26.9118471],[75.7876184,26.9118471],[75.7876184,26.9118464],[75.7876176,26.9118464],[75.7876176,26.9118457],[75.7876168,26.9118457],[75.7876168,26.911845],[75.787616,26.911845],[75.787616,26.9118435],[75.7876152,26.9118435],[75.7876152,26.9118428],[75.7876144,26.9118428],[75.7876144,26.9118421],[75.7876136,26.9118421],[75.7876136,26.9118414],[75.7876127,26.9118414],[75.7876127,26.9118407],[75.7876119,26.9118407],[75.7876119,26.91184],[75.7876111,26.91184],[75.7876111,26.9118392],[75.7876103,26.9118392],[75.7876103,26.9118385],[75.7876095,26.9118385],[75.7876095,26.9118378],[75.7876087,26.9118378],[75.7876087,26.9118371],[75.7876071,26.9118371],[75.7876071,26.9118364],[75.7876047,26.9118364],[75.7876047,26.9118357],[75.7875958,26.9118357],[75.7875958,26.9118364],[75.787595,26.9118364],[75.787595,26.9118372],[75.7875942,26.9118372],[75.7875942,26.9118386],[75.7875934,26.9118386],[75.7875934,26.9118393],[75.7875926,26.9118393],[75.7875926,26.9118401],[75.7875918,26.9118401],[75.7875918,26.9118408],[75.787591,26.9118408],[75.787591,26.9118415],[75.7875902,26.9118415],[75.7875902,26.9118422],[75.7875894,26.9118422],[75.7875894,26.911843],[75.7875886,26.911843],[75.7875886,26.9118437],[75.7875878,26.9118437],[75.7875878,26.9118444],[75.787587,26.9118444],[75.787587,26.9118452],[75.7875862,26.9118452],[75.7875862,26.9118459],[75.7875854,26.9118459],[75.7875854,26.9118473],[75.7875846,26.9118473],[75.7875846,26.9118481],[75.7875838,26.9118481],[75.7875838,26.9118488],[75.787583,26.9118488],[75.787583,26.9118495],[75.7875822,26.9118495],[75.7875822,26.911851],[75.7875814,26.911851],[75.7875814,26.9118524],[75.7875806,26.9118524],[75.7875806,26.9118531],[75.7875798,26.9118531],[75.7875798,26.9118539],[75.787579,26.9118539],[75.787579,26.9118546],[75.7875782,26.9118546],[75.7875782,26.9118553],[75.7875774,26.9118553],[75.7875774,26.911856],[75.7875766,26.911856],[75.7875766,26.9118568],[75.787575,26.9118568],[75.787575,26.9118575],[75.7875734,26.9118575],[75.7875734,26.9118582],[75.7875726,26.9118582],[75.7875726,26.911859],[75.7875718,26.911859],[75.7875718,26.9118597],[75.787571,26.9118597],[75.787571,26.9118604],[75.7875702,26.9118604],[75.7875702,26.9118611],[75.7875694,26.9118611],[75.7875694,26.9118619],[75.7875686,26.9118619],[75.7875686,26.9118626],[75.7875678,26.9118626],[75.7875678,26.911864],[75.787567,26.911864],[75.787567,26.9118648],[75.7875662,26.9118648],[75.7875662,26.9118655],[75.7875654,26.9118655],[75.7875654,26.9118662],[75.7875646,26.9118662],[75.7875646,26.9118669],[75.7875638,26.9118669],[75.7875638,26.9118677],[75.787563,26.9118677],[75.787563,26.9118691],[75.7875622,26.9118691],[75.7875622,26.9118698],[75.7875614,26.9118699],[75.7875614,26.9118713],[75.7875606,26.9118713],[75.7875606,26.911872],[75.7875598,26.911872],[75.7875598,26.9118727],[75.787559,26.9118728],[75.787559,26.9118742],[75.7875582,26.9118742],[75.7875582,26.9118756],[75.7875574,26.9118757],[75.7875574,26.9118771],[75.7875566,26.9118771],[75.7875566,26.9118778],[75.7875558,26.9118778],[75.7875558,26.9118793],[75.787555,26.9118793],[75.787555,26.9118807],[75.7875542,26.9118807],[75.7875542,26.9118822],[75.7875534,26.9118822],[75.7875534,26.9118829],[75.7875526,26.9118829],[75.7875526,26.9118851],[75.7875518,26.9118851],[75.7875518,26.911888],[75.787551,26.911888],[75.787551,26.9118894],[75.7875502,26.9118894],[75.7875503,26.9118945],[75.7875511,26.9118945],[75.7875511,26.9118952],[75.7875519,26.9118952],[75.7875519,26.9118959],[75.7875527,26.9118959],[75.7875527,26.9118966],[75.7875535,26.9118966],[75.7875535,26.9118973],[75.7875543,26.9118973],[75.7875543,26.9118981],[75.7875551,26.9118981],[75.7875551,26.9118988],[75.7875567,26.9118988],[75.7875568,26.9118995],[75.7875576,26.9118995],[75.7875576,26.9119002],[75.7875584,26.9119002],[75.7875584,26.9119009],[75.7875592,26.9119009],[75.7875592,26.9119016],[75.78756,26.9119016],[75.78756,26.9119024],[75.7875608,26.9119024],[75.7875608,26.9119031],[75.7875616,26.9119031],[75.7875616,26.9119038],[75.7875624,26.9119038],[75.7875624,26.9119045],[75.7875632,26.9119045],[75.7875632,26.9119052],[75.787564,26.9119052],[75.7875641,26.9119059],[75.7875649,26.9119059],[75.7875649,26.9119067],[75.7875657,26.9119067],[75.7875657,26.9119074],[75.7875665,26.9119074],[75.7875665,26.9119081],[75.7875673,26.9119081],[75.7875673,26.9119095],[75.7875681,26.9119095],[75.7875681,26.9119124],[75.7875689,26.9119124],[75.7875689,26.9119139],[75.7875697,26.9119139],[75.7875698,26.9119153],[75.7875706,26.9119153],[75.7875706,26.911916],[75.7875714,26.911916],[75.7875714,26.9119167],[75.7875722,26.9119167],[75.7875722,26.9119175],[75.787573,26.9119175],[75.787573,26.9119182],[75.7875738,26.9119182],[75.7875738,26.9119189],[75.7875746,26.9119189],[75.7875746,26.9119196],[75.7875762,26.9119196],[75.7875762,26.9119203],[75.7875778,26.9119203],[75.7875779,26.911921],[75.7875795,26.911921],[75.7875795,26.9119218],[75.7875811,26.9119217],[75.7875811,26.9119225],[75.7875827,26.9119225],[75.7875827,26.9119232],[75.7875835,26.9119232],[75.7875835,26.9119239],[75.7875843,26.9119239],[75.7875843,26.9119246],[75.7875859,26.9119246],[75.7875859,26.9119253],[75.7875867,26.9119253],[75.7875867,26.911926],[75.7875876,26.911926],[75.7875876,26.9119268],[75.7875884,26.9119268],[75.7875884,26.9119275],[75.7875892,26.9119275],[75.7875892,26.9119282],[75.78759,26.9119282],[75.78759,26.9119289],[75.7875908,26.9119289],[75.7875908,26.9119304],[75.7875916,26.9119304],[75.7875916,26.9119311],[75.7875932,26.9119311],[75.7875932,26.9119318],[75.787594,26.9119318],[75.787594,26.9119325],[75.7875965,26.9119325]]]}},{"type":"Feature","properties":{"building_id":"B-0026","vertices":436},"geometry":{"type":"Polygon","coordinates":[[[75.7880256,26.9122407],[75.7880256,26.9122399],[75.7880272,26.9122399],[75.7880272,26.9122392],[75.788028,26.9122392],[75.788028,26.9122385],[75.7880288,26.9122385],[75.7880288,26.9122378],[75.7880296,26.9122378],[75.7880296,26.912237],[75.7880304,26.912237],[75.7880304,26.9122363],[75.7880312,26.9122363],[75.7880312,26.9122356],[75.788032,26.9122356],[75.788032,26.9122349],[75.7880328,26.9122348],[75.7880328,26.9122334],[75.7880336,26.9122334],[75.7880336,26.9122327],[75.7880344,26.9122327],[75.7880344,26.912232],[75.788036,26.9122319],[75.788036,26.9122312],[75.7880368,26.9122312],[75.7880368,26.9122305],[75.7880376,26.9122305],[75.7880376,26.9122298],[75.7880384,26.9122298],[75.7880384,26.912229],[75.7880392,26.912229],[75.7880392,26.9122283],[75.78804,26.9122283],[75.78804,26.9122276],[75.7880408,26.9122276],[75.7880408,26.9122269],[75.7880416,26.9122269],[75.7880416,26.9122261],[75.7880424,26.9122261],[75.7880424,26.9122254],[75.788044,26.9122254],[75.788044,26.912224],[75.7880448,26.9122239],[75.7880448,26.9122232],[75.7880456,26.9122232],[75.7880456,26.9122225],[75.7880464,26.9122225],[75.7880464,26.9122218],[75.7880472,26.9122218],[75.7880472,26.9122203],[75.788048,26.9122203],[75.788048,26.9122196],[75.7880488,26.9122196],[75.7880488,26.9122189],[75.7880496,26.9122189],[75.7880496,26.9122181],[75.7880504,26.9122181],[75.7880504,26.9122167],[75.7880512,26.9122167],[75.7880512,26.9122152],[75.788052,26.9122152],[75.788052,26.9122145],[75.7880536,26.9122145],[75.7880536,26.9122138],[75.7880544,26.9122138],[75.7880544,26.9122131],[75.788056,26.9122131],[75.788056,26.9122123],[75.7880576,26.9122123],[75.7880576,26.9122116],[75.7880584,26.9122116],[75.7880584,26.9122109],[75.78806,26.9122109],[75.78806,26.9122094],[75.7880608,26.9122094],[75.7880608,26.9122087],[75.7880616,26.9122087],[75.7880616,26.912208],[75.7880624,26.912208],[75.7880624,26.9122072],[75.7880632,26.9122072],[75.7880632,26.9122065],[75.788064,26.9122065],[75.788064,26.9121978],[75.7880632,26.9121978],[75.7880632,26.9121957],[75.7880623,26.9121957],[75.7880623,26.9121942],[75.7880615,26.9121942],[75.7880615,26.9121928],[75.7880607,26.9121928],[75.7880607,26.9121899],[75.7880599,26.9121899],[75.7880599,26.9121885],[75.7880591,26.9121885],[75.7880591,26.912187],[75.7880583,26.912187],[75.7880583,26.9121863],[75.7880574,26.9121863],[75.7880574,26.9121849],[75.7880566,26.9121849],[75.7880566,26.9121842],[75.7880558,26.9121842],[75.7880558,26.9121827],[75.788055,26.9121827],[75.788055,26.912182],[75.7880542,26.912182],[75.7880542,26.9121813],[75.7880534,26.9121813],[75.7880534,26.9121806],[75.7880526,26.9121806],[75.7880526,26.9121798],[75.7880518,26.9121799],[75.7880518,26.9121791],[75.788051,26.9121791],[75.7880509,26.9121784],[75.7880501,26.9121784],[75.7880501,26.912177],[75.7880493,26.912177],[75.7880493,26.9121763],[75.7880485,26.9121763],[75.7880485,26.9121748],[75.7880477,26.9121748],[75.7880477,26.9121741],[75.7880469,26.9121741],[75.7880469,26.9121734],[75.7880461,26.9121734],[75.7880461,26.9121719],[75.7880453,26.9121719],[75.7880453,26.9121712],[75.7880445,26.9121712],[75.7880444,26.9121705],[75.7880436,26.9121705],[75.7880436,26.9121691],[75.7880428,26.9121691],[75.7880428,26.9121683],[75.788042,26.9121683],[75.788042,26.9121676],[75.7880412,26.9121676],[75.7880412,26.9121662],[75.7880404,26.9121662],[75.7880404,26.9121655],[75.7880396,26.9121655],[75.7880396,26.9121648],[75.7880388,26.9121648],[75.7880388,26.912164],[75.788038,26.912164],[75.788038,26.9121633],[75.7880371,26.9121633],[75.7880371,26.9121619],[75.7880363,26.9121619],[75.7880363,26.9121612],[75.7880355,26.9121612],[75.7880355,26.9121597],[75.7880339,26.9121597],[75.7880339,26.912159],[75.7880331,26.912159],[75.7880331,26.9121583],[75.7880323,26.9121583],[75.7880323,26.9121576],[75.7880315,26.9121576],[75.7880315,26.9121561],[75.7880307,26.9121561],[75.7880306,26.9121554],[75.7880298,26.9121554],[75.7880298,26.9121547],[75.788029,26.9121547],[75.788029,26.912154],[75.7880282,26.912154],[75.7880282,26.9121533],[75.7880218,26.9121533],[75.7880218,26.912154],[75.788021,26.912154],[75.788021,26.9121547],[75.7880202,26.9121547],[75.7880202,26.9121555],[75.7880194,26.9121555],[75.7880194,26.9121562],[75.7880186,26.9121562],[75.7880186,26.9121569],[75.7880178,26.9121569],[75.7880178,26.9121577],[75.788017,26.9121577],[75.788017,26.9121584],[75.7880162,26.9121584],[75.7880162,26.9121591],[75.7880154,26.9121591],[75.7880154,26.9121598],[75.7880146,26.9121598],[75.7880146,26.9121606],[75.7880138,26.9121606],[75.7880138,26.9121613],[75.788013,26.9121613],[75.788013,26.912162],[75.7880122,26.912162],[75.7880122,26.9121627],[75.7880114,26.9121627],[75.7880114,26.9121635],[75.7880098,26.9121635],[75.7880098,26.9121642],[75.788009,26.9121642],[75.788009,26.9121649],[75.7880082,26.9121649],[75.7880082,26.9121656],[75.7880074,26.9121657],[75.7880074,26.9121664],[75.7880066,26.9121664],[75.7880066,26.9121671],[75.7880058,26.9121671],[75.7880058,26.9121678],[75.788005,26.9121678],[75.788005,26.9121693],[75.7880042,26.9121693],[75.7880042,26.91217],[75.7880025,26.91217],[75.7880026,26.9121707],[75.7880017,26.9121707],[75.7880018,26.9121722],[75.788001,26.9121722],[75.788001,26.9121729],[75.7880002,26.9121729],[75.7880002,26.9121751],[75.7879994,26.9121751],[75.7879994,26.9121758],[75.7879978,26.9121758],[75.7879978,26.9121765],[75.787997,26.9121765],[75.787997,26.9121773],[75.7879962,26.9121773],[75.7879962,26.912178],[75.7879954,26.912178],[75.7879954,26.9121787],[75.7879946,26.9121787],[75.7879946,26.9121794],[75.7879938,26.9121795],[75.7879938,26.9121802],[75.787993,26.9121802],[75.787993,26.9121809],[75.7879922,26.9121809],[75.7879922,26.9121816],[75.7879914,26.9121816],[75.7879914,26.9121824],[75.7879906,26.9121824],[75.7879906,26.9121831],[75.7879897,26.9121831],[75.7879898,26.9121838],[75.7879881,26.9121838],[75.7879881,26.9121845],[75.7879873,26.9121845],[75.7879873,26.9121853],[75.7879865,26.9121853],[75.7879865,26.912186],[75.7879849,26.912186],[75.7879849,26.9121867],[75.7879825,26.9121867],[75.7879825,26.9121875],[75.7879801,26.9121875],[75.7879801,26.9121882],[75.7879793,26.9121882],[75.7879793,26.9121868],[75.7879785,26.9121868],[75.7879785,26.9121853],[75.7879777,26.9121853],[75.7879777,26.9121846],[75.7879753,26.9121846],[75.7879753,26.9121839],[75.7879744,26.9121839],[75.7879744,26.9121832],[75.7879736,26.9121832],[75.7879736,26.9121825],[75.7879728,26.9121825],[75.7879728,26.9121817],[75.7879704,26.9121818],[75.7879704,26.912181],[75.7879688,26.912181],[75.7879688,26.9121803],[75.7879648,26.9121803],[75.7879648,26.9121796],[75.7879607,26.9121796],[75.7879607,26.9121789],[75.7879559,26.9121789],[75.7879559,26.9121797],[75.787947,26.9121797],[75.787947,26.912179],[75.7879422,26.912179],[75.7879422,26.9121783],[75.787939,26.9121783],[75.787939,26.9121776],[75.7879365,26.9121776],[75.7879365,26.9121769],[75.7879341,26.9121769],[75.7879341,26.9121776],[75.7879325,26.9121776],[75.7879325,26.9121791],[75.7879317,26.9121791],[75.7879317,26.9121805],[75.7879309,26.9121805],[75.7879309,26.9121812],[75.7879301,26.9121813],[75.7879301,26.9121827],[75.7879293,26.9121827],[75.7879294,26.9121906],[75.7879286,26.9121907],[75.7879286,26.9121935],[75.7879278,26.9121935],[75.7879278,26.9121979],[75.787927,26.9121979],[75.787927,26.9122],[75.7879262,26.9122001],[75.7879263,26.9122058],[75.7879279,26.9122058],[75.7879279,26.9122073],[75.7879295,26.9122073],[75.7879295,26.912208],[75.7879319,26.912208],[75.7879319,26.9122087],[75.7879343,26.9122087],[75.7879343,26.9122094],[75.7879376,26.9122094],[75.7879376,26.9122101],[75.7879384,26.9122101],[75.7879384,26.9122108],[75.7879392,26.9122108],[75.7879392,26.9122115],[75.7879408,26.9122115],[75.7879408,26.9122123],[75.7879424,26.9122122],[75.7879424,26.912213],[75.7879432,26.912213],[75.7879432,26.9122137],[75.7879448,26.9122137],[75.7879449,26.9122144],[75.7879465,26.9122144],[75.7879465,26.9122151],[75.7879473,26.9122151],[75.7879473,26.9122158],[75.7879497,26.9122158],[75.7879497,26.9122165],[75.7879521,26.9122165],[75.7879521,26.9122172],[75.7879553,26.9122172],[75.7879553,26.9122179],[75.787957,26.9122179],[75.787957,26.9122187],[75.7879578,26.9122187],[75.7879578,26.9122194],[75.787961,26.9122194],[75.787961,26.9122201],[75.7879626,26.9122201],[75.7879626,26.9122208],[75.787965,26.9122208],[75.787965,26.9122215],[75.7879675,26.9122215],[75.7879675,26.9122222],[75.7879715,26.9122222],[75.7879715,26.9122229],[75.7879747,26.9122229],[75.7879747,26.9122236],[75.7879788,26.9122236],[75.7879787,26.9122229],[75.7879796,26.9122229],[75.7879795,26.9122221],[75.7879804,26.9122221],[75.7879803,26.9122214],[75.7879812,26.9122214],[75.7879811,26.9122207],[75.787982,26.9122207],[75.7879819,26.9122192],[75.7879827,26.9122192],[75.7879827,26.9122185],[75.7879836,26.9122185],[75.7879835,26.9122178],[75.7879868,26.9122178],[75.7879868,26.912217],[75.7879876,26.912217],[75.7879876,26.9122156],[75.7879884,26.9122156],[75.7879883,26.9122113],[75.7879891,26.9122113],[75.7879891,26.912212],[75.7879908,26.912212],[75.7879908,26.9122127],[75.7879916,26.9122127],[75.7879916,26.9122141],[75.7879932,26.9122141],[75.7879932,26.9122148],[75.787994,26.9122148],[75.787994,26.9122156],[75.7879956,26.9122156],[75.7879956,26.9122163],[75.7879964,26.9122163],[75.7879964,26.9122177],[75.787998,26.9122177],[75.7879981,26.9122184],[75.7879989,26.9122184],[75.7879989,26.9122191],[75.7879997,26.9122191],[75.7879997,26.9122199],[75.7880005,26.9122199],[75.7880005,26.9122213],[75.7880013,26.9122213],[75.7880013,26.9122227],[75.7880021,26.9122227],[75.7880021,26.9122235],[75.7880029,26.9122235],[75.7880029,26.9122242],[75.7880037,26.9122242],[75.7880037,26.9122249],[75.7880029,26.9122249],[75.7880029,26.9122256],[75.7880021,26.9122256],[75.7880021,26.9122271],[75.7880013,26.9122271],[75.7880014,26.91223],[75.7880005,26.91223],[75.7880006,26.9122321],[75.7880014,26.9122321],[75.7880014,26.9122343],[75.7880022,26.9122343],[75.7880022,26.912235],[75.7880046,26.912235],[75.7880046,26.9122357],[75.788007,26.9122357],[75.788007,26.9122364],[75.7880095,26.9122364],[75.7880095,26.9122371],[75.7880119,26.9122371],[75.7880119,26.9122379],[75.7880143,26.9122378],[75.7880143,26.9122386],[75.7880159,26.9122386],[75.7880159,26.9122393],[75.7880191,26.9122393],[75.7880191,26.91224],[75.7880208,26.91224],[75.7880208,26.9122407],[75.7880256,26.9122407]]]}},{"type":"Feature","properties":{"building_id":"B-0141","vertices":444},"geometry":{"type":"Polygon","coordinates":[[[75.7878317,26.9114632],[75.7878317,26.9114624],[75.7878325,26.9114624],[75.7878325,26.9114617],[75.7878373,26.9114617],[75.7878373,26.911461],[75.7878389,26.911461],[75.7878389,26.9114602],[75.7878405,26.9114602],[75.7878405,26.9114581],[75.7878413,26.911458],[75.7878413,26.9114566],[75.7878421,26.9114566],[75.7878421,26.9114537],[75.7878429,26.9114537],[75.7878429,26.911453],[75.7878453,26.911453],[75.7878453,26.9114522],[75.7878461,26.9114522],[75.7878461,26.9114508],[75.7878469,26.9114508],[75.7878469,26.9114501],[75.7878477,26.9114501],[75.7878477,26.9114493],[75.7878493,26.9114493],[75.7878493,26.9114486],[75.7878501,26.9114486],[75.7878501,26.9114479],[75.7878509,26.9114479],[75.7878509,26.9114464],[75.7878517,26.9114464],[75.7878517,26.911445],[75.7878525,26.911445],[75.7878525,26.9114435],[75.7878533,26.9114435],[75.7878533,26.9114428],[75.7878541,26.9114428],[75.7878541,26.9114406],[75.7878549,26.9114406],[75.7878549,26.9114392],[75.7878557,26.9114392],[75.7878557,26.9114377],[75.7878565,26.9114377],[75.7878565,26.911437],[75.7878573,26.911437],[75.7878573,26.9114363],[75.7878581,26.9114363],[75.7878581,26.9114356],[75.7878589,26.9114356],[75.7878589,26.9114348],[75.7878597,26.9114348],[75.7878597,26.9114341],[75.7878605,26.9114341],[75.7878605,26.9114334],[75.7878613,26.9114334],[75.7878613,26.9114327],[75.7878621,26.9114327],[75.7878621,26.9114312],[75.7878629,26.9114312],[75.7878629,26.9114305],[75.7878637,26.9114305],[75.7878637,26.911429],[75.7878645,26.911429],[75.7878645,26.9114283],[75.7878661,26.9114283],[75.7878661,26.9114276],[75.7878669,26.9114276],[75.7878669,26.9114268],[75.7878677,26.9114268],[75.7878677,26.9114261],[75.7878685,26.9114261],[75.7878685,26.9114254],[75.7878693,26.9114254],[75.7878693,26.9114247],[75.7878701,26.9114247],[75.7878701,26.9114239],[75.7878709,26.9114239],[75.7878709,26.9114232],[75.7878717,26.9114232],[75.7878717,26.9114225],[75.7878741,26.9114225],[75.7878741,26.9114218],[75.7878757,26.9114217],[75.7878757,26.911421],[75.7878781,26.911421],[75.7878781,26.9114203],[75.7878846,26.9114202],[75.7878845,26.9114195],[75.7878854,26.9114195],[75.7878853,26.9114188],[75.7878862,26.9114188],[75.7878861,26.9114181],[75.7878878,26.9114181],[75.7878878,26.9114173],[75.7878894,26.9114173],[75.7878894,26.9114166],[75.787891,26.9114166],[75.787891,26.9114159],[75.7878926,26.9114159],[75.7878926,26.9114151],[75.7878942,26.9114151],[75.7878942,26.9114144],[75.787895,26.9114144],[75.787895,26.9114137],[75.7878966,26.9114137],[75.7878966,26.911413],[75.7878982,26.911413],[75.7878981,26.9114028],[75.7878973,26.9114028],[75.7878973,26.9114],[75.7878965,26.9114],[75.7878965,26.9113978],[75.7878957,26.9113978],[75.7878957,26.9113964],[75.7878949,26.9113964],[75.7878949,26.9113956],[75.787894,26.9113956],[75.787894,26.9113949],[75.7878924,26.9113949],[75.7878924,26.9113935],[75.7878916,26.9113935],[75.7878916,26.9113928],[75.78789,26.9113928],[75.78789,26.9113921],[75.7878884,26.9113921],[75.7878884,26.9113913],[75.7878868,26.9113913],[75.7878868,26.9113906],[75.7878843,26.9113906],[75.7878843,26.9113899],[75.7878835,26.9113899],[75.7878835,26.9113892],[75.7878827,26.9113892],[75.7878827,26.9113885],[75.7878811,26.9113885],[75.7878811,26.9113878],[75.7878795,26.9113878],[75.7878795,26.9113871],[75.7878787,26.9113871],[75.7878787,26.9113863],[75.7878779,26.9113863],[75.7878779,26.9113856],[75.7878771,26.9113856],[75.7878771,26.9113849],[75.7878762,26.9113849],[75.7878762,26.9113842],[75.7878754,26.9113842],[75.7878754,26.9113835],[75.7878738,26.9113835],[75.7878738,26.9113828],[75.787873,26.9113828],[75.787873,26.911382],[75.7878722,26.911382],[75.7878722,26.9113813],[75.7878714,26.9113813],[75.7878714,26.9113806],[75.7878706,26.9113806],[75.7878706,26.9113799],[75.787869,26.9113799],[75.787869,26.9113792],[75.7878682,26.9113792],[75.7878681,26.9113784],[75.7878673,26.9113785],[75.7878673,26.911377],[75.7878657,26.911377],[75.7878657,26.9113763],[75.7878649,26.9113763],[75.7878649,26.9113756],[75.7878641,26.9113756],[75.7878641,26.9113749],[75.7878633,26.9113749],[75.7878633,26.9113741],[75.7878625,26.9113741],[75.7878625,26.9113734],[75.7878617,26.9113734],[75.7878617,26.9113727],[75.7878609,26.9113727],[75.7878609,26.911372],[75.78786,26.911372],[75.78786,26.9113713],[75.7878584,26.9113713],[75.7878584,26.9113706],[75.7878576,26.9113706],[75.7878576,26.9113698],[75.7878568,26.9113698],[75.7878568,26.9113691],[75.787856,26.9113691],[75.787856,26.9113684],[75.7878552,26.9113684],[75.7878552,26.9113677],[75.7878544,26.9113677],[75.7878544,26.911367],[75.7878528,26.911367],[75.7878528,26.9113663],[75.787852,26.9113663],[75.7878519,26.9113655],[75.7878511,26.9113655],[75.7878511,26.9113648],[75.7878503,26.9113648],[75.7878503,26.9113641],[75.7878495,26.9113641],[75.7878495,26.9113627],[75.7878487,26.9113627],[75.7878487,26.9113619],[75.7878471,26.911362],[75.7878471,26.9113612],[75.7878463,26.9113612],[75.7878463,26.9113605],[75.7878455,26.9113605],[75.7878455,26.9113598],[75.7878438,26.9113598],[75.7878438,26.9113591],[75.7878358,26.9113591],[75.7878358,26.9113599],[75.7878342,26.9113599],[75.7878342,26.9113606],[75.7878334,26.9113606],[75.7878334,26.9113613],[75.7878326,26.9113613],[75.7878326,26.9113628],[75.7878318,26.9113628],[75.7878318,26.9113642],[75.787831,26.9113642],[75.787831,26.9113649],[75.7878302,26.9113649],[75.7878302,26.9113657],[75.7878294,26.9113657],[75.7878294,26.9113664],[75.7878286,26.9113664],[75.7878286,26.9113671],[75.787827,26.9113671],[75.787827,26.9113678],[75.7878262,26.9113679],[75.7878262,26.9113686],[75.7878254,26.9113686],[75.7878254,26.9113693],[75.7878246,26.9113693],[75.7878246,26.91137],[75.7878238,26.91137],[75.7878238,26.9113708],[75.787823,26.9113708],[75.787823,26.9113722],[75.7878222,26.9113722],[75.7878222,26.9113729],[75.7878214,26.9113729],[75.7878214,26.9113737],[75.7878206,26.9113737],[75.7878206,26.9113744],[75.7878198,26.9113744],[75.7878198,26.9113751],[75.787819,26.9113751],[75.787819,26.9113758],[75.7878182,26.9113758],[75.7878182,26.9113766],[75.7878174,26.9113766],[75.7878174,26.9113773],[75.7878166,26.9113773],[75.7878166,26.911378],[75.7878158,26.911378],[75.7878158,26.9113787],[75.787815,26.9113787],[75.787815,26.9113795],[75.7878142,26.9113795],[75.7878142,26.9113802],[75.7878134,26.9113802],[75.7878134,26.9113809],[75.7878126,26.9113809],[75.7878126,26.9113824],[75.787811,26.9113824],[75.787811,26.9113831],[75.7878102,26.9113831],[75.7878102,26.9113838],[75.7878094,26.9113838],[75.7878094,26.9113846],[75.7878086,26.9113846],[75.7878086,26.9113853],[75.7878078,26.9113853],[75.7878078,26.911386],[75.787807,26.911386],[75.787807,26.9113867],[75.7878062,26.9113867],[75.7878062,26.9113882],[75.7878054,26.9113882],[75.7878054,26.9113889],[75.7878046,26.9113889],[75.7878046,26.9113896],[75.7878038,26.9113896],[75.7878038,26.9113904],[75.787803,26.9113904],[75.787803,26.9113918],[75.7878022,26.9113918],[75.7878022,26.9113925],[75.7878014,26.9113925],[75.7878014,26.9113933],[75.7878006,26.9113933],[75.7878006,26.9113947],[75.7877998,26.9113947],[75.7877998,26.9113962],[75.787799,26.9113962],[75.787799,26.9113976],[75.7877982,26.9113976],[75.7877982,26.9113991],[75.7877974,26.9113991],[75.7877974,26.9113998],[75.7877966,26.9113998],[75.7877966,26.9114005],[75.7877958,26.9114005],[75.7877958,26.9114012],[75.787795,26.9114012],[75.787795,26.9114027],[75.7877942,26.9114027],[75.7877942,26.9114034],[75.7877934,26.9114034],[75.7877934,26.9114041],[75.7877926,26.9114042],[75.7877926,26.9114056],[75.7877918,26.9114056],[75.7877918,26.9114063],[75.787791,26.9114063],[75.787791,26.9114078],[75.7877902,26.9114078],[75.7877902,26.9114085],[75.7877894,26.9114085],[75.7877894,26.9114092],[75.7877886,26.9114092],[75.7877886,26.9114107],[75.7877878,26.9114107],[75.7877878,26.9114114],[75.7877862,26.9114114],[75.7877862,26.9114121],[75.7877854,26.9114121],[75.7877854,26.9114129],[75.7877846,26.9114129],[75.7877846,26.9114136],[75.7877854,26.9114136],[75.7877854,26.9114143],[75.7877862,26.9114143],[75.7877862,26.911415],[75.787787,26.911415],[75.787787,26.9114157],[75.7877878,26.9114157],[75.7877878,26.9114165],[75.7877887,26.9114165],[75.7877887,26.9114172],[75.7877895,26.9114172],[75.7877895,26.9114179],[75.7877903,26.9114179],[75.7877903,26.9114186],[75.7877911,26.9114186],[75.7877911,26.9114193],[75.7877919,26.9114193],[75.7877919,26.9114208],[75.7877927,26.9114208],[75.7877927,26.9114229],[75.7877935,26.9114229],[75.7877935,26.9114251],[75.7877927,26.9114251],[75.7877928,26.911428],[75.787792,26.911428],[75.787792,26.9114316],[75.7877928,26.9114316],[75.7877928,26.9114323],[75.7877936,26.9114323],[75.7877936,26.911433],[75.7877952,26.911433],[75.7877952,26.9114337],[75.787796,26.9114337],[75.787796,26.9114345],[75.7877976,26.9114345],[75.7877976,26.9114352],[75.7877985,26.9114352],[75.7877985,26.9114359],[75.7877993,26.9114359],[75.7877993,26.9114366],[75.7878001,26.9114366],[75.7878001,26.9114373],[75.7878009,26.9114373],[75.7878009,26.9114381],[75.7878017,26.911438],[75.7878017,26.9114388],[75.7878025,26.9114388],[75.7878025,26.9114395],[75.7878033,26.9114395],[75.7878033,26.9114402],[75.7878041,26.9114402],[75.7878041,26.9114409],[75.7878049,26.9114409],[75.7878049,26.9114416],[75.7878057,26.9114416],[75.7878058,26.9114424],[75.7878074,26.9114423],[75.7878074,26.9114431],[75.7878082,26.9114431],[75.7878082,26.9114438],[75.787809,26.9114438],[75.787809,26.9114445],[75.7878098,26.9114445],[75.7878098,26.9114452],[75.7878106,26.9114452],[75.7878106,26.9114459],[75.7878114,26.9114459],[75.7878114,26.9114467],[75.7878122,26.9114467],[75.7878122,26.9114474],[75.787813,26.9114474],[75.787813,26.9114481],[75.7878138,26.9114481],[75.7878139,26.9114488],[75.7878147,26.9114488],[75.7878147,26.9114495],[75.7878155,26.9114495],[75.7878155,26.9114502],[75.7878163,26.9114502],[75.7878163,26.911451],[75.7878171,26.911451],[75.7878171,26.9114517],[75.7878179,26.9114517],[75.7878179,26.9114531],[75.7878187,26.9114531],[75.7878187,26.9114538],[75.7878195,26.9114538],[75.7878195,26.9114546],[75.7878211,26.9114545],[75.7878211,26.9114553],[75.787822,26.9114553],[75.787822,26.9114567],[75.7878228,26.9114567],[75.7878228,26.9114574],[75.7878236,26.9114574],[75.7878236,26.9114581],[75.7878244,26.9114581],[75.7878244,26.9114589],[75.7878252,26.9114589],[75.7878252,26.9114596],[75.787826,26.9114596],[75.787826,26.9114603],[75.7878268,26.9114603],[75.7878268,26.911461],[75.7878276,26.911461],[75.7878276,26.9114617],[75.7878284,26.9114617],[75.7878284,26.9114625],[75.7878293,26.9114624],[75.7878293,26.9114632],[75.7878317,26.9114632]]]}},{"type":"Feature","properties":{"building_id":"B-0133","vertices":312},"geometry":{"type":"Polygon","coordinates":[[[75.788272,26.9115257],[75.788272,26.911525],[75.7882736,26.911525],[75.7882736,26.9115242],[75.7882776,26.9115242],[75.7882776,26.9115235],[75.78828,26.9115235],[75.78828,26.9115228],[75.7882808,26.9115228],[75.7882808,26.911522],[75.7882824,26.911522],[75.7882824,26.9115213],[75.7882849,26.9115213],[75.7882849,26.9115206],[75.7882865,26.9115206],[75.7882865,26.9115198],[75.7882873,26.9115198],[75.7882873,26.9115191],[75.7882897,26.9115191],[75.7882897,26.9115184],[75.7882905,26.9115184],[75.7882905,26.9115177],[75.7882921,26.9115176],[75.7882921,26.9115169],[75.7882929,26.9115169],[75.7882929,26.9115162],[75.7882945,26.9115162],[75.7882945,26.9115155],[75.7882953,26.9115155],[75.7882953,26.9115147],[75.7882961,26.9115147],[75.7882961,26.911514],[75.7882977,26.911514],[75.7882977,26.9115133],[75.7882985,26.9115133],[75.7882985,26.9115126],[75.7882993,26.9115125],[75.7882993,26.9115118],[75.7883009,26.9115118],[75.7883009,26.9115111],[75.7883025,26.9115111],[75.7883025,26.9115104],[75.7883041,26.9115104],[75.7883041,26.9115096],[75.7883049,26.9115096],[75.7883049,26.9115089],[75.7883065,26.9115089],[75.7883065,26.9115082],[75.7883081,26.9115082],[75.7883072,26.9113767],[75.7883064,26.9113767],[75.7883064,26.9113789],[75.7883056,26.9113789],[75.7883056,26.9113796],[75.788304,26.9113796],[75.788304,26.9113804],[75.7883024,26.9113804],[75.7883024,26.9113818],[75.7883016,26.9113818],[75.7883016,26.911384],[75.7883008,26.911384],[75.7883008,26.9113847],[75.7883,26.9113847],[75.7883,26.9113854],[75.7882984,26.9113854],[75.7882984,26.9113862],[75.7882976,26.9113862],[75.7882976,26.9113869],[75.7882968,26.9113869],[75.7882968,26.9113883],[75.788296,26.9113883],[75.788296,26.9113891],[75.7882968,26.9113891],[75.7882968,26.9113919],[75.788296,26.911392],[75.7882961,26.9113934],[75.7882944,26.9113934],[75.7882944,26.911392],[75.7882928,26.911392],[75.7882928,26.9113934],[75.788292,26.9113934],[75.788292,26.9113941],[75.7882904,26.9113941],[75.7882904,26.9113956],[75.7882896,26.9113956],[75.7882896,26.9113963],[75.7882888,26.9113963],[75.7882888,26.9113978],[75.7882896,26.9113978],[75.7882896,26.911397],[75.7882912,26.911397],[75.7882912,26.9113978],[75.7882921,26.9113978],[75.7882921,26.9113985],[75.7882913,26.9113985],[75.7882913,26.9113992],[75.7882888,26.9113992],[75.7882888,26.9113999],[75.788288,26.9113999],[75.788288,26.9114007],[75.7882872,26.9114007],[75.7882872,26.9114014],[75.7882856,26.9114014],[75.7882856,26.9114028],[75.7882848,26.9114028],[75.7882848,26.9114036],[75.788284,26.9114036],[75.788284,26.9114043],[75.7882832,26.9114043],[75.7882832,26.911405],[75.7882824,26.911405],[75.7882824,26.9114057],[75.7882816,26.9114058],[75.7882816,26.9114065],[75.7882808,26.9114065],[75.7882808,26.9114072],[75.78828,26.9114072],[75.78828,26.9114079],[75.7882792,26.9114079],[75.7882792,26.9114094],[75.7882784,26.9114094],[75.7882784,26.9114101],[75.7882776,26.9114101],[75.7882776,26.9114108],[75.7882768,26.9114108],[75.7882768,26.9114123],[75.788276,26.9114123],[75.7882761,26.9114137],[75.7882752,26.9114137],[75.7882753,26.9114159],[75.7882745,26.9114159],[75.7882745,26.9114181],[75.7882737,26.9114181],[75.7882737,26.9114195],[75.7882729,26.9114195],[75.7882729,26.911421],[75.7882721,26.911421],[75.7882721,26.9114224],[75.7882713,26.9114224],[75.7882713,26.9114239],[75.7882705,26.9114239],[75.7882705,26.9114253],[75.7882697,26.9114253],[75.7882697,26.9114268],[75.7882689,26.9114268],[75.7882689,26.9114275],[75.7882681,26.9114275],[75.7882681,26.9114297],[75.7882673,26.9114297],[75.7882673,26.9114311],[75.7882665,26.9114311],[75.7882665,26.9114318],[75.7882657,26.9114318],[75.7882657,26.911434],[75.7882649,26.911434],[75.7882649,26.9114355],[75.7882641,26.9114355],[75.7882641,26.9114369],[75.7882633,26.9114369],[75.7882633,26.9114384],[75.7882625,26.9114384],[75.7882625,26.9114391],[75.7882617,26.9114391],[75.7882617,26.9114405],[75.7882609,26.9114405],[75.7882609,26.911442],[75.7882601,26.911442],[75.7882601,26.9114434],[75.7882593,26.9114434],[75.7882594,26.9114449],[75.7882585,26.9114449],[75.7882586,26.9114471],[75.7882578,26.9114471],[75.7882578,26.9114478],[75.788257,26.9114478],[75.788257,26.9114499],[75.7882562,26.91145],[75.7882562,26.9114514],[75.7882554,26.9114514],[75.7882554,26.9114536],[75.7882546,26.9114536],[75.7882546,26.911455],[75.7882538,26.911455],[75.7882538,26.9114565],[75.788253,26.9114565],[75.788253,26.9114579],[75.7882522,26.9114579],[75.7882522,26.9114586],[75.7882514,26.9114586],[75.7882514,26.9114601],[75.7882506,26.9114601],[75.7882506,26.9114615],[75.7882498,26.9114615],[75.7882498,26.911463],[75.788249,26.911463],[75.788249,26.9114644],[75.7882482,26.9114644],[75.7882482,26.9114666],[75.7882474,26.9114666],[75.7882474,26.9114681],[75.7882466,26.9114681],[75.7882466,26.9114695],[75.7882458,26.9114695],[75.7882458,26.911471],[75.788245,26.911471],[75.788245,26.9114724],[75.7882442,26.9114724],[75.7882442,26.9114746],[75.7882434,26.9114746],[75.7882434,26.9114753],[75.7882426,26.9114753],[75.7882426,26.911476],[75.7882418,26.911476],[75.7882419,26.9114775],[75.788241,26.9114775],[75.7882411,26.9114789],[75.7882403,26.9114789],[75.7882403,26.9114797],[75.7882395,26.9114797],[75.7882395,26.9114818],[75.7882387,26.9114818],[75.7882387,26.9114833],[75.7882379,26.9114833],[75.7882379,26.9114847],[75.7882371,26.9114847],[75.7882371,26.9114869],[75.7882363,26.9114869],[75.7882363,26.9114883],[75.7882355,26.9114883],[75.7882355,26.9114912],[75.7882347,26.9114912],[75.7882347,26.9114949],[75.7882355,26.9114948],[75.7882355,26.9114956],[75.7882363,26.9114956],[75.7882363,26.911497],[75.7882372,26.911497],[75.7882372,26.9114977],[75.7882388,26.9114977],[75.7882388,26.9114984],[75.7882396,26.9114984],[75.7882396,26.9114992],[75.7882404,26.9114992],[75.7882404,26.9114999],[75.7882412,26.9114999],[75.7882412,26.9115006],[75.788242,26.9115006],[75.788242,26.9115013],[75.7882428,26.9115013],[75.7882428,26.911502],[75.7882436,26.911502],[75.7882436,26.9115027],[75.7882444,26.9115027],[75.7882445,26.9115035],[75.7882453,26.9115035],[75.7882453,26.9115042],[75.7882461,26.9115042],[75.7882461,26.9115049],[75.7882469,26.9115049],[75.7882469,26.9115056],[75.7882485,26.9115056],[75.7882485,26.9115063],[75.7882493,26.9115063],[75.7882493,26.9115071],[75.7882501,26.911507],[75.7882501,26.9115078],[75.7882509,26.9115078],[75.7882509,26.9115085],[75.7882517,26.9115085],[75.7882517,26.9115092],[75.7882525,26.9115092],[75.7882526,26.9115099],[75.7882534,26.9115099],[75.7882534,26.9115106],[75.7882542,26.9115106],[75.7882542,26.9115114],[75.788255,26.9115114],[75.788255,26.9115121],[75.7882558,26.9115121],[75.7882558,26.9115128],[75.7882574,26.9115128],[75.7882574,26.9115142],[75.7882582,26.9115142],[75.7882582,26.9115149],[75.788259,26.9115149],[75.788259,26.9115157],[75.7882606,26.9115157],[75.7882607,26.9115164],[75.7882615,26.9115164],[75.7882615,26.9115171],[75.7882623,26.9115171],[75.7882623,26.9115178],[75.7882631,26.9115178],[75.7882631,26.9115185],[75.7882639,26.9115185],[75.7882639,26.9115192],[75.7882647,26.9115192],[75.7882647,26.91152],[75.7882655,26.91152],[75.7882655,26.9115207],[75.7882663,26.9115207],[75.7882663,26.9115221],[75.7882671,26.9115221],[75.7882671,26.9115228],[75.7882679,26.9115228],[75.788268,26.9115236],[75.7882688,26.9115236],[75.7882688,26.9115243],[75.7882696,26.9115243],[75.7882696,26.911525],[75.7882712,26.911525],[75.7882712,26.9115257],[75.788272,26.9115257]]]}},{"type":"Feature","properties":{"building_id":"B-0016","vertices":260},"geometry":{"type":"Polygon","coordinates":[[[75.7882082,26.9123112],[75.7882082,26.9123104],[75.7882106,26.9123104],[75.7882106,26.9123097],[75.7882114,26.9123097],[75.7882114,26.912309],[75.788213,26.912309],[75.788213,26.9123068],[75.7882138,26.9123068],[75.7882138,26.9123046],[75.7882146,26.9123046],[75.7882146,26.9123039],[75.7882138,26.9123039],[75.7882137,26.9123017],[75.7882145,26.9123017],[75.7882145,26.9122952],[75.7882137,26.9122952],[75.7882136,26.9122858],[75.7882144,26.9122858],[75.7882144,26.9122822],[75.7882152,26.9122822],[75.7882151,26.912262],[75.7882143,26.912262],[75.7882143,26.9122598],[75.7882134,26.9122598],[75.7882134,26.9122584],[75.7882126,26.9122584],[75.7882126,26.9122577],[75.788211,26.9122577],[75.788211,26.912257],[75.7881788,26.9122571],[75.7881788,26.9122579],[75.7881772,26.9122579],[75.7881772,26.9122586],[75.7881691,26.9122586],[75.7881691,26.9122594],[75.7881635,26.9122594],[75.7881635,26.9122587],[75.7881603,26.9122587],[75.7881603,26.9122594],[75.7881579,26.9122594],[75.7881579,26.9122587],[75.788157,26.9122587],[75.788157,26.912258],[75.7881554,26.912258],[75.7881554,26.9122566],[75.7881546,26.9122566],[75.7881546,26.9122558],[75.7881538,26.9122558],[75.7881538,26.9122551],[75.7881514,26.9122551],[75.7881514,26.9122544],[75.7881506,26.9122544],[75.7881506,26.9122537],[75.7881465,26.9122537],[75.7881465,26.912253],[75.7881393,26.912253],[75.7881393,26.9122538],[75.7881385,26.9122538],[75.7881385,26.9122574],[75.7881377,26.9122574],[75.7881378,26.9122646],[75.7881369,26.9122646],[75.788137,26.912266],[75.7881361,26.9122661],[75.7881362,26.9122675],[75.7881354,26.9122675],[75.7881354,26.9122689],[75.7881338,26.912269],[75.7881338,26.9122697],[75.7881313,26.9122697],[75.7881313,26.912269],[75.7881297,26.912269],[75.7881297,26.9122683],[75.7881289,26.9122683],[75.7881289,26.9122675],[75.7881273,26.9122675],[75.7881273,26.9122668],[75.7881249,26.9122668],[75.7881249,26.9122661],[75.7881216,26.9122661],[75.7881216,26.9122654],[75.7881192,26.9122654],[75.7881192,26.9122647],[75.7881168,26.9122647],[75.7881168,26.912264],[75.7881144,26.912264],[75.7881144,26.9122633],[75.788112,26.9122633],[75.788112,26.9122626],[75.7881112,26.9122626],[75.7881111,26.9122611],[75.7881103,26.9122611],[75.7881103,26.9122583],[75.7881095,26.9122583],[75.7881095,26.9122575],[75.7881087,26.9122575],[75.7881087,26.9122568],[75.7881071,26.9122568],[75.7881071,26.9122561],[75.7881063,26.9122561],[75.7881063,26.9122554],[75.7881055,26.9122554],[75.7881055,26.9122547],[75.7881047,26.9122547],[75.7881046,26.9122539],[75.7881038,26.912254],[75.7881038,26.9122532],[75.788103,26.9122532],[75.788103,26.9122525],[75.7881022,26.9122525],[75.7881022,26.9122518],[75.7881014,26.9122518],[75.7881014,26.9122511],[75.7881006,26.9122511],[75.7881006,26.9122504],[75.7880998,26.9122504],[75.7880998,26.9122496],[75.7880982,26.9122497],[75.7880982,26.9122489],[75.7880966,26.9122489],[75.7880965,26.9122482],[75.7880941,26.9122482],[75.7880941,26.9122475],[75.7880925,26.9122475],[75.7880925,26.9122468],[75.7880917,26.9122468],[75.7880917,26.9122461],[75.7880901,26.9122461],[75.7880901,26.9122454],[75.7880869,26.9122454],[75.7880869,26.9122447],[75.7880772,26.9122447],[75.7880772,26.9122454],[75.7880748,26.9122454],[75.7880748,26.9122462],[75.788074,26.9122462],[75.788074,26.9122476],[75.7880732,26.9122476],[75.7880732,26.9122483],[75.7880724,26.9122484],[75.7880724,26.9122498],[75.7880716,26.9122498],[75.7880716,26.9122585],[75.7880708,26.9122585],[75.7880708,26.9122592],[75.7880716,26.9122592],[75.7880717,26.9122621],[75.7880709,26.9122621],[75.7880709,26.9122657],[75.7880701,26.9122657],[75.7880701,26.9122693],[75.7880693,26.9122693],[75.7880693,26.9122715],[75.7880685,26.9122715],[75.7880685,26.9122729],[75.7880677,26.9122729],[75.7880677,26.9122737],[75.7880669,26.9122737],[75.7880669,26.9122744],[75.7880661,26.9122744],[75.7880661,26.9122751],[75.7880653,26.9122751],[75.7880653,26.9122758],[75.7880645,26.9122758],[75.7880645,26.9122773],[75.7880637,26.9122773],[75.7880637,26.912278],[75.7880629,26.912278],[75.7880629,26.9122795],[75.7880637,26.9122795],[75.7880637,26.9122802],[75.7880645,26.9122802],[75.7880645,26.9122809],[75.7880654,26.9122809],[75.7880654,26.9122816],[75.788067,26.9122816],[75.788067,26.9122823],[75.7880678,26.9122823],[75.7880678,26.912283],[75.7880686,26.912283],[75.7880686,26.9122838],[75.7880694,26.9122838],[75.7880694,26.9122845],[75.7880718,26.9122845],[75.7880718,26.9122852],[75.7880742,26.9122852],[75.7880743,26.9122859],[75.7880767,26.9122859],[75.7880767,26.9122866],[75.7880791,26.9122866],[75.7880791,26.9122873],[75.7880807,26.9122873],[75.7880807,26.912288],[75.7880831,26.912288],[75.7880831,26.9122887],[75.7880864,26.9122887],[75.7880864,26.9122894],[75.7880904,26.9122894],[75.7880904,26.9122901],[75.7880936,26.9122901],[75.7880936,26.9122908],[75.7880985,26.9122908],[75.7880985,26.9122915],[75.7881009,26.9122915],[75.7881009,26.9122922],[75.7881025,26.9122922],[75.7881025,26.912293],[75.7881049,26.9122929],[75.7881049,26.9122937],[75.7881065,26.9122937],[75.7881065,26.9122944],[75.788109,26.9122944],[75.788109,26.9122951],[75.7881114,26.9122951],[75.7881114,26.9122958],[75.7881154,26.9122958],[75.7881154,26.9122965],[75.7881186,26.9122965],[75.7881186,26.9122972],[75.7881211,26.9122972],[75.7881211,26.9122979],[75.7881267,26.9122979],[75.7881267,26.9122986],[75.7881315,26.9122986],[75.7881315,26.9122993],[75.7881396,26.9122993],[75.7881396,26.9123],[75.7881436,26.9123],[75.7881436,26.9123007],[75.7881469,26.9123007],[75.7881469,26.9123014],[75.7881509,26.9123014],[75.7881509,26.9123021],[75.7881541,26.9123021],[75.7881541,26.9123028],[75.7881565,26.9123028],[75.7881566,26.9123035],[75.7881614,26.9123035],[75.7881614,26.9123042],[75.7881654,26.9123042],[75.7881654,26.9123049],[75.7881695,26.9123049],[75.7881695,26.9123056],[75.7881743,26.9123056],[75.7881743,26.9123063],[75.7881791,26.9123063],[75.7881791,26.912307],[75.788184,26.912307],[75.788184,26.9123077],[75.788188,26.9123077],[75.788188,26.9123084],[75.788192,26.9123084],[75.788192,26.9123091],[75.7881953,26.9123091],[75.7881953,26.9123098],[75.7882009,26.9123097],[75.7882009,26.9123105],[75.7882049,26.9123104],[75.7882049,26.9123112],[75.7882082,26.9123112]]]}},{"type":"Feature","properties":{"building_id":"B-0040","vertices":448},"geometry":{"type":"Polygon","coordinates":[[[75.7881134,26.9121181],[75.7881134,26.9121174],[75.7881158,26.9121174],[75.7881158,26.9121167],[75.7881174,26.9121166],[75.7881174,26.9121159],[75.788119,26.9121159],[75.788119,26.9121152],[75.7881198,26.9121152],[75.7881198,26.9121145],[75.7881206,26.9121145],[75.7881206,26.9121137],[75.7881214,26.9121137],[75.7881214,26.912113],[75.7881222,26.912113],[75.7881222,26.9121123],[75.788123,26.9121123],[75.788123,26.9121116],[75.7881238,26.9121116],[75.7881238,26.9121108],[75.7881246,26.9121108],[75.7881246,26.9121101],[75.7881262,26.9121101],[75.7881262,26.9121094],[75.788127,26.9121094],[75.788127,26.9121079],[75.7881278,26.9121079],[75.7881278,26.9121072],[75.7881286,26.9121072],[75.7881286,26.9121065],[75.7881302,26.9121065],[75.7881302,26.9121057],[75.788131,26.9121057],[75.788131,26.912105],[75.7881326,26.912105],[75.7881326,26.9121043],[75.7881342,26.9121043],[75.7881342,26.9121036],[75.788135,26.9121035],[75.788135,26.9121028],[75.7881358,26.9121028],[75.7881358,26.9121021],[75.7881374,26.9121021],[75.7881374,26.9121014],[75.7881382,26.9121014],[75.7881382,26.9121006],[75.788139,26.9121006],[75.788139,26.9120999],[75.7881398,26.9120999],[75.7881398,26.9120992],[75.7881406,26.9120992],[75.7881406,26.9120985],[75.7881422,26.9120985],[75.7881422,26.9120977],[75.7881438,26.9120977],[75.7881438,26.912097],[75.7881454,26.912097],[75.7881454,26.9120963],[75.7881462,26.9120963],[75.7881462,26.9120955],[75.7881471,26.9120955],[75.788147,26.9120948],[75.7881487,26.9120948],[75.7881487,26.9120941],[75.7881503,26.9120941],[75.7881503,26.9120934],[75.7881511,26.9120933],[75.7881511,26.9120926],[75.7881519,26.9120926],[75.7881519,26.9120919],[75.7881527,26.9120919],[75.7881527,26.9120912],[75.7881535,26.9120912],[75.7881535,26.9120904],[75.7881543,26.9120904],[75.7881543,26.9120897],[75.7881551,26.9120897],[75.7881551,26.912089],[75.7881559,26.912089],[75.7881559,26.9120883],[75.7881567,26.9120883],[75.7881567,26.9120868],[75.7881583,26.9120868],[75.7881583,26.9120861],[75.7881599,26.9120861],[75.7881599,26.9120854],[75.7881607,26.9120854],[75.7881607,26.9120846],[75.7881623,26.9120846],[75.7881623,26.9120839],[75.7881631,26.9120839],[75.7881631,26.9120824],[75.7881639,26.9120824],[75.7881639,26.9120817],[75.7881647,26.9120817],[75.7881647,26.912081],[75.7881655,26.912081],[75.7881655,26.9120803],[75.7881663,26.9120803],[75.7881663,26.9120795],[75.7881679,26.9120795],[75.7881679,26.9120788],[75.7881687,26.9120788],[75.7881687,26.9120781],[75.7881703,26.9120781],[75.7881703,26.9120774],[75.7881719,26.9120773],[75.7881719,26.9120766],[75.7881727,26.9120766],[75.7881727,26.9120752],[75.7881735,26.9120752],[75.7881735,26.9120744],[75.7881743,26.9120744],[75.7881743,26.9120737],[75.7881751,26.9120737],[75.7881751,26.912073],[75.7881759,26.912073],[75.7881759,26.9120723],[75.7881767,26.9120723],[75.7881767,26.9120715],[75.7881775,26.9120715],[75.7881775,26.9120701],[75.7881783,26.9120701],[75.7881783,26.9120694],[75.7881791,26.9120694],[75.7881791,26.9120686],[75.7881799,26.9120686],[75.7881798,26.9120585],[75.788179,26.9120585],[75.788179,26.9120578],[75.7881782,26.9120578],[75.7881782,26.9120571],[75.7881774,26.9120571],[75.7881774,26.9120564],[75.7881766,26.9120564],[75.7881766,26.9120556],[75.7881758,26.9120557],[75.7881758,26.9120549],[75.788175,26.9120549],[75.788175,26.9120542],[75.7881742,26.9120542],[75.7881742,26.9120535],[75.7881733,26.9120535],[75.7881733,26.9120528],[75.7881717,26.9120528],[75.7881717,26.9120521],[75.7881709,26.9120521],[75.7881709,26.9120513],[75.7881701,26.9120514],[75.7881701,26.9120506],[75.7881693,26.9120506],[75.7881693,26.9120499],[75.7881685,26.9120499],[75.7881685,26.9120492],[75.7881677,26.9120492],[75.7881677,26.9120485],[75.7881669,26.9120485],[75.7881669,26.9120478],[75.7881661,26.9120478],[75.788166,26.912047],[75.7881652,26.912047],[75.7881652,26.9120463],[75.7881644,26.9120463],[75.7881644,26.9120456],[75.7881636,26.9120456],[75.7881636,26.9120449],[75.788162,26.9120449],[75.788162,26.9120442],[75.7881612,26.9120442],[75.7881612,26.9120435],[75.7881604,26.9120435],[75.7881604,26.9120427],[75.7881596,26.9120427],[75.7881596,26.912042],[75.7881588,26.912042],[75.7881588,26.9120413],[75.788158,26.9120413],[75.7881579,26.9120406],[75.7881563,26.9120406],[75.7881563,26.9120399],[75.7881547,26.9120399],[75.7881547,26.9120392],[75.7881539,26.9120392],[75.7881539,26.9120384],[75.7881531,26.9120384],[75.7881531,26.9120377],[75.7881523,26.9120377],[75.7881523,26.912037],[75.7881515,26.912037],[75.7881515,26.9120363],[75.7881507,26.9120363],[75.7881507,26.9120356],[75.7881499,26.9120356],[75.7881499,26.9120349],[75.788149,26.9120349],[75.788149,26.9120334],[75.7881482,26.9120334],[75.7881482,26.9120327],[75.7881474,26.9120327],[75.7881474,26.9120305],[75.7881466,26.9120305],[75.7881466,26.9120269],[75.7881474,26.9120269],[75.7881474,26.9120262],[75.7881466,26.9120262],[75.7881466,26.9120248],[75.7881458,26.9120248],[75.7881457,26.9120233],[75.7881449,26.9120233],[75.7881449,26.9120226],[75.7881441,26.9120226],[75.7881441,26.9120219],[75.7881433,26.9120219],[75.7881433,26.9120212],[75.7881425,26.9120212],[75.7881425,26.9120204],[75.7881417,26.9120205],[75.7881417,26.9120197],[75.7881409,26.9120197],[75.7881409,26.9120183],[75.7881401,26.9120183],[75.7881401,26.9120176],[75.7881385,26.9120176],[75.7881384,26.9120169],[75.7881376,26.9120169],[75.7881376,26.9120161],[75.788136,26.9120162],[75.788136,26.9120154],[75.7881304,26.9120155],[75.7881304,26.9120162],[75.7881296,26.9120162],[75.7881296,26.9120169],[75.7881288,26.9120169],[75.7881288,26.9120176],[75.788128,26.9120176],[75.788128,26.9120191],[75.7881272,26.9120191],[75.7881272,26.9120198],[75.7881264,26.9120198],[75.7881264,26.9120205],[75.7881256,26.9120205],[75.7881256,26.9120213],[75.7881248,26.9120213],[75.7881248,26.912022],[75.788124,26.912022],[75.788124,26.9120234],[75.7881232,26.9120234],[75.7881232,26.9120242],[75.7881224,26.9120242],[75.7881224,26.9120249],[75.7881216,26.9120249],[75.7881216,26.9120256],[75.7881208,26.9120256],[75.7881208,26.9120271],[75.78812,26.9120271],[75.78812,26.9120278],[75.7881192,26.9120278],[75.7881192,26.9120285],[75.7881176,26.9120285],[75.7881176,26.91203],[75.7881168,26.91203],[75.7881168,26.9120307],[75.788116,26.9120307],[75.788116,26.9120314],[75.7881152,26.9120314],[75.7881152,26.9120322],[75.7881144,26.9120322],[75.7881144,26.9120329],[75.7881136,26.9120329],[75.7881136,26.9120336],[75.7881128,26.9120336],[75.7881128,26.9120343],[75.788112,26.9120343],[75.788112,26.9120351],[75.7881112,26.9120351],[75.7881112,26.9120358],[75.7881104,26.9120358],[75.7881104,26.9120365],[75.7881096,26.9120365],[75.7881096,26.9120372],[75.7881088,26.9120372],[75.7881088,26.912038],[75.788108,26.912038],[75.788108,26.9120387],[75.7881072,26.9120387],[75.7881072,26.9120394],[75.7881064,26.9120394],[75.7881064,26.9120409],[75.7881056,26.9120409],[75.7881056,26.9120416],[75.7881048,26.9120416],[75.7881048,26.9120423],[75.788104,26.9120423],[75.788104,26.9120431],[75.7881032,26.9120431],[75.7881032,26.9120438],[75.7881024,26.9120438],[75.7881024,26.9120452],[75.7881016,26.9120452],[75.7881016,26.912046],[75.7881008,26.912046],[75.7881008,26.9120467],[75.7881,26.9120467],[75.7881,26.9120474],[75.7880992,26.9120474],[75.7880992,26.9120481],[75.7880984,26.9120481],[75.7880984,26.9120496],[75.7880976,26.9120496],[75.7880976,26.9120503],[75.7880968,26.9120503],[75.7880968,26.9120518],[75.788096,26.9120518],[75.788096,26.9120525],[75.7880952,26.9120525],[75.7880952,26.9120539],[75.7880944,26.9120539],[75.7880944,26.9120547],[75.7880936,26.9120547],[75.7880936,26.9120554],[75.7880928,26.9120554],[75.7880928,26.9120568],[75.788092,26.9120568],[75.788092,26.9120576],[75.7880912,26.9120576],[75.7880912,26.9120583],[75.7880904,26.9120583],[75.7880904,26.9120597],[75.7880896,26.9120597],[75.7880896,26.9120612],[75.7880888,26.9120612],[75.7880888,26.9120619],[75.788088,26.9120619],[75.788088,26.9120634],[75.7880872,26.9120634],[75.7880872,26.9120641],[75.7880856,26.9120641],[75.7880856,26.9120648],[75.7880848,26.9120648],[75.7880848,26.9120656],[75.788084,26.9120656],[75.788084,26.9120663],[75.7880832,26.9120663],[75.7880832,26.912067],[75.7880824,26.912067],[75.7880824,26.9120677],[75.7880816,26.9120677],[75.7880816,26.9120685],[75.7880808,26.9120685],[75.7880808,26.9120692],[75.78808,26.9120692],[75.78808,26.9120706],[75.7880792,26.9120706],[75.7880792,26.9120714],[75.7880784,26.9120714],[75.7880784,26.9120728],[75.7880776,26.9120728],[75.7880776,26.9120735],[75.7880768,26.9120735],[75.7880768,26.912075],[75.788076,26.912075],[75.788076,26.9120757],[75.7880752,26.9120757],[75.7880752,26.9120772],[75.7880744,26.9120772],[75.7880744,26.9120779],[75.7880736,26.9120779],[75.7880736,26.9120793],[75.7880728,26.9120793],[75.7880728,26.9120801],[75.788072,26.9120801],[75.788072,26.9120808],[75.7880712,26.9120808],[75.7880712,26.9120822],[75.7880704,26.9120822],[75.7880704,26.9120837],[75.7880696,26.9120837],[75.7880696,26.9120844],[75.7880688,26.9120844],[75.7880688,26.9120866],[75.788068,26.9120866],[75.788068,26.912088],[75.7880688,26.912088],[75.7880689,26.9120888],[75.7880697,26.9120887],[75.7880697,26.9120895],[75.7880713,26.9120895],[75.7880713,26.9120902],[75.7880721,26.9120902],[75.7880721,26.9120909],[75.7880737,26.9120909],[75.7880737,26.9120916],[75.7880745,26.9120916],[75.7880745,26.9120923],[75.7880761,26.9120923],[75.7880761,26.9120938],[75.7880769,26.9120938],[75.788077,26.9120967],[75.7880778,26.9120966],[75.7880778,26.9120988],[75.7880786,26.9120988],[75.7880786,26.9120995],[75.7880794,26.9120995],[75.7880794,26.9121002],[75.788081,26.9121002],[75.788081,26.912101],[75.7880818,26.912101],[75.7880818,26.9121017],[75.7880826,26.9121017],[75.7880826,26.9121024],[75.7880843,26.9121024],[75.7880843,26.9121031],[75.7880851,26.9121031],[75.7880851,26.9121038],[75.7880867,26.9121038],[75.7880867,26.9121045],[75.7880875,26.9121045],[75.7880875,26.9121053],[75.7880883,26.9121053],[75.7880883,26.912106],[75.7880891,26.912106],[75.7880891,26.9121067],[75.7880899,26.9121067],[75.7880899,26.9121074],[75.7880907,26.9121074],[75.7880907,26.9121081],[75.7880924,26.9121081],[75.7880924,26.9121088],[75.7880932,26.9121088],[75.7880932,26.9121096],[75.788094,26.9121096],[75.788094,26.9121117],[75.7880948,26.9121117],[75.7880948,26.9121132],[75.7880956,26.9121132],[75.7880956,26.9121139],[75.7880964,26.9121139],[75.7880964,26.9121146],[75.788098,26.9121146],[75.788098,26.9121153],[75.7880997,26.9121153],[75.7880997,26.912116],[75.7881013,26.912116],[75.7881013,26.9121167],[75.7881037,26.9121167],[75.7881037,26.9121174],[75.7881061,26.9121174],[75.7881061,26.9121182],[75.7881134,26.9121181]]]}},{"type":"Feature","properties":{"building_id":"B-0090","vertices":266},"geometry":{"type":"Polygon","coordinates":[[[75.7878483,26.9117707],[75.7878483,26.91177],[75.7878491,26.91177],[75.7878491,26.9117671],[75.7878499,26.9117671],[75.7878499,26.9117642],[75.7878507,26.9117642],[75.7878507,26.9117606],[75.7878515,26.9117606],[75.7878515,26.9117584],[75.7878523,26.9117584],[75.7878523,26.9117577],[75.7878531,26.9117577],[75.787853,26.9117541],[75.7878538,26.9117541],[75.7878538,26.9117512],[75.7878546,26.9117512],[75.7878546,26.911749],[75.7878554,26.911749],[75.7878554,26.911744],[75.7878562,26.911744],[75.7878562,26.9117411],[75.787857,26.9117411],[75.787857,26.9117396],[75.7878578,26.9117396],[75.7878577,26.9117367],[75.7878586,26.9117367],[75.7878585,26.9117353],[75.7878593,26.9117353],[75.7878593,26.9117331],[75.7878601,26.9117331],[75.7878601,26.9117302],[75.7878609,26.9117302],[75.7878609,26.9117288],[75.7878617,26.9117288],[75.7878617,26.9117266],[75.7878625,26.9117266],[75.7878625,26.9117244],[75.7878633,26.9117244],[75.7878633,26.9117215],[75.7878641,26.9117215],[75.7878641,26.9117187],[75.7878649,26.9117187],[75.7878649,26.9117172],[75.7878657,26.9117172],[75.7878657,26.9117158],[75.7878665,26.9117158],[75.7878665,26.9117143],[75.7878673,26.9117143],[75.7878672,26.9117114],[75.787868,26.9117114],[75.787868,26.9117078],[75.7878688,26.9117078],[75.7878688,26.9117064],[75.7878696,26.9117063],[75.7878696,26.9117049],[75.7878704,26.9117049],[75.7878704,26.911702],[75.7878712,26.911702],[75.7878712,26.9117006],[75.787872,26.9117006],[75.787872,26.9116977],[75.7878728,26.9116977],[75.7878728,26.9116962],[75.7878736,26.9116962],[75.7878736,26.9116955],[75.7878744,26.9116955],[75.7878744,26.9116948],[75.7878752,26.9116948],[75.7878752,26.9116933],[75.787876,26.9116933],[75.787876,26.9116911],[75.7878768,26.9116911],[75.7878768,26.9116904],[75.7878776,26.9116904],[75.7878776,26.9116897],[75.7878784,26.9116897],[75.7878784,26.911689],[75.7878792,26.911689],[75.7878792,26.9116882],[75.78788,26.9116882],[75.78788,26.9116868],[75.7878808,26.9116868],[75.7878807,26.9116846],[75.7878816,26.9116846],[75.7878814,26.9116694],[75.7878806,26.9116694],[75.7878806,26.9116687],[75.7878782,26.9116687],[75.7878782,26.911668],[75.787875,26.911668],[75.787875,26.9116673],[75.7878726,26.9116673],[75.7878726,26.9116666],[75.7878701,26.9116666],[75.7878701,26.9116659],[75.7878669,26.9116659],[75.7878669,26.9116652],[75.7878645,26.9116652],[75.7878645,26.9116645],[75.7878621,26.9116645],[75.7878621,26.9116638],[75.7878613,26.9116638],[75.7878613,26.9116631],[75.7878597,26.9116631],[75.7878596,26.9116623],[75.787858,26.9116624],[75.787858,26.9116616],[75.7878572,26.9116616],[75.7878572,26.9116609],[75.7878564,26.9116609],[75.7878564,26.9116602],[75.7878556,26.9116602],[75.7878556,26.9116595],[75.787854,26.9116595],[75.787854,26.9116588],[75.7878532,26.9116588],[75.7878532,26.911658],[75.7878524,26.9116581],[75.7878524,26.9116573],[75.7878507,26.9116573],[75.7878507,26.9116566],[75.7878483,26.9116566],[75.7878483,26.9116559],[75.7878459,26.9116559],[75.7878459,26.9116552],[75.787833,26.9116553],[75.787833,26.911656],[75.7878314,26.911656],[75.7878314,26.9116567],[75.7878306,26.9116567],[75.7878306,26.9116575],[75.7878298,26.9116575],[75.7878298,26.9116589],[75.787829,26.9116589],[75.787829,26.9116603],[75.7878282,26.9116604],[75.7878282,26.9116618],[75.7878274,26.9116618],[75.7878274,26.911664],[75.7878266,26.911664],[75.7878266,26.9116654],[75.7878258,26.9116654],[75.7878258,26.9116683],[75.787825,26.9116683],[75.7878251,26.9116705],[75.7878243,26.9116705],[75.7878243,26.9116748],[75.7878235,26.9116748],[75.7878235,26.9116806],[75.7878227,26.9116806],[75.7878227,26.9116813],[75.7878219,26.9116813],[75.7878219,26.9116828],[75.7878211,26.9116828],[75.7878211,26.9116849],[75.7878203,26.911685],[75.7878203,26.9116857],[75.7878195,26.9116857],[75.7878195,26.9116871],[75.7878187,26.9116871],[75.7878187,26.9116893],[75.7878179,26.9116893],[75.7878179,26.9116907],[75.7878171,26.9116907],[75.7878172,26.9116922],[75.7878163,26.9116922],[75.7878164,26.9116929],[75.7878083,26.911693],[75.7878083,26.9116937],[75.7878075,26.9116937],[75.7878075,26.9116944],[75.7878067,26.9116944],[75.7878067,26.9116951],[75.7878059,26.9116951],[75.7878059,26.9116973],[75.7878051,26.9116973],[75.7878051,26.9116995],[75.7878043,26.9116995],[75.7878043,26.9117017],[75.7878035,26.9117017],[75.7878035,26.9117045],[75.7878027,26.9117046],[75.7878028,26.9117067],[75.7878019,26.9117067],[75.787802,26.9117089],[75.7878012,26.9117089],[75.7878012,26.9117103],[75.7878004,26.9117103],[75.7878004,26.911714],[75.7878012,26.911714],[75.7878012,26.9117147],[75.787802,26.9117147],[75.787802,26.9117154],[75.7878028,26.9117154],[75.7878028,26.9117161],[75.7878036,26.9117161],[75.7878036,26.9117168],[75.7878044,26.9117168],[75.7878044,26.9117175],[75.7878069,26.9117175],[75.7878069,26.9117183],[75.7878085,26.9117182],[75.7878085,26.9117197],[75.7878077,26.9117197],[75.7878077,26.9117219],[75.7878069,26.9117219],[75.7878069,26.9117226],[75.7878061,26.9117226],[75.7878061,26.911724],[75.7878053,26.911724],[75.7878053,26.9117255],[75.7878045,26.9117255],[75.7878045,26.9117277],[75.7878037,26.9117277],[75.7878037,26.9117298],[75.7878029,26.9117298],[75.7878029,26.9117327],[75.7878021,26.9117327],[75.7878021,26.9117349],[75.7878013,26.9117349],[75.7878013,26.9117363],[75.7878005,26.9117363],[75.7878006,26.9117385],[75.7877998,26.9117385],[75.7877998,26.9117407],[75.787799,26.9117407],[75.787799,26.9117436],[75.7877982,26.9117436],[75.7877982,26.9117479],[75.7877974,26.9117479],[75.7877974,26.9117523],[75.7877966,26.9117523],[75.7877967,26.9117573],[75.7877975,26.9117573],[75.7877975,26.9117595],[75.7877983,26.9117595],[75.7877983,26.9117609],[75.7877991,26.9117609],[75.7877991,26.9117616],[75.7877999,26.9117616],[75.7877999,26.9117623],[75.7878031,26.9117623],[75.7878031,26.9117631],[75.787808,26.911763],[75.787808,26.9117637],[75.7878112,26.9117637],[75.7878112,26.9117645],[75.7878144,26.9117644],[75.7878144,26.9117652],[75.7878177,26.9117651],[75.7878177,26.9117659],[75.7878201,26.9117658],[75.7878201,26.9117666],[75.7878249,26.9117665],[75.7878249,26.9117673],[75.7878281,26.9117672],[75.7878282,26.911768],[75.7878314,26.911768],[75.7878314,26.9117687],[75.7878362,26.9117686],[75.7878362,26.9117694],[75.7878402,26.9117693],[75.7878403,26.9117701],[75.7878419,26.9117701],[75.7878419,26.9117708],[75.7878483,26.9117707]]]}},{"type":"Feature","properties":{"building_id":"B-0057","vertices":294},"geometry":{"type":"Polygon","coordinates":[[[75.7882844,26.9120399],[75.7882844,26.9120392],[75.788286,26.9120391],[75.788286,26.9120384],[75.7882876,26.9120384],[75.7882876,26.9120377],[75.7882892,26.9120377],[75.7882892,26.912037],[75.7882901,26.912037],[75.78829,26.9120362],[75.7882917,26.9120362],[75.7882917,26.9120355],[75.7882941,26.9120355],[75.7882941,26.9120348],[75.7882957,26.9120348],[75.7882957,26.912034],[75.7882973,26.912034],[75.7882973,26.9120333],[75.7882981,26.9120333],[75.7882981,26.9120326],[75.7882989,26.9120326],[75.7882989,26.9120319],[75.7883013,26.9120318],[75.7883013,26.9120311],[75.7883037,26.9120311],[75.7883037,26.9120304],[75.7883061,26.9120304],[75.7883061,26.9120296],[75.7883069,26.9120296],[75.7883069,26.9120289],[75.7883077,26.9120289],[75.7883077,26.9120282],[75.7883085,26.9120282],[75.7883085,26.9120275],[75.7883093,26.9120275],[75.7883093,26.9120267],[75.7883109,26.9120267],[75.7883109,26.912026],[75.7883117,26.912026],[75.7883112,26.9119523],[75.7883104,26.9119523],[75.7883104,26.9119516],[75.7883096,26.9119516],[75.7883096,26.9119509],[75.788308,26.9119509],[75.788308,26.9119502],[75.7883064,26.9119502],[75.7883064,26.9119495],[75.7883056,26.9119495],[75.7883056,26.9119488],[75.7883047,26.9119488],[75.7883047,26.911948],[75.7883039,26.911948],[75.7883039,26.9119466],[75.7883031,26.9119466],[75.7883031,26.9119459],[75.7883015,26.9119459],[75.7883015,26.9119452],[75.7883007,26.9119452],[75.7883007,26.9119445],[75.7882999,26.9119445],[75.7882999,26.9119437],[75.7882991,26.9119437],[75.7882991,26.911943],[75.788295,26.911943],[75.788295,26.9119423],[75.7882934,26.9119423],[75.7882934,26.9119416],[75.7882926,26.9119416],[75.7882926,26.9119409],[75.7882918,26.9119409],[75.7882918,26.9119402],[75.7882902,26.9119402],[75.7882902,26.9119395],[75.7882894,26.9119395],[75.7882894,26.911938],[75.7882886,26.911938],[75.7882886,26.9119373],[75.7882869,26.9119373],[75.7882869,26.9119359],[75.7882861,26.9119359],[75.7882861,26.9119351],[75.7882845,26.9119352],[75.7882845,26.9119344],[75.7882829,26.9119344],[75.7882829,26.9119337],[75.7882764,26.9119338],[75.7882764,26.9119345],[75.7882756,26.9119345],[75.7882756,26.9119352],[75.788274,26.9119352],[75.788274,26.9119359],[75.7882724,26.9119359],[75.7882724,26.9119367],[75.7882716,26.9119367],[75.7882716,26.9119374],[75.78827,26.9119374],[75.78827,26.9119381],[75.7882684,26.9119381],[75.7882684,26.9119389],[75.788266,26.9119389],[75.788266,26.9119396],[75.7882652,26.9119396],[75.7882652,26.9119403],[75.7882636,26.9119403],[75.7882636,26.911941],[75.7882628,26.9119411],[75.7882628,26.9119418],[75.7882612,26.9119418],[75.7882612,26.9119425],[75.7882604,26.9119425],[75.7882604,26.9119432],[75.7882588,26.9119432],[75.7882588,26.911944],[75.788258,26.911944],[75.788258,26.9119447],[75.7882572,26.9119447],[75.7882572,26.9119454],[75.7882564,26.9119454],[75.7882564,26.9119461],[75.7882548,26.9119462],[75.7882548,26.9119469],[75.7882532,26.9119469],[75.7882532,26.9119476],[75.7882516,26.9119476],[75.7882516,26.9119483],[75.78825,26.9119483],[75.78825,26.9119491],[75.7882484,26.9119491],[75.7882484,26.9119498],[75.7882476,26.9119498],[75.7882476,26.9119505],[75.7882459,26.9119505],[75.7882459,26.9119513],[75.7882451,26.9119513],[75.7882451,26.911952],[75.7882435,26.911952],[75.7882435,26.9119534],[75.7882419,26.9119534],[75.7882419,26.9119542],[75.7882411,26.9119542],[75.7882411,26.9119549],[75.7882403,26.9119549],[75.7882403,26.9119556],[75.7882395,26.9119556],[75.7882395,26.9119578],[75.7882404,26.9119578],[75.7882404,26.9119592],[75.7882412,26.9119592],[75.7882412,26.91196],[75.788242,26.9119599],[75.788242,26.9119607],[75.7882428,26.9119607],[75.7882428,26.9119621],[75.7882436,26.9119621],[75.7882436,26.9119628],[75.7882452,26.9119628],[75.7882452,26.9119635],[75.788246,26.9119635],[75.788246,26.9119643],[75.7882477,26.9119642],[75.7882477,26.9119664],[75.7882485,26.9119664],[75.7882485,26.9119671],[75.7882493,26.9119671],[75.7882493,26.9119679],[75.7882509,26.9119678],[75.7882509,26.9119693],[75.7882517,26.9119693],[75.7882517,26.9119707],[75.7882533,26.9119707],[75.7882533,26.9119714],[75.7882541,26.9119714],[75.7882542,26.9119722],[75.7882566,26.9119721],[75.7882566,26.9119729],[75.7882574,26.9119729],[75.7882574,26.9119743],[75.7882582,26.9119743],[75.7882582,26.911975],[75.788259,26.911975],[75.788259,26.9119765],[75.7882598,26.9119765],[75.7882598,26.9119801],[75.788259,26.9119801],[75.788259,26.9119808],[75.7882582,26.9119808],[75.7882582,26.9119815],[75.7882574,26.9119815],[75.7882574,26.9119822],[75.7882566,26.9119823],[75.7882566,26.911983],[75.7882542,26.911983],[75.7882542,26.9119837],[75.7882526,26.9119837],[75.7882526,26.9119844],[75.7882502,26.9119845],[75.7882502,26.9119852],[75.7882494,26.9119852],[75.7882494,26.9119874],[75.7882486,26.9119874],[75.7882486,26.9119888],[75.788247,26.9119888],[75.788247,26.9119895],[75.7882454,26.9119895],[75.7882454,26.9119903],[75.7882446,26.9119903],[75.7882446,26.911991],[75.7882438,26.911991],[75.7882438,26.9119917],[75.7882422,26.9119917],[75.7882422,26.9119924],[75.7882414,26.9119925],[75.7882414,26.9119932],[75.7882406,26.9119932],[75.7882406,26.9119961],[75.7882398,26.9119961],[75.7882398,26.9119975],[75.7882406,26.9119975],[75.7882406,26.9119982],[75.7882414,26.9119982],[75.7882414,26.911999],[75.7882431,26.9119989],[75.7882431,26.9119997],[75.7882439,26.9119997],[75.7882439,26.9120011],[75.7882447,26.9120011],[75.7882447,26.912004],[75.7882455,26.912004],[75.7882455,26.9120047],[75.7882463,26.9120047],[75.7882463,26.9120054],[75.7882471,26.9120054],[75.7882471,26.9120069],[75.7882479,26.9120069],[75.788248,26.9120076],[75.7882488,26.9120076],[75.7882488,26.912009],[75.7882496,26.912009],[75.7882496,26.9120112],[75.7882504,26.9120112],[75.7882504,26.9120119],[75.7882512,26.9120119],[75.7882512,26.9120141],[75.788252,26.9120141],[75.788252,26.9120155],[75.7882528,26.9120155],[75.7882528,26.9120162],[75.7882537,26.9120162],[75.7882537,26.9120177],[75.7882545,26.9120177],[75.7882545,26.9120191],[75.7882553,26.9120191],[75.7882553,26.9120198],[75.7882569,26.9120198],[75.7882569,26.9120205],[75.7882577,26.9120205],[75.7882577,26.9120213],[75.7882585,26.9120212],[75.7882585,26.9120227],[75.7882593,26.9120227],[75.7882593,26.9120241],[75.7882602,26.9120241],[75.7882602,26.9120248],[75.788261,26.9120248],[75.788261,26.9120263],[75.7882618,26.9120263],[75.7882618,26.912027],[75.7882626,26.912027],[75.7882626,26.9120277],[75.7882634,26.9120277],[75.7882634,26.9120292],[75.7882642,26.9120292],[75.7882642,26.9120299],[75.788265,26.9120299],[75.788265,26.9120313],[75.7882658,26.9120313],[75.7882658,26.912032],[75.7882667,26.912032],[75.7882667,26.9120328],[75.7882675,26.9120328],[75.7882675,26.9120342],[75.7882683,26.9120342],[75.7882683,26.9120356],[75.7882699,26.9120356],[75.7882699,26.9120363],[75.7882707,26.9120363],[75.7882707,26.9120378],[75.7882715,26.9120378],[75.7882715,26.9120385],[75.7882723,26.9120385],[75.7882723,26.9120392],[75.788274,26.9120392],[75.788274,26.9120399],[75.7882844,26.9120399]]]}},{"type":"Feature","properties":{"building_id":"B-0043","vertices":426},"geometry":{"type":"Polygon","coordinates":[[[75.7880584,26.9120946],[75.7880584,26.9120939],[75.78806,26.9120939],[75.78806,26.9120931],[75.7880608,26.9120931],[75.7880608,26.9120924],[75.7880616,26.9120924],[75.7880616,26.9120917],[75.7880624,26.9120917],[75.7880624,26.912091],[75.7880632,26.912091],[75.7880632,26.9120895],[75.788064,26.9120895],[75.788064,26.9120888],[75.7880648,26.9120888],[75.7880648,26.9120873],[75.7880656,26.9120873],[75.7880656,26.9120866],[75.7880664,26.9120866],[75.7880664,26.9120852],[75.7880672,26.9120851],[75.7880672,26.9120844],[75.788068,26.9120844],[75.788068,26.912083],[75.7880688,26.912083],[75.7880688,26.9120815],[75.7880696,26.9120815],[75.7880696,26.9120808],[75.7880704,26.9120808],[75.7880704,26.9120801],[75.7880712,26.9120801],[75.7880712,26.9120793],[75.788072,26.9120793],[75.788072,26.9120779],[75.7880728,26.9120779],[75.7880728,26.9120772],[75.7880736,26.9120772],[75.7880736,26.9120757],[75.7880744,26.9120757],[75.7880744,26.912075],[75.7880752,26.912075],[75.7880752,26.9120735],[75.788076,26.9120735],[75.788076,26.9120728],[75.7880768,26.9120728],[75.7880768,26.9120721],[75.7880776,26.9120721],[75.7880776,26.9120706],[75.7880784,26.9120706],[75.7880784,26.9120699],[75.7880792,26.9120699],[75.7880792,26.9120685],[75.7880808,26.9120685],[75.7880808,26.9120677],[75.7880816,26.9120677],[75.7880816,26.9120663],[75.7880824,26.9120663],[75.7880824,26.9120656],[75.7880832,26.9120656],[75.7880832,26.9120648],[75.788084,26.9120648],[75.788084,26.9120641],[75.7880856,26.9120641],[75.7880856,26.9120634],[75.7880864,26.9120634],[75.7880864,26.9120627],[75.7880872,26.9120626],[75.7880872,26.9120619],[75.788088,26.9120619],[75.788088,26.9120612],[75.7880888,26.9120612],[75.7880888,26.9120598],[75.7880896,26.9120597],[75.7880896,26.912059],[75.7880904,26.912059],[75.7880904,26.9120576],[75.7880912,26.9120576],[75.7880912,26.9120568],[75.788092,26.9120568],[75.788092,26.9120554],[75.7880928,26.9120554],[75.7880928,26.9120547],[75.7880936,26.9120547],[75.7880936,26.9120532],[75.7880944,26.9120532],[75.7880944,26.9120525],[75.7880952,26.9120525],[75.7880952,26.912051],[75.788096,26.912051],[75.788096,26.9120503],[75.7880968,26.9120503],[75.7880968,26.9120496],[75.7880976,26.9120496],[75.7880976,26.9120481],[75.7880984,26.9120481],[75.7880984,26.9120474],[75.7880992,26.9120474],[75.7880992,26.912046],[75.7881,26.912046],[75.7881,26.9120452],[75.7881008,26.9120452],[75.7881008,26.9120445],[75.7881016,26.9120445],[75.7881016,26.9120431],[75.7881024,26.9120431],[75.7881024,26.9120423],[75.7881032,26.9120423],[75.7881032,26.9120416],[75.788104,26.9120416],[75.788104,26.9120409],[75.7881048,26.9120409],[75.7881048,26.9120402],[75.7881056,26.9120402],[75.7881056,26.9120394],[75.7881064,26.9120394],[75.7881064,26.912038],[75.7881072,26.912038],[75.7881072,26.9120373],[75.788108,26.9120373],[75.788108,26.9120365],[75.7881088,26.9120365],[75.7881088,26.9120358],[75.7881096,26.9120358],[75.7881096,26.9120351],[75.7881104,26.9120351],[75.7881104,26.9120344],[75.7881112,26.9120343],[75.7881112,26.9120336],[75.788112,26.9120336],[75.788112,26.9120329],[75.7881128,26.9120329],[75.7881128,26.9120322],[75.7881136,26.9120322],[75.7881136,26.9120314],[75.7881144,26.9120314],[75.7881144,26.9120307],[75.7881152,26.9120307],[75.7881152,26.9120293],[75.788116,26.9120293],[75.788116,26.9120285],[75.7881168,26.9120285],[75.7881168,26.9120278],[75.7881176,26.9120278],[75.7881176,26.9120271],[75.7881184,26.9120271],[75.7881184,26.9120264],[75.7881192,26.9120264],[75.7881192,26.9120256],[75.78812,26.9120256],[75.78812,26.9120242],[75.7881208,26.9120242],[75.7881208,26.9120235],[75.7881216,26.9120235],[75.7881216,26.9120227],[75.7881224,26.9120227],[75.7881224,26.912022],[75.7881232,26.912022],[75.7881232,26.9120213],[75.788124,26.9120213],[75.788124,26.9120198],[75.7881248,26.9120198],[75.7881248,26.9120191],[75.7881256,26.9120191],[75.7881256,26.9120184],[75.7881264,26.9120184],[75.7881264,26.9120169],[75.788128,26.9120169],[75.788128,26.9120155],[75.7881288,26.9120155],[75.7881288,26.9120147],[75.7881296,26.9120147],[75.7881295,26.9120104],[75.7881287,26.9120104],[75.7881287,26.9120097],[75.7881271,26.9120097],[75.7881271,26.9120126],[75.7881263,26.9120126],[75.7881263,26.9120133],[75.7881255,26.9120133],[75.7881255,26.912014],[75.7881207,26.9120141],[75.7881207,26.9120133],[75.7881199,26.9120134],[75.7881199,26.9120126],[75.7881191,26.9120126],[75.7881191,26.9120119],[75.7881183,26.9120119],[75.7881183,26.9120105],[75.7881175,26.9120105],[75.7881175,26.9120098],[75.7881166,26.9120098],[75.7881166,26.912009],[75.7881158,26.912009],[75.7881158,26.9120083],[75.788115,26.9120083],[75.788115,26.9120076],[75.7881142,26.9120076],[75.7881142,26.9120047],[75.7881134,26.9120047],[75.7881134,26.912004],[75.7881126,26.912004],[75.7881126,26.9120026],[75.788111,26.9120026],[75.788111,26.9120018],[75.7881101,26.9120019],[75.7881101,26.9120011],[75.7881085,26.9120011],[75.7881085,26.9120004],[75.7881077,26.9120004],[75.7881077,26.9119997],[75.7881061,26.9119997],[75.7881061,26.911999],[75.7881053,26.911999],[75.7881053,26.9119983],[75.7881037,26.9119983],[75.7881037,26.9119976],[75.7881021,26.9119976],[75.7881021,26.9119968],[75.7881012,26.9119968],[75.7881012,26.9119961],[75.7881004,26.9119961],[75.7881004,26.9119954],[75.7880988,26.9119954],[75.7880988,26.9119947],[75.7880972,26.9119947],[75.7880972,26.911994],[75.7880932,26.911994],[75.7880932,26.9119933],[75.7880907,26.9119933],[75.7880907,26.9119926],[75.7880891,26.9119926],[75.7880891,26.9119919],[75.7880867,26.9119919],[75.7880867,26.9119911],[75.7880851,26.9119912],[75.7880851,26.9119904],[75.7880843,26.9119904],[75.7880843,26.9119897],[75.7880835,26.9119897],[75.7880835,26.911989],[75.7880754,26.911989],[75.7880754,26.9119898],[75.7880738,26.9119898],[75.7880738,26.9119905],[75.788073,26.9119905],[75.788073,26.9119912],[75.7880722,26.9119912],[75.7880722,26.9119934],[75.7880714,26.9119934],[75.7880714,26.9119956],[75.7880706,26.9119956],[75.7880706,26.9119985],[75.7880698,26.9119985],[75.7880698,26.9119999],[75.788069,26.9119999],[75.7880691,26.9120014],[75.7880682,26.9120014],[75.7880683,26.9120028],[75.7880675,26.9120028],[75.7880675,26.912005],[75.7880667,26.912005],[75.7880667,26.9120057],[75.7880659,26.9120057],[75.7880659,26.9120072],[75.7880651,26.9120072],[75.7880651,26.9120079],[75.7880643,26.9120079],[75.7880643,26.9120086],[75.7880627,26.9120086],[75.7880627,26.9120093],[75.7880619,26.9120093],[75.7880619,26.9120101],[75.7880603,26.9120101],[75.7880603,26.9120108],[75.7880586,26.9120108],[75.7880587,26.9120115],[75.7880578,26.9120115],[75.7880578,26.9120123],[75.788057,26.9120123],[75.7880571,26.9120137],[75.7880562,26.9120137],[75.7880563,26.9120152],[75.7880555,26.9120152],[75.7880555,26.9120159],[75.7880547,26.9120159],[75.7880547,26.9120173],[75.7880539,26.9120173],[75.7880539,26.9120181],[75.7880531,26.9120181],[75.7880531,26.9120195],[75.7880523,26.9120195],[75.7880523,26.9120202],[75.7880515,26.9120202],[75.7880515,26.9120217],[75.7880507,26.9120217],[75.7880507,26.9120239],[75.7880499,26.9120239],[75.7880499,26.9120246],[75.7880491,26.9120246],[75.7880491,26.9120253],[75.7880483,26.9120253],[75.7880483,26.912026],[75.7880467,26.912026],[75.7880467,26.9120268],[75.7880459,26.9120268],[75.7880459,26.9120282],[75.7880451,26.9120282],[75.7880451,26.9120297],[75.7880443,26.9120297],[75.7880443,26.9120318],[75.7880435,26.9120318],[75.7880435,26.9120326],[75.7880427,26.9120326],[75.7880427,26.912034],[75.7880419,26.912034],[75.7880419,26.9120347],[75.7880411,26.9120347],[75.7880411,26.9120355],[75.7880403,26.9120355],[75.7880403,26.9120376],[75.7880395,26.9120376],[75.7880395,26.9120384],[75.7880387,26.9120384],[75.7880387,26.9120391],[75.7880379,26.9120391],[75.7880379,26.9120398],[75.7880371,26.9120398],[75.7880371,26.9120405],[75.7880363,26.9120405],[75.7880363,26.9120413],[75.7880355,26.9120413],[75.7880355,26.912042],[75.7880347,26.912042],[75.7880347,26.9120427],[75.7880339,26.9120427],[75.7880339,26.9120434],[75.7880331,26.9120434],[75.7880331,26.9120442],[75.7880323,26.9120442],[75.7880323,26.9120463],[75.7880315,26.9120463],[75.7880315,26.9120485],[75.7880307,26.9120485],[75.7880307,26.91205],[75.7880299,26.91205],[75.7880299,26.9120507],[75.7880291,26.9120507],[75.7880291,26.9120521],[75.7880283,26.9120521],[75.7880283,26.9120529],[75.7880275,26.9120529],[75.7880275,26.9120543],[75.7880267,26.9120543],[75.7880267,26.9120558],[75.7880259,26.9120558],[75.7880259,26.9120565],[75.7880251,26.9120565],[75.7880251,26.9120579],[75.7880243,26.9120579],[75.7880243,26.9120587],[75.7880235,26.9120587],[75.7880235,26.9120601],[75.7880227,26.9120601],[75.7880227,26.9120616],[75.7880219,26.9120616],[75.7880219,26.912063],[75.7880211,26.912063],[75.7880211,26.9120637],[75.7880203,26.9120637],[75.7880204,26.9120652],[75.7880195,26.9120652],[75.7880196,26.912071],[75.7880188,26.912071],[75.7880188,26.912076],[75.7880196,26.912076],[75.7880196,26.9120767],[75.7880204,26.9120767],[75.7880204,26.9120775],[75.7880212,26.9120775],[75.7880212,26.9120782],[75.7880221,26.9120782],[75.7880221,26.9120789],[75.7880229,26.9120789],[75.7880229,26.9120796],[75.7880245,26.9120796],[75.7880245,26.9120803],[75.7880253,26.9120803],[75.7880253,26.9120811],[75.7880269,26.912081],[75.7880269,26.9120818],[75.7880285,26.9120818],[75.7880285,26.9120825],[75.7880301,26.9120825],[75.7880301,26.9120832],[75.7880318,26.9120832],[75.7880318,26.9120839],[75.7880326,26.9120839],[75.7880326,26.9120846],[75.7880342,26.9120846],[75.7880342,26.9120853],[75.7880358,26.9120853],[75.7880358,26.912086],[75.7880366,26.912086],[75.7880366,26.9120868],[75.7880382,26.9120868],[75.7880382,26.9120875],[75.7880398,26.9120875],[75.7880398,26.9120882],[75.7880415,26.9120882],[75.7880415,26.9120889],[75.7880431,26.9120889],[75.7880431,26.9120896],[75.7880439,26.9120896],[75.7880439,26.9120903],[75.7880455,26.9120903],[75.7880455,26.912091],[75.7880471,26.912091],[75.7880471,26.9120918],[75.7880487,26.9120918],[75.7880487,26.9120925],[75.7880504,26.9120925],[75.7880504,26.9120932],[75.788052,26.9120932],[75.788052,26.9120939],[75.7880544,26.9120939],[75.7880544,26.9120946],[75.7880584,26.9120946]]]}},{"type":"Feature","properties":{"building_id":"B-0098","vertices":286},"geometry":{"type":"Polygon","coordinates":[[[75.7877546,26.9117308],[75.7877546,26.9117301],[75.7877586,26.9117301],[75.7877586,26.9117294],[75.7877594,26.9117294],[75.7877594,26.9117286],[75.7877602,26.9117286],[75.7877602,26.9117279],[75.787761,26.9117279],[75.787761,26.9117265],[75.7877618,26.9117264],[75.7877618,26.911725],[75.7877626,26.911725],[75.7877626,26.9117243],[75.7877634,26.9117243],[75.7877634,26.9117228],[75.7877642,26.9117228],[75.7877642,26.9117207],[75.787765,26.9117207],[75.787765,26.9117185],[75.7877658,26.9117185],[75.7877658,26.911717],[75.7877666,26.911717],[75.7877666,26.9117149],[75.7877674,26.9117149],[75.7877674,26.9117134],[75.7877682,26.9117134],[75.7877681,26.911712],[75.787769,26.911712],[75.7877689,26.9117098],[75.7877697,26.9117098],[75.7877697,26.9117076],[75.7877705,26.9117076],[75.7877705,26.9117055],[75.7877713,26.9117054],[75.7877713,26.911704],[75.7877721,26.911704],[75.7877721,26.9117026],[75.7877729,26.9117026],[75.7877729,26.9117018],[75.7877737,26.9117018],[75.7877737,26.9117011],[75.7877745,26.9117011],[75.7877745,26.9116982],[75.7877753,26.9116982],[75.7877753,26.9116968],[75.7877761,26.9116968],[75.7877761,26.9116953],[75.7877769,26.9116953],[75.7877769,26.9116939],[75.7877777,26.9116939],[75.7877777,26.9116931],[75.7877785,26.9116931],[75.7877785,26.9116917],[75.7877793,26.9116917],[75.7877793,26.911691],[75.7877801,26.911691],[75.7877801,26.9116888],[75.7877809,26.9116888],[75.7877809,26.9116859],[75.7877817,26.9116859],[75.7877817,26.9116852],[75.7877825,26.9116852],[75.7877825,26.9116844],[75.7877833,26.9116844],[75.7877832,26.9116815],[75.787784,26.9116815],[75.787784,26.9116787],[75.7877848,26.9116787],[75.7877848,26.9116758],[75.7877856,26.9116758],[75.7877856,26.9116736],[75.7877864,26.9116736],[75.7877864,26.9116729],[75.7877872,26.9116729],[75.7877872,26.9116714],[75.787788,26.9116714],[75.787788,26.91167],[75.7877888,26.91167],[75.7877888,26.9116685],[75.7877896,26.9116685],[75.7877896,26.9116649],[75.7877904,26.9116649],[75.7877904,26.9116642],[75.7877912,26.9116642],[75.7877912,26.911662],[75.787792,26.911662],[75.787792,26.9116613],[75.7877928,26.9116613],[75.7877928,26.9116598],[75.7877936,26.9116598],[75.7877935,26.9116526],[75.7877927,26.9116526],[75.7877927,26.9116519],[75.7877919,26.9116519],[75.7877919,26.9116512],[75.7877911,26.9116512],[75.7877911,26.9116504],[75.7877903,26.9116505],[75.7877903,26.9116497],[75.7877887,26.9116497],[75.7877887,26.911649],[75.7877879,26.911649],[75.7877878,26.9116483],[75.7877862,26.9116483],[75.7877862,26.9116476],[75.7877846,26.9116476],[75.7877846,26.9116469],[75.787783,26.9116469],[75.787783,26.9116462],[75.7877806,26.9116462],[75.7877806,26.9116455],[75.7877798,26.9116455],[75.7877798,26.9116447],[75.7877773,26.9116447],[75.7877773,26.911644],[75.7877749,26.911644],[75.7877749,26.9116433],[75.7877725,26.9116433],[75.7877725,26.9116426],[75.7877709,26.9116426],[75.7877709,26.9116419],[75.7877693,26.9116419],[75.7877693,26.9116412],[75.7877668,26.9116412],[75.7877668,26.9116405],[75.7877644,26.9116405],[75.7877644,26.9116398],[75.787762,26.9116398],[75.787762,26.9116391],[75.7877604,26.9116391],[75.7877604,26.9116383],[75.7877588,26.9116383],[75.7877588,26.9116376],[75.7877572,26.9116376],[75.7877572,26.9116369],[75.7877547,26.9116369],[75.7877547,26.9116362],[75.7877531,26.9116362],[75.7877531,26.9116355],[75.7877507,26.9116355],[75.7877507,26.9116348],[75.7877483,26.9116348],[75.7877483,26.9116341],[75.787745,26.9116341],[75.787745,26.9116334],[75.7877402,26.9116334],[75.7877402,26.9116341],[75.7877394,26.9116341],[75.7877394,26.9116348],[75.7877386,26.9116349],[75.7877386,26.9116363],[75.7877378,26.9116363],[75.7877378,26.911637],[75.787737,26.911637],[75.787737,26.9116377],[75.7877362,26.9116378],[75.7877362,26.9116392],[75.7877354,26.9116392],[75.7877354,26.9116406],[75.7877346,26.9116407],[75.7877346,26.9116428],[75.7877338,26.9116428],[75.7877338,26.9116457],[75.787733,26.9116457],[75.7877331,26.9116472],[75.7877322,26.9116472],[75.7877323,26.9116486],[75.7877315,26.9116486],[75.7877315,26.9116493],[75.7877307,26.9116493],[75.7877307,26.9116515],[75.7877299,26.9116515],[75.7877299,26.9116537],[75.7877291,26.9116537],[75.7877291,26.9116558],[75.7877283,26.9116559],[75.7877283,26.9116573],[75.7877275,26.9116573],[75.7877275,26.911658],[75.7877267,26.911658],[75.7877267,26.9116595],[75.7877259,26.9116595],[75.7877259,26.9116609],[75.7877251,26.9116609],[75.7877251,26.9116631],[75.7877243,26.9116631],[75.7877243,26.9116645],[75.7877235,26.9116645],[75.7877235,26.9116653],[75.7877227,26.9116653],[75.7877227,26.9116667],[75.7877219,26.9116667],[75.7877219,26.9116682],[75.7877211,26.9116682],[75.7877211,26.9116696],[75.7877203,26.9116696],[75.7877203,26.9116711],[75.7877195,26.9116711],[75.7877195,26.9116718],[75.7877179,26.9116718],[75.7877179,26.9116725],[75.7877163,26.9116725],[75.7877163,26.9116733],[75.7877139,26.9116733],[75.7877139,26.911674],[75.7877123,26.911674],[75.7877123,26.9116769],[75.7877115,26.9116769],[75.7877115,26.9116805],[75.7877107,26.9116805],[75.7877107,26.911682],[75.7877099,26.911682],[75.7877099,26.9116841],[75.7877091,26.9116841],[75.7877091,26.9116849],[75.7877083,26.9116849],[75.7877083,26.9116856],[75.7877075,26.9116856],[75.7877076,26.9116885],[75.7877068,26.9116885],[75.7877068,26.9116906],[75.787706,26.9116906],[75.787706,26.9116928],[75.7877052,26.9116928],[75.7877052,26.9116935],[75.7877044,26.9116935],[75.7877044,26.9116957],[75.7877036,26.9116957],[75.7877036,26.9117051],[75.7877028,26.9117051],[75.7877029,26.9117102],[75.7877021,26.9117102],[75.7877021,26.9117109],[75.7877029,26.9117109],[75.7877029,26.9117131],[75.7877037,26.911713],[75.7877037,26.9117138],[75.7877053,26.9117138],[75.7877053,26.9117145],[75.7877069,26.9117145],[75.7877069,26.9117152],[75.7877094,26.9117152],[75.7877094,26.9117159],[75.787711,26.9117159],[75.787711,26.9117166],[75.7877118,26.9117166],[75.7877118,26.9117173],[75.7877134,26.9117173],[75.7877134,26.9117181],[75.7877158,26.911718],[75.7877158,26.9117188],[75.7877174,26.9117188],[75.7877174,26.9117195],[75.7877191,26.9117195],[75.7877191,26.9117202],[75.7877215,26.9117202],[75.7877215,26.9117209],[75.7877239,26.9117209],[75.7877239,26.9117216],[75.7877263,26.9117216],[75.7877263,26.9117223],[75.7877287,26.9117223],[75.7877287,26.911723],[75.7877312,26.911723],[75.7877312,26.9117237],[75.7877336,26.9117237],[75.7877336,26.9117244],[75.7877352,26.9117244],[75.7877352,26.9117252],[75.7877368,26.9117251],[75.7877368,26.9117259],[75.7877392,26.9117259],[75.7877392,26.9117266],[75.78774,26.9117266],[75.7877401,26.9117273],[75.7877425,26.9117273],[75.7877425,26.911728],[75.7877441,26.911728],[75.7877441,26.9117287],[75.7877457,26.9117287],[75.7877457,26.9117294],[75.7877489,26.9117294],[75.7877489,26.9117301],[75.7877514,26.9117301],[75.7877514,26.9117308],[75.7877546,26.9117308]]]}},{"type":"Feature","properties":{"building_id":"B-0102","vertices":314},"geometry":{"type":"Polygon","coordinates":[[[75.7880944,26.9117051],[75.7880944,26.9117044],[75.7880952,26.9117044],[75.7880952,26.9117036],[75.7880968,26.9117036],[75.7880968,26.9117022],[75.7880976,26.9117022],[75.7880976,26.9117015],[75.7880984,26.9117015],[75.7880984,26.9117],[75.7880992,26.9117],[75.7880992,26.9116957],[75.7881,26.9116957],[75.7880999,26.9116935],[75.7881008,26.9116935],[75.7881007,26.9116921],[75.7881015,26.9116921],[75.7881015,26.9116906],[75.7881023,26.9116906],[75.7881023,26.9116884],[75.7881031,26.9116884],[75.7881031,26.911687],[75.7881039,26.911687],[75.7881039,26.9116855],[75.7881047,26.9116855],[75.7881047,26.9116834],[75.7881055,26.9116834],[75.7881055,26.9116819],[75.7881063,26.9116819],[75.7881063,26.9116805],[75.7881071,26.9116805],[75.7881071,26.911679],[75.7881079,26.911679],[75.7881079,26.9116768],[75.7881087,26.9116768],[75.7881087,26.9116747],[75.7881095,26.9116747],[75.7881095,26.9116725],[75.7881087,26.9116725],[75.7881087,26.9116718],[75.7881095,26.9116718],[75.7881095,26.9116711],[75.7881127,26.911671],[75.7881127,26.9116718],[75.7881159,26.9116717],[75.7881159,26.9116725],[75.7881167,26.9116725],[75.7881167,26.9116717],[75.7881191,26.9116717],[75.7881191,26.911671],[75.7881199,26.911671],[75.7881199,26.9116703],[75.7881207,26.9116703],[75.7881207,26.9116688],[75.7881215,26.9116688],[75.7881215,26.9116667],[75.7881223,26.9116667],[75.7881223,26.9116652],[75.7881231,26.9116652],[75.7881231,26.9116645],[75.7881239,26.9116645],[75.7881239,26.911663],[75.7881247,26.911663],[75.7881247,26.9116616],[75.7881255,26.9116616],[75.7881255,26.9116601],[75.7881263,26.9116601],[75.7881263,26.9116594],[75.7881271,26.9116594],[75.7881271,26.911658],[75.7881279,26.911658],[75.7881279,26.9116558],[75.7881287,26.9116558],[75.7881287,26.9116515],[75.7881279,26.9116515],[75.7881278,26.91165],[75.788127,26.91165],[75.788127,26.9116493],[75.7881262,26.9116493],[75.7881262,26.9116486],[75.7881254,26.9116486],[75.7881254,26.9116464],[75.7881262,26.9116464],[75.7881262,26.9116435],[75.788127,26.9116435],[75.788127,26.9116392],[75.7881278,26.9116392],[75.7881277,26.9116363],[75.7881286,26.9116363],[75.7881285,26.9116341],[75.7881293,26.9116341],[75.7881293,26.9116319],[75.7881301,26.9116319],[75.7881301,26.9116298],[75.7881309,26.9116298],[75.7881309,26.9116283],[75.7881317,26.9116283],[75.7881317,26.9116262],[75.7881325,26.9116262],[75.7881325,26.911624],[75.7881333,26.911624],[75.7881333,26.9116211],[75.7881341,26.9116211],[75.7881341,26.9116189],[75.7881349,26.9116189],[75.7881348,26.9116131],[75.788134,26.9116131],[75.788134,26.9116124],[75.7881332,26.9116124],[75.7881332,26.9116117],[75.7881324,26.9116117],[75.7881324,26.911611],[75.7881316,26.911611],[75.7881316,26.9116103],[75.7881292,26.9116103],[75.7881292,26.9116096],[75.7881276,26.9116096],[75.7881276,26.9116088],[75.7881259,26.9116089],[75.7881259,26.9116081],[75.7881251,26.9116081],[75.7881251,26.9116074],[75.7881235,26.9116074],[75.7881235,26.9116067],[75.7881211,26.9116067],[75.7881211,26.911606],[75.7881179,26.911606],[75.7881179,26.9116053],[75.7881146,26.9116053],[75.7881146,26.9116046],[75.7881122,26.9116046],[75.7881122,26.9116039],[75.7881098,26.9116039],[75.7881098,26.9116032],[75.7881074,26.9116032],[75.7881074,26.9116025],[75.7881066,26.9116025],[75.7881066,26.9116017],[75.7881049,26.9116017],[75.7881049,26.911601],[75.7881041,26.911601],[75.7881041,26.9116003],[75.7880937,26.9116004],[75.7880937,26.9116011],[75.7880921,26.9116011],[75.7880921,26.9116018],[75.7880913,26.9116018],[75.7880913,26.9116033],[75.7880905,26.9116033],[75.7880905,26.911604],[75.7880897,26.911604],[75.7880897,26.9116054],[75.7880889,26.9116055],[75.7880889,26.9116062],[75.7880881,26.9116062],[75.7880881,26.9116076],[75.7880873,26.9116076],[75.7880873,26.9116091],[75.7880865,26.9116091],[75.7880865,26.9116112],[75.7880857,26.9116112],[75.7880857,26.9116127],[75.7880849,26.9116127],[75.7880849,26.9116141],[75.7880841,26.9116141],[75.7880841,26.9116156],[75.7880833,26.9116156],[75.7880833,26.9116163],[75.7880825,26.9116163],[75.7880825,26.9116178],[75.7880817,26.9116178],[75.7880817,26.9116199],[75.7880809,26.9116199],[75.7880809,26.9116214],[75.7880801,26.9116214],[75.7880801,26.9116236],[75.7880793,26.9116236],[75.7880793,26.911625],[75.7880785,26.911625],[75.7880785,26.9116272],[75.7880777,26.9116272],[75.7880777,26.9116293],[75.7880769,26.9116294],[75.788077,26.9116315],[75.7880762,26.9116315],[75.7880762,26.911633],[75.7880754,26.911633],[75.7880754,26.9116344],[75.7880746,26.9116344],[75.7880746,26.9116359],[75.7880738,26.9116359],[75.7880738,26.9116373],[75.788073,26.9116373],[75.788073,26.9116388],[75.7880722,26.9116388],[75.7880722,26.9116409],[75.7880714,26.9116409],[75.7880714,26.9116424],[75.7880706,26.9116424],[75.7880706,26.9116438],[75.7880698,26.9116438],[75.7880698,26.911646],[75.788069,26.911646],[75.788069,26.9116482],[75.7880682,26.9116482],[75.7880682,26.9116496],[75.7880674,26.9116496],[75.7880674,26.9116511],[75.7880666,26.9116511],[75.7880666,26.9116525],[75.7880658,26.9116525],[75.7880658,26.911654],[75.788065,26.911654],[75.788065,26.9116561],[75.7880642,26.9116561],[75.7880642,26.9116576],[75.7880634,26.9116576],[75.7880635,26.911659],[75.7880626,26.911659],[75.7880627,26.9116605],[75.7880619,26.9116605],[75.7880619,26.9116627],[75.7880611,26.9116627],[75.7880611,26.9116648],[75.7880603,26.9116648],[75.7880603,26.9116663],[75.7880595,26.9116663],[75.7880595,26.9116677],[75.7880587,26.9116677],[75.7880587,26.9116685],[75.7880579,26.9116685],[75.7880579,26.9116706],[75.7880571,26.9116706],[75.7880571,26.9116728],[75.7880563,26.9116728],[75.7880563,26.9116735],[75.7880555,26.9116735],[75.7880555,26.911675],[75.7880547,26.911675],[75.7880547,26.9116757],[75.7880539,26.9116757],[75.7880539,26.9116764],[75.7880531,26.9116764],[75.7880531,26.9116772],[75.7880483,26.9116772],[75.7880483,26.9116779],[75.7880467,26.9116779],[75.7880467,26.9116786],[75.7880459,26.9116786],[75.7880459,26.9116794],[75.7880451,26.9116794],[75.7880451,26.9116801],[75.7880443,26.9116801],[75.7880443,26.9116808],[75.7880435,26.9116808],[75.7880435,26.911683],[75.7880427,26.911683],[75.7880427,26.9116844],[75.7880419,26.9116844],[75.7880419,26.9116859],[75.7880411,26.9116859],[75.7880411,26.9116888],[75.7880403,26.9116888],[75.7880403,26.9116902],[75.7880395,26.9116902],[75.7880395,26.9116924],[75.7880387,26.9116924],[75.7880387,26.9116946],[75.7880395,26.9116946],[75.7880395,26.9116953],[75.7880411,26.9116953],[75.7880412,26.911696],[75.788042,26.911696],[75.788042,26.9116967],[75.7880436,26.9116967],[75.7880436,26.9116974],[75.788046,26.9116974],[75.788046,26.9116981],[75.7880476,26.9116981],[75.7880476,26.9116989],[75.7880492,26.9116988],[75.7880492,26.9116996],[75.7880508,26.9116996],[75.7880508,26.9117003],[75.7880533,26.9117003],[75.7880533,26.911701],[75.7880557,26.911701],[75.7880557,26.9117017],[75.7880573,26.9117017],[75.7880573,26.9117024],[75.7880597,26.9117024],[75.7880597,26.9117031],[75.788063,26.9117031],[75.788063,26.9117038],[75.788067,26.9117038],[75.788067,26.9117031],[75.7880678,26.9117031],[75.7880678,26.9117024],[75.7880702,26.9117023],[75.7880702,26.9117031],[75.7880718,26.9117031],[75.7880718,26.9117023],[75.7880734,26.9117023],[75.7880734,26.9117016],[75.7880815,26.9117016],[75.7880815,26.9117023],[75.7880847,26.9117023],[75.7880847,26.911703],[75.7880863,26.911703],[75.7880863,26.9117037],[75.7880879,26.9117037],[75.7880879,26.9117044],[75.7880904,26.9117044],[75.7880904,26.9117051],[75.7880944,26.9117051]]]}},{"type":"Feature","properties":{"building_id":"B-0051","vertices":262},"geometry":{"type":"Polygon","coordinates":[[[75.7880188,26.9120768],[75.7880187,26.9120638],[75.7880195,26.9120637],[75.7880195,26.912063],[75.7880203,26.912063],[75.7880203,26.9120616],[75.7880211,26.9120616],[75.7880211,26.9120609],[75.7880219,26.9120608],[75.7880219,26.9120594],[75.7880227,26.9120594],[75.7880227,26.912058],[75.7880235,26.9120579],[75.7880235,26.9120565],[75.7880243,26.9120565],[75.7880243,26.9120514],[75.7880251,26.9120514],[75.7880251,26.9120485],[75.7880259,26.9120485],[75.7880258,26.9120435],[75.7880266,26.9120435],[75.7880266,26.912042],[75.7880274,26.912042],[75.7880274,26.9120377],[75.7880282,26.9120377],[75.7880282,26.9120348],[75.788029,26.9120348],[75.788029,26.9120319],[75.7880298,26.9120319],[75.7880298,26.9120276],[75.7880306,26.9120276],[75.7880305,26.9120247],[75.7880313,26.9120247],[75.7880313,26.9120196],[75.7880321,26.9120196],[75.7880321,26.912016],[75.7880329,26.912016],[75.7880329,26.9120131],[75.7880337,26.9120131],[75.7880337,26.9120088],[75.7880345,26.9120088],[75.7880345,26.9120081],[75.7880337,26.9120081],[75.7880336,26.912003],[75.7880344,26.912003],[75.7880344,26.9119987],[75.7880352,26.9119987],[75.7880352,26.9119965],[75.788036,26.9119965],[75.788036,26.911995],[75.7880368,26.911995],[75.7880368,26.9119929],[75.7880376,26.9119929],[75.7880376,26.9119914],[75.7880384,26.9119914],[75.7880384,26.9119893],[75.7880392,26.9119892],[75.7880391,26.9119878],[75.78804,26.9119878],[75.7880399,26.9119856],[75.7880407,26.9119856],[75.7880407,26.9119842],[75.7880415,26.9119842],[75.7880415,26.911982],[75.7880423,26.911982],[75.7880423,26.9119791],[75.7880431,26.9119791],[75.7880431,26.9119741],[75.7880423,26.9119741],[75.7880423,26.9119705],[75.7880414,26.9119705],[75.7880414,26.9119697],[75.7880406,26.9119697],[75.7880406,26.9119683],[75.7880398,26.9119683],[75.7880398,26.9119676],[75.788039,26.9119676],[75.788039,26.9119669],[75.7880374,26.9119669],[75.7880374,26.9119661],[75.7880358,26.9119662],[75.7880358,26.9119654],[75.7880342,26.9119654],[75.7880342,26.9119647],[75.7880325,26.9119647],[75.7880325,26.911964],[75.7880309,26.911964],[75.7880309,26.9119633],[75.7880293,26.9119633],[75.7880293,26.9119626],[75.7880269,26.9119626],[75.7880269,26.9119619],[75.7880253,26.9119619],[75.7880253,26.9119612],[75.7880237,26.9119612],[75.7880237,26.9119604],[75.7880164,26.9119605],[75.7880164,26.9119612],[75.7880132,26.9119612],[75.7880132,26.9119619],[75.7880124,26.911962],[75.7880124,26.9119627],[75.7880108,26.9119627],[75.7880108,26.9119634],[75.78801,26.9119634],[75.78801,26.9119641],[75.7880092,26.9119641],[75.7880092,26.9119649],[75.7880084,26.9119649],[75.7880084,26.9119656],[75.7880076,26.9119656],[75.7880076,26.911967],[75.7880068,26.911967],[75.7880068,26.9119678],[75.788006,26.9119678],[75.788006,26.9119692],[75.7880052,26.9119692],[75.7880052,26.9119707],[75.7880044,26.9119707],[75.7880044,26.9119721],[75.7880036,26.9119721],[75.7880036,26.9119743],[75.7880028,26.9119743],[75.7880028,26.9119764],[75.788002,26.9119765],[75.788002,26.9119779],[75.7880012,26.9119779],[75.7880012,26.9119808],[75.7880004,26.9119808],[75.7880004,26.9119822],[75.7879996,26.9119822],[75.7879996,26.9119837],[75.7879988,26.9119837],[75.7879988,26.9119851],[75.787998,26.9119851],[75.7879981,26.9119866],[75.7879972,26.9119866],[75.7879973,26.911988],[75.7879965,26.911988],[75.7879965,26.9119895],[75.7879957,26.9119895],[75.7879957,26.9119909],[75.7879949,26.9119909],[75.7879949,26.9119931],[75.7879941,26.9119931],[75.7879941,26.9119946],[75.7879933,26.9119946],[75.7879933,26.9119967],[75.7879925,26.9119967],[75.7879925,26.9119982],[75.7879917,26.9119982],[75.7879917,26.9119996],[75.7879909,26.9119996],[75.7879909,26.9120018],[75.7879901,26.9120018],[75.7879901,26.9120025],[75.7879893,26.9120025],[75.7879893,26.9120032],[75.7879885,26.9120033],[75.7879885,26.9120054],[75.7879877,26.9120054],[75.7879877,26.9120069],[75.7879869,26.9120069],[75.7879869,26.912009],[75.7879861,26.912009],[75.7879861,26.9120098],[75.7879853,26.9120098],[75.7879853,26.9120112],[75.7879845,26.9120112],[75.7879845,26.9120134],[75.7879837,26.9120134],[75.7879838,26.9120156],[75.7879829,26.9120156],[75.787983,26.912017],[75.7879822,26.912017],[75.7879822,26.9120177],[75.7879814,26.9120177],[75.7879814,26.9120199],[75.7879806,26.9120199],[75.7879806,26.9120221],[75.7879798,26.9120221],[75.7879798,26.9120235],[75.787979,26.9120235],[75.787979,26.9120257],[75.7879782,26.9120257],[75.7879782,26.9120264],[75.7879774,26.9120264],[75.7879774,26.9120279],[75.7879766,26.9120279],[75.7879766,26.91203],[75.7879758,26.91203],[75.7879758,26.9120315],[75.787975,26.9120315],[75.787975,26.9120329],[75.7879742,26.9120329],[75.7879742,26.9120344],[75.7879734,26.9120344],[75.7879734,26.9120351],[75.7879726,26.9120351],[75.7879726,26.9120366],[75.7879718,26.9120366],[75.7879718,26.912038],[75.787971,26.912038],[75.787971,26.9120402],[75.7879702,26.9120402],[75.7879702,26.9120416],[75.7879694,26.9120416],[75.7879694,26.9120431],[75.7879686,26.9120431],[75.7879687,26.9120453],[75.7879678,26.9120453],[75.7879679,26.9120474],[75.7879671,26.9120474],[75.7879671,26.9120489],[75.7879663,26.9120489],[75.7879663,26.9120503],[75.7879655,26.9120503],[75.7879655,26.9120518],[75.7879647,26.9120518],[75.7879647,26.9120532],[75.7879639,26.9120532],[75.7879639,26.9120568],[75.7879631,26.9120568],[75.7879631,26.9120605],[75.7879623,26.9120605],[75.7879623,26.9120626],[75.7879631,26.9120626],[75.7879631,26.9120648],[75.787964,26.9120648],[75.787964,26.9120655],[75.7879656,26.9120655],[75.7879656,26.9120662],[75.787968,26.9120662],[75.787968,26.9120669],[75.7879704,26.9120669],[75.7879704,26.9120676],[75.7879736,26.9120676],[75.7879736,26.9120683],[75.7879761,26.9120683],[75.7879761,26.912069],[75.7879793,26.912069],[75.7879793,26.9120698],[75.7879825,26.9120697],[75.7879825,26.9120705],[75.7879849,26.9120704],[75.7879849,26.9120712],[75.787989,26.9120711],[75.787989,26.9120719],[75.7879914,26.9120719],[75.7879914,26.9120726],[75.7879946,26.9120726],[75.7879946,26.9120733],[75.7879978,26.9120733],[75.7879979,26.912074],[75.7880003,26.912074],[75.7880003,26.9120747],[75.7880035,26.9120747],[75.7880035,26.9120754],[75.7880091,26.9120754],[75.7880091,26.9120761],[75.7880124,26.9120761],[75.7880124,26.9120768],[75.7880188,26.9120768]]]}},{"type":"Feature","properties":{"building_id":"B-0060","vertices":366},"geometry":{"type":"Polygon","coordinates":[[[75.7879554,26.9119919],[75.7879554,26.9119912],[75.7879562,26.9119912],[75.7879562,26.9119904],[75.787957,26.9119904],[75.787957,26.911989],[75.7879578,26.911989],[75.7879578,26.9119861],[75.7879586,26.9119861],[75.7879586,26.9119839],[75.7879594,26.9119839],[75.7879593,26.911981],[75.7879601,26.911981],[75.7879601,26.9119789],[75.7879609,26.9119788],[75.7879609,26.9119774],[75.7879617,26.9119774],[75.7879617,26.911976],[75.7879625,26.911976],[75.7879625,26.9119745],[75.7879633,26.9119745],[75.7879633,26.9119723],[75.7879641,26.9119723],[75.7879641,26.9119702],[75.7879649,26.9119702],[75.7879649,26.911968],[75.7879657,26.911968],[75.7879657,26.9119665],[75.7879665,26.9119665],[75.7879665,26.9119644],[75.7879673,26.9119644],[75.7879673,26.9119622],[75.7879681,26.9119622],[75.7879681,26.9119593],[75.7879689,26.9119593],[75.7879688,26.9119557],[75.7879696,26.9119557],[75.7879696,26.9119542],[75.7879704,26.9119542],[75.7879704,26.9119499],[75.7879696,26.9119499],[75.7879696,26.9119485],[75.7879688,26.9119485],[75.7879688,26.9119477],[75.787968,26.9119478],[75.787968,26.911947],[75.7879672,26.911947],[75.7879672,26.9119463],[75.7879655,26.9119463],[75.7879655,26.9119456],[75.7879647,26.9119456],[75.7879647,26.9119449],[75.7879631,26.9119449],[75.7879631,26.9119442],[75.7879623,26.9119442],[75.7879623,26.9119435],[75.7879615,26.9119435],[75.7879615,26.9119427],[75.7879607,26.9119427],[75.7879607,26.911942],[75.7879599,26.911942],[75.7879599,26.9119413],[75.7879583,26.9119413],[75.7879583,26.9119406],[75.7879575,26.9119406],[75.7879574,26.9119399],[75.7879558,26.9119399],[75.7879558,26.9119392],[75.787955,26.9119392],[75.787955,26.9119384],[75.7879534,26.9119384],[75.7879534,26.9119377],[75.7879526,26.9119377],[75.7879526,26.911937],[75.787951,26.911937],[75.787951,26.9119363],[75.7879502,26.9119363],[75.7879502,26.9119356],[75.7879486,26.9119356],[75.7879485,26.9119349],[75.7879477,26.9119349],[75.7879477,26.9119341],[75.7879469,26.9119341],[75.7879469,26.9119334],[75.7879453,26.9119334],[75.7879453,26.9119327],[75.7879437,26.9119327],[75.7879437,26.911932],[75.7879429,26.911932],[75.7879429,26.9119313],[75.7879413,26.9119313],[75.7879413,26.9119306],[75.7879405,26.9119306],[75.7879405,26.9119298],[75.7879397,26.9119299],[75.7879396,26.9119291],[75.787938,26.9119291],[75.787938,26.9119284],[75.7879364,26.9119284],[75.7879364,26.9119277],[75.7879356,26.9119277],[75.7879356,26.911927],[75.787934,26.911927],[75.787934,26.9119263],[75.7879332,26.9119263],[75.7879332,26.9119256],[75.7879316,26.9119256],[75.7879316,26.9119248],[75.7879308,26.9119248],[75.7879307,26.9119241],[75.7879291,26.9119241],[75.7879291,26.9119234],[75.7879283,26.9119234],[75.7879283,26.9119227],[75.7879267,26.9119227],[75.7879267,26.911922],[75.7879259,26.911922],[75.7879259,26.9119213],[75.7879235,26.9119213],[75.7879235,26.9119206],[75.7879154,26.9119206],[75.7879154,26.9119213],[75.7879138,26.9119213],[75.7879138,26.9119221],[75.787913,26.9119221],[75.787913,26.9119242],[75.7879122,26.9119242],[75.7879122,26.9119264],[75.7879114,26.9119264],[75.7879114,26.9119278],[75.7879106,26.9119278],[75.7879106,26.9119286],[75.7879098,26.9119286],[75.7879098,26.9119293],[75.787909,26.9119293],[75.787909,26.91193],[75.7879082,26.91193],[75.7879082,26.9119315],[75.7879074,26.9119315],[75.7879074,26.9119322],[75.7879066,26.9119322],[75.7879067,26.9119344],[75.7879058,26.9119344],[75.7879059,26.911938],[75.7879067,26.911938],[75.7879067,26.9119394],[75.7879059,26.9119394],[75.7879059,26.9119402],[75.7879011,26.9119402],[75.7879011,26.9119409],[75.7879003,26.9119409],[75.7879003,26.9119416],[75.7878995,26.9119416],[75.7878995,26.9119424],[75.7878987,26.9119424],[75.7878987,26.9119431],[75.7878978,26.9119431],[75.7878979,26.9119438],[75.787897,26.9119438],[75.7878971,26.9119445],[75.7878962,26.9119445],[75.7878963,26.9119453],[75.7878954,26.9119453],[75.7878955,26.911946],[75.7878946,26.911946],[75.7878947,26.9119482],[75.7878939,26.9119482],[75.7878939,26.9119489],[75.7878931,26.9119489],[75.7878931,26.9119496],[75.7878914,26.9119496],[75.7878915,26.9119503],[75.7878906,26.9119504],[75.7878907,26.9119511],[75.7878898,26.9119511],[75.7878899,26.9119518],[75.7878882,26.9119518],[75.7878882,26.9119525],[75.7878874,26.9119525],[75.7878874,26.9119533],[75.7878866,26.9119533],[75.7878866,26.911954],[75.7878858,26.911954],[75.7878858,26.9119547],[75.787885,26.9119547],[75.787885,26.9119562],[75.7878842,26.9119562],[75.7878842,26.9119569],[75.7878826,26.9119569],[75.7878826,26.9119576],[75.7878818,26.9119576],[75.7878818,26.9119583],[75.787881,26.9119583],[75.787881,26.9119591],[75.7878802,26.9119591],[75.7878802,26.9119605],[75.7878794,26.9119605],[75.7878794,26.9119612],[75.7878778,26.9119613],[75.7878778,26.911962],[75.787877,26.911962],[75.787877,26.9119627],[75.7878762,26.9119627],[75.7878762,26.9119642],[75.7878754,26.9119642],[75.7878754,26.9119649],[75.7878746,26.9119649],[75.7878746,26.9119656],[75.787873,26.9119656],[75.787873,26.9119663],[75.7878722,26.9119663],[75.7878722,26.9119671],[75.7878714,26.9119671],[75.7878714,26.9119678],[75.7878706,26.9119678],[75.7878706,26.9119685],[75.7878698,26.9119685],[75.7878698,26.9119692],[75.787869,26.9119693],[75.787869,26.91197],[75.7878682,26.91197],[75.7878683,26.9119743],[75.7878691,26.9119743],[75.7878691,26.911975],[75.7878707,26.911975],[75.7878707,26.9119757],[75.7878715,26.9119757],[75.7878715,26.9119765],[75.7878723,26.9119765],[75.7878723,26.9119772],[75.7878731,26.9119772],[75.7878731,26.9119779],[75.7878739,26.9119779],[75.7878739,26.9119786],[75.7878755,26.9119786],[75.7878755,26.9119793],[75.7878772,26.9119793],[75.7878772,26.91198],[75.7878788,26.91198],[75.7878788,26.9119808],[75.7878796,26.9119807],[75.7878796,26.9119815],[75.7878812,26.9119815],[75.7878812,26.9119822],[75.787882,26.9119822],[75.787882,26.9119829],[75.7878828,26.9119829],[75.7878828,26.9119836],[75.7878836,26.9119836],[75.7878836,26.9119843],[75.7878844,26.9119843],[75.7878844,26.9119851],[75.7878853,26.911985],[75.7878853,26.9119858],[75.7878869,26.9119858],[75.7878869,26.9119865],[75.7878885,26.9119865],[75.7878885,26.9119872],[75.7878893,26.9119872],[75.7878893,26.9119879],[75.7878901,26.9119879],[75.7878901,26.9119886],[75.7878909,26.9119886],[75.7878909,26.9119894],[75.7878917,26.9119893],[75.7878917,26.9119901],[75.7878933,26.9119901],[75.7878933,26.9119908],[75.787895,26.9119908],[75.787895,26.9119915],[75.7878958,26.9119915],[75.7878958,26.9119922],[75.7878966,26.9119922],[75.7878966,26.9119929],[75.7878974,26.9119929],[75.7878974,26.9119936],[75.787899,26.9119936],[75.787899,26.9119944],[75.7878998,26.9119944],[75.7878998,26.9119951],[75.7879006,26.9119951],[75.7879006,26.9119958],[75.7879022,26.9119958],[75.7879022,26.9119965],[75.7879031,26.9119965],[75.7879031,26.9119972],[75.7879047,26.9119972],[75.7879047,26.9119979],[75.7879063,26.9119979],[75.7879063,26.9119987],[75.7879079,26.9119986],[75.7879079,26.9119994],[75.7879087,26.9119994],[75.7879087,26.9120001],[75.7879095,26.9120001],[75.7879095,26.9120008],[75.7879103,26.9120008],[75.7879103,26.9120015],[75.7879111,26.9120015],[75.7879112,26.9120022],[75.787912,26.9120022],[75.787912,26.912003],[75.7879136,26.9120029],[75.7879136,26.9120037],[75.7879144,26.9120037],[75.7879144,26.9120073],[75.7879152,26.9120073],[75.7879152,26.912008],[75.787916,26.912008],[75.787916,26.9120087],[75.7879168,26.9120087],[75.7879168,26.9120094],[75.7879176,26.9120094],[75.7879177,26.9120101],[75.7879193,26.9120101],[75.7879193,26.9120109],[75.7879201,26.9120109],[75.7879201,26.9120116],[75.7879209,26.9120116],[75.7879209,26.9120123],[75.7879225,26.9120123],[75.7879225,26.9120116],[75.7879249,26.9120116],[75.7879249,26.9120123],[75.7879289,26.9120123],[75.787929,26.9120137],[75.7879298,26.9120137],[75.7879298,26.9120144],[75.7879354,26.9120144],[75.7879354,26.9120137],[75.7879362,26.9120137],[75.7879362,26.9120129],[75.787937,26.9120129],[75.787937,26.9120122],[75.7879378,26.9120122],[75.7879378,26.9120115],[75.7879386,26.9120115],[75.7879386,26.9120108],[75.7879394,26.9120107],[75.7879394,26.91201],[75.7879402,26.91201],[75.7879402,26.9120093],[75.787941,26.9120093],[75.787941,26.9120079],[75.7879418,26.9120078],[75.7879418,26.9120071],[75.787941,26.9120071],[75.787941,26.912005],[75.7879418,26.912005],[75.7879418,26.9120035],[75.7879426,26.9120035],[75.7879426,26.9120028],[75.7879434,26.9120028],[75.7879434,26.9120013],[75.7879442,26.9120013],[75.7879442,26.9119999],[75.787945,26.9119999],[75.787945,26.9119984],[75.7879458,26.9119984],[75.7879458,26.911997],[75.7879466,26.911997],[75.7879466,26.9119963],[75.7879474,26.9119963],[75.7879474,26.9119955],[75.7879482,26.9119955],[75.7879481,26.9119919],[75.7879554,26.9119919]],[[75.7879465,26.9119919],[75.7879465,26.9119912],[75.7879481,26.9119912],[75.7879481,26.9119919],[75.7879465,26.9119919]],[[75.7879423,26.911966],[75.7879399,26.911966],[75.7879399,26.9119645],[75.7879391,26.9119645],[75.7879391,26.9119638],[75.7879383,26.9119638],[75.7879383,26.9119631],[75.7879375,26.9119631],[75.7879375,26.9119624],[75.7879358,26.9119624],[75.7879358,26.9119617],[75.7879342,26.9119617],[75.7879342,26.9119609],[75.7879334,26.9119609],[75.7879334,26.9119602],[75.7879318,26.9119602],[75.7879318,26.9119595],[75.7879302,26.9119595],[75.7879302,26.9119588],[75.7879294,26.9119588],[75.7879294,26.9119581],[75.7879286,26.9119581],[75.7879286,26.9119574],[75.7879278,26.9119574],[75.7879277,26.9119559],[75.7879269,26.9119559],[75.7879269,26.9119552],[75.7879261,26.9119552],[75.7879261,26.9119538],[75.7879285,26.9119538],[75.7879285,26.9119545],[75.7879302,26.9119545],[75.7879302,26.9119552],[75.787931,26.9119552],[75.787931,26.9119559],[75.7879326,26.9119559],[75.7879326,26.9119566],[75.7879334,26.9119566],[75.7879334,26.9119573],[75.7879342,26.9119573],[75.7879342,26.9119581],[75.787935,26.911958],[75.787935,26.9119588],[75.7879374,26.9119588],[75.7879374,26.9119595],[75.7879382,26.9119595],[75.7879383,26.9119602],[75.7879391,26.9119602],[75.7879391,26.9119609],[75.7879399,26.9119609],[75.7879399,26.9119616],[75.7879415,26.9119616],[75.7879415,26.9119623],[75.7879431,26.9119623],[75.7879431,26.9119631],[75.7879439,26.9119631],[75.7879439,26.9119638],[75.7879447,26.9119638],[75.7879447,26.9119659],[75.7879439,26.9119659],[75.7879439,26.9119667],[75.7879423,26.9119667],[75.7879423,26.911966]]]}},{"type":"Feature","properties":{"building_id":"B-0111","vertices":368},"geometry":{"type":"Polygon","coordinates":[[[75.7882247,26.911682],[75.7882247,26.9116813],[75.7882263,26.9116812],[75.7882263,26.9116805],[75.7882272,26.9116805],[75.7882271,26.9116798],[75.788228,26.9116798],[75.7882279,26.9116791],[75.7882288,26.9116791],[75.7882287,26.9116783],[75.7882296,26.9116783],[75.7882295,26.9116776],[75.7882304,26.9116776],[75.7882303,26.9116769],[75.788232,26.9116769],[75.7882319,26.9116754],[75.7882328,26.9116754],[75.7882327,26.911674],[75.7882336,26.911674],[75.7882335,26.9116718],[75.7882343,26.9116718],[75.7882343,26.9116675],[75.7882351,26.9116675],[75.7882351,26.911666],[75.7882359,26.911666],[75.7882359,26.9116639],[75.7882367,26.9116639],[75.7882367,26.9116624],[75.7882375,26.9116624],[75.7882375,26.9116617],[75.7882383,26.9116617],[75.7882383,26.911661],[75.7882391,26.9116609],[75.7882391,26.9116602],[75.7882399,26.9116602],[75.7882399,26.9116595],[75.7882407,26.9116595],[75.7882407,26.9116588],[75.7882415,26.9116588],[75.7882415,26.9116573],[75.7882423,26.9116573],[75.7882423,26.9116566],[75.7882431,26.9116566],[75.7882431,26.9116551],[75.7882439,26.9116551],[75.7882439,26.9116523],[75.7882447,26.9116523],[75.7882447,26.9116508],[75.7882455,26.9116508],[75.7882455,26.9116494],[75.7882463,26.9116494],[75.7882463,26.9116479],[75.7882471,26.9116479],[75.788247,26.9116421],[75.7882454,26.9116421],[75.7882454,26.9116414],[75.7882438,26.9116414],[75.7882438,26.9116407],[75.7882398,26.9116407],[75.7882398,26.91164],[75.7882381,26.91164],[75.7882381,26.9116393],[75.7882373,26.9116393],[75.7882373,26.9116386],[75.7882365,26.9116386],[75.7882365,26.9116379],[75.7882349,26.9116379],[75.7882349,26.9116371],[75.7882293,26.9116372],[75.7882293,26.9116379],[75.7882269,26.9116379],[75.7882268,26.9116372],[75.788226,26.9116372],[75.788226,26.9116357],[75.7882268,26.9116357],[75.7882268,26.9116343],[75.7882276,26.9116343],[75.7882276,26.9116328],[75.7882284,26.9116328],[75.7882284,26.91163],[75.7882292,26.9116299],[75.7882292,26.9116271],[75.78823,26.9116271],[75.78823,26.9116263],[75.7882308,26.9116263],[75.7882308,26.9116249],[75.7882316,26.9116249],[75.7882316,26.9116242],[75.7882324,26.9116242],[75.7882324,26.9116227],[75.7882332,26.9116227],[75.7882332,26.9116213],[75.788234,26.9116213],[75.788234,26.9116198],[75.7882348,26.9116198],[75.7882348,26.9116191],[75.7882356,26.9116191],[75.7882356,26.9116184],[75.7882364,26.9116184],[75.7882364,26.9116176],[75.7882372,26.9116176],[75.7882372,26.9116162],[75.788238,26.9116162],[75.788238,26.9116147],[75.7882388,26.9116147],[75.7882388,26.911614],[75.7882396,26.911614],[75.7882396,26.9116133],[75.7882404,26.9116133],[75.7882404,26.9116126],[75.7882412,26.9116125],[75.7882412,26.9116118],[75.788242,26.9116118],[75.788242,26.9116111],[75.7882428,26.9116111],[75.7882428,26.9116096],[75.7882436,26.9116096],[75.7882436,26.9116089],[75.7882444,26.9116089],[75.7882444,26.9116082],[75.7882452,26.9116082],[75.7882452,26.9116067],[75.788246,26.9116067],[75.788246,26.9116046],[75.7882468,26.9116046],[75.7882467,26.9116024],[75.7882476,26.9116024],[75.7882475,26.9116017],[75.7882484,26.9116017],[75.7882484,26.9116009],[75.7882492,26.9116009],[75.7882491,26.9115995],[75.78825,26.9115995],[75.7882499,26.9115973],[75.7882507,26.9115973],[75.7882507,26.9115944],[75.7882515,26.9115944],[75.7882515,26.9115879],[75.7882507,26.9115879],[75.7882507,26.9115858],[75.7882499,26.9115858],[75.7882499,26.9115851],[75.788249,26.9115851],[75.788249,26.9115843],[75.7882474,26.9115843],[75.7882474,26.9115836],[75.7882458,26.9115836],[75.7882458,26.9115829],[75.7882442,26.9115829],[75.7882442,26.9115822],[75.7882418,26.9115822],[75.7882418,26.9115815],[75.7882385,26.9115815],[75.7882385,26.9115808],[75.7882361,26.9115808],[75.7882361,26.9115801],[75.7882337,26.9115801],[75.7882337,26.9115794],[75.7882313,26.9115794],[75.7882313,26.9115787],[75.7882281,26.9115787],[75.788228,26.911578],[75.7882256,26.911578],[75.7882256,26.9115772],[75.7882232,26.9115773],[75.7882232,26.9115765],[75.7882216,26.9115765],[75.7882216,26.9115758],[75.7882192,26.9115758],[75.7882192,26.9115751],[75.7882184,26.9115751],[75.7882184,26.9115744],[75.7882167,26.9115744],[75.7882167,26.9115737],[75.7882159,26.9115737],[75.7882159,26.911573],[75.7882143,26.911573],[75.7882143,26.9115722],[75.7882135,26.9115723],[75.7882135,26.9115715],[75.7882119,26.9115715],[75.7882119,26.9115708],[75.7882103,26.9115708],[75.7882103,26.9115701],[75.7882087,26.9115701],[75.7882087,26.9115694],[75.788207,26.9115694],[75.788207,26.9115687],[75.788199,26.9115687],[75.788199,26.9115694],[75.7881982,26.9115695],[75.7881982,26.9115702],[75.7881974,26.9115702],[75.7881974,26.9115709],[75.7881966,26.9115709],[75.7881966,26.9115723],[75.788195,26.9115724],[75.788195,26.9115731],[75.7881942,26.9115731],[75.7881942,26.9115738],[75.7881934,26.9115738],[75.7881934,26.9115753],[75.7881926,26.9115753],[75.7881926,26.911576],[75.7881918,26.911576],[75.7881918,26.9115774],[75.788191,26.9115774],[75.788191,26.9115782],[75.7881902,26.9115782],[75.7881902,26.9115803],[75.7881894,26.9115803],[75.7881894,26.9115825],[75.7881886,26.9115825],[75.7881886,26.9115839],[75.7881878,26.911584],[75.7881878,26.9115854],[75.788187,26.9115854],[75.788187,26.9115868],[75.7881862,26.9115869],[75.7881862,26.911589],[75.7881854,26.911589],[75.7881854,26.9115905],[75.7881846,26.9115905],[75.7881846,26.9115926],[75.7881838,26.9115926],[75.7881839,26.9115948],[75.788183,26.9115948],[75.7881831,26.911597],[75.7881823,26.911597],[75.7881823,26.9115977],[75.7881815,26.9115977],[75.7881815,26.9115999],[75.7881807,26.9115999],[75.7881807,26.9116013],[75.7881799,26.9116013],[75.7881799,26.9116028],[75.7881791,26.9116028],[75.7881791,26.9116042],[75.7881783,26.9116042],[75.7881783,26.911605],[75.7881775,26.911605],[75.7881775,26.9116064],[75.7881767,26.9116064],[75.7881767,26.9116071],[75.7881759,26.9116071],[75.7881759,26.9116086],[75.7881751,26.9116086],[75.7881751,26.91161],[75.7881743,26.91161],[75.7881743,26.9116108],[75.7881735,26.9116108],[75.7881735,26.9116122],[75.7881727,26.9116122],[75.7881727,26.9116137],[75.7881719,26.9116137],[75.7881719,26.9116165],[75.7881711,26.9116165],[75.7881711,26.911618],[75.7881719,26.911618],[75.788172,26.9116209],[75.7881728,26.9116209],[75.7881728,26.9116216],[75.7881744,26.9116216],[75.7881744,26.9116223],[75.788176,26.9116223],[75.788176,26.911623],[75.7881776,26.911623],[75.7881776,26.9116237],[75.78818,26.9116237],[75.78818,26.9116244],[75.7881824,26.9116244],[75.7881825,26.9116252],[75.7881841,26.9116251],[75.7881841,26.9116259],[75.7881881,26.9116258],[75.7881881,26.9116266],[75.7881905,26.9116266],[75.7881905,26.9116273],[75.7881929,26.9116273],[75.7881929,26.911628],[75.7881954,26.911628],[75.7881954,26.9116287],[75.788197,26.9116287],[75.788197,26.9116294],[75.7881986,26.9116294],[75.7881986,26.9116301],[75.7882002,26.9116301],[75.7882002,26.9116308],[75.7882026,26.9116308],[75.7882026,26.9116315],[75.7882051,26.9116315],[75.7882051,26.9116322],[75.7882075,26.9116322],[75.7882075,26.9116358],[75.7882067,26.9116359],[75.7882067,26.911638],[75.7882059,26.911638],[75.7882059,26.9116395],[75.7882051,26.9116395],[75.7882051,26.9116409],[75.7882043,26.9116409],[75.7882043,26.9116416],[75.7882035,26.9116416],[75.7882035,26.9116424],[75.7882027,26.9116424],[75.7882027,26.9116445],[75.7882019,26.9116445],[75.7882019,26.911646],[75.7882011,26.911646],[75.7882011,26.9116482],[75.7882003,26.9116482],[75.7882003,26.9116496],[75.7881995,26.9116496],[75.7881995,26.9116503],[75.7881987,26.9116503],[75.7881987,26.9116511],[75.7881979,26.9116511],[75.788198,26.9116525],[75.7881971,26.9116525],[75.7881972,26.911654],[75.7881964,26.911654],[75.7881964,26.9116554],[75.7881956,26.9116554],[75.7881956,26.9116576],[75.7881948,26.9116576],[75.7881948,26.9116583],[75.788194,26.9116583],[75.788194,26.9116605],[75.7881932,26.9116605],[75.7881932,26.9116619],[75.7881924,26.9116619],[75.7881924,26.9116634],[75.7881916,26.9116634],[75.7881916,26.9116648],[75.7881908,26.9116648],[75.7881908,26.9116663],[75.78819,26.9116663],[75.78819,26.911667],[75.7881892,26.911667],[75.7881892,26.9116684],[75.7881884,26.9116685],[75.7881884,26.9116699],[75.7881876,26.9116699],[75.7881876,26.9116706],[75.7881868,26.9116706],[75.7881868,26.9116728],[75.788186,26.9116728],[75.788186,26.9116742],[75.7881868,26.9116742],[75.7881868,26.9116757],[75.7881876,26.9116757],[75.7881876,26.9116764],[75.7881885,26.9116764],[75.7881885,26.9116771],[75.7881941,26.9116771],[75.7881941,26.9116778],[75.7881981,26.9116778],[75.7881981,26.9116785],[75.7882038,26.9116785],[75.7882038,26.9116792],[75.7882078,26.9116792],[75.7882078,26.9116799],[75.7882134,26.9116799],[75.7882135,26.9116806],[75.7882159,26.9116806],[75.7882159,26.9116813],[75.7882199,26.9116813],[75.7882199,26.911682],[75.7882247,26.911682]]]}},{"type":"Feature","properties":{"building_id":"B-0045","vertices":406},"geometry":{"type":"Polygon","coordinates":[[[75.7877644,26.9120962],[75.7877644,26.9120955],[75.7877652,26.9120955],[75.7877652,26.9120948],[75.787766,26.9120948],[75.787766,26.9120941],[75.7877668,26.912094],[75.7877668,26.9120933],[75.7877676,26.9120933],[75.7877676,26.9120926],[75.7877692,26.9120926],[75.7877692,26.9120919],[75.78777,26.9120919],[75.78777,26.9120904],[75.7877708,26.9120904],[75.7877708,26.9120897],[75.7877716,26.9120897],[75.7877716,26.912089],[75.7877724,26.912089],[75.7877724,26.9120875],[75.7877732,26.9120875],[75.7877732,26.9120868],[75.787774,26.9120868],[75.787774,26.9120853],[75.7877748,26.9120853],[75.7877748,26.9120846],[75.7877756,26.9120846],[75.7877756,26.9120839],[75.7877764,26.9120839],[75.7877764,26.9120824],[75.7877772,26.9120824],[75.7877772,26.9120817],[75.787778,26.9120817],[75.787778,26.912081],[75.7877788,26.912081],[75.7877788,26.9120803],[75.7877796,26.9120803],[75.7877796,26.9120788],[75.7877804,26.9120788],[75.7877804,26.9120781],[75.7877812,26.9120781],[75.7877812,26.9120774],[75.787782,26.9120774],[75.787782,26.9120766],[75.7877828,26.9120766],[75.7877828,26.9120752],[75.7877836,26.9120752],[75.7877835,26.9120737],[75.7877844,26.9120737],[75.7877843,26.9120723],[75.7877851,26.9120723],[75.7877851,26.9120716],[75.7877859,26.9120716],[75.7877859,26.9120708],[75.7877868,26.9120708],[75.7877867,26.9120694],[75.7877875,26.9120694],[75.7877875,26.9120687],[75.7877883,26.9120686],[75.7877883,26.9120679],[75.7877891,26.9120679],[75.7877891,26.9120665],[75.7877899,26.9120665],[75.7877899,26.912065],[75.7877907,26.912065],[75.7877907,26.9120636],[75.7877915,26.9120636],[75.7877915,26.9120621],[75.7877923,26.9120621],[75.7877923,26.9120614],[75.7877931,26.9120614],[75.7877931,26.91206],[75.7877939,26.91206],[75.7877939,26.9120585],[75.7877947,26.9120585],[75.7877947,26.9120571],[75.7877955,26.9120571],[75.7877955,26.9120556],[75.7877963,26.9120556],[75.7877963,26.9120542],[75.7877971,26.9120542],[75.7877971,26.9120534],[75.7877979,26.9120534],[75.7877979,26.912052],[75.7877987,26.912052],[75.7877987,26.9120505],[75.7877995,26.9120505],[75.7877995,26.9120498],[75.7878003,26.9120498],[75.7878003,26.9120484],[75.7878011,26.9120484],[75.7878011,26.9120469],[75.7878019,26.9120469],[75.7878019,26.9120455],[75.7878027,26.9120455],[75.7878027,26.912044],[75.7878035,26.912044],[75.7878035,26.9120426],[75.7878043,26.9120426],[75.7878043,26.9120418],[75.7878051,26.9120418],[75.7878051,26.9120411],[75.7878059,26.9120411],[75.7878059,26.9120404],[75.7878067,26.9120404],[75.7878067,26.9120397],[75.7878075,26.9120397],[75.7878075,26.9120382],[75.7878083,26.9120382],[75.7878083,26.9120375],[75.7878099,26.9120375],[75.7878099,26.912036],[75.7878107,26.912036],[75.7878107,26.9120353],[75.7878115,26.9120353],[75.7878115,26.9120346],[75.7878123,26.9120346],[75.7878123,26.9120331],[75.7878131,26.9120331],[75.7878131,26.9120324],[75.7878139,26.9120324],[75.7878139,26.9120309],[75.7878147,26.9120309],[75.7878147,26.9120295],[75.7878155,26.9120295],[75.7878155,26.9120288],[75.7878163,26.9120288],[75.7878163,26.9120273],[75.7878171,26.9120273],[75.7878171,26.9120259],[75.7878179,26.9120259],[75.7878178,26.9120244],[75.7878187,26.9120244],[75.7878186,26.9120223],[75.7878194,26.9120223],[75.7878194,26.9120208],[75.7878202,26.9120208],[75.7878202,26.9120194],[75.787821,26.9120194],[75.787821,26.9120179],[75.7878218,26.9120179],[75.7878218,26.9120172],[75.7878226,26.9120172],[75.7878226,26.9120157],[75.7878234,26.9120157],[75.7878234,26.9120143],[75.7878242,26.9120143],[75.7878242,26.9120136],[75.787825,26.9120136],[75.787825,26.9120121],[75.7878258,26.9120121],[75.7878258,26.9120107],[75.7878266,26.9120107],[75.7878266,26.9120099],[75.7878274,26.9120099],[75.7878274,26.9120085],[75.7878282,26.9120085],[75.7878282,26.9120027],[75.7878266,26.9120027],[75.7878266,26.912002],[75.7878257,26.912002],[75.7878257,26.9120013],[75.7878241,26.9120013],[75.7878241,26.9120006],[75.7878209,26.9120006],[75.7878209,26.9119999],[75.7878201,26.9119999],[75.7878201,26.9119991],[75.7878185,26.9119991],[75.7878185,26.9119984],[75.7878177,26.9119984],[75.7878177,26.9119977],[75.7878161,26.9119977],[75.787816,26.911997],[75.7878152,26.911997],[75.7878152,26.9119963],[75.7878136,26.9119963],[75.7878136,26.9119956],[75.787812,26.9119956],[75.787812,26.9119948],[75.7878112,26.9119949],[75.7878112,26.9119941],[75.7878096,26.9119941],[75.7878096,26.9119934],[75.787808,26.9119934],[75.787808,26.9119927],[75.7878063,26.9119927],[75.7878063,26.911992],[75.7878055,26.911992],[75.7878055,26.9119913],[75.7878039,26.9119913],[75.7878039,26.9119906],[75.7878023,26.9119906],[75.7878023,26.9119898],[75.7878015,26.9119899],[75.7878015,26.9119891],[75.7878007,26.9119891],[75.7878007,26.9119884],[75.7877991,26.9119884],[75.7877991,26.9119877],[75.7877975,26.9119877],[75.7877974,26.911987],[75.7877878,26.911987],[75.7877878,26.9119878],[75.787787,26.9119878],[75.787787,26.9119892],[75.7877862,26.9119892],[75.7877862,26.9119899],[75.7877854,26.9119899],[75.7877854,26.9119914],[75.7877846,26.9119914],[75.7877846,26.9119921],[75.7877838,26.9119921],[75.7877838,26.9119936],[75.787783,26.9119936],[75.787783,26.9119943],[75.7877822,26.9119943],[75.7877822,26.9119957],[75.7877814,26.9119957],[75.7877814,26.9119972],[75.7877806,26.9119972],[75.7877806,26.9119986],[75.7877798,26.9119986],[75.7877798,26.9119994],[75.787779,26.9119994],[75.787779,26.9120008],[75.7877782,26.9120008],[75.7877782,26.9120023],[75.7877774,26.9120023],[75.7877774,26.912003],[75.7877766,26.912003],[75.7877766,26.9120037],[75.7877758,26.9120037],[75.7877758,26.9120052],[75.787775,26.9120052],[75.787775,26.9120066],[75.7877742,26.9120066],[75.7877742,26.9120073],[75.7877734,26.9120073],[75.7877734,26.9120088],[75.7877726,26.9120088],[75.7877726,26.9120102],[75.7877718,26.9120102],[75.7877718,26.912011],[75.787771,26.912011],[75.787771,26.9120124],[75.7877702,26.9120124],[75.7877702,26.9120139],[75.7877694,26.9120139],[75.7877694,26.9120153],[75.7877686,26.9120153],[75.7877686,26.912016],[75.7877678,26.912016],[75.7877678,26.9120175],[75.787767,26.9120175],[75.787767,26.9120182],[75.7877662,26.9120182],[75.7877663,26.9120197],[75.7877654,26.9120197],[75.7877655,26.9120211],[75.7877647,26.9120211],[75.7877647,26.9120218],[75.7877639,26.9120218],[75.7877639,26.9120233],[75.7877631,26.9120233],[75.7877631,26.9120247],[75.7877623,26.9120247],[75.7877623,26.9120262],[75.7877615,26.9120262],[75.7877615,26.9120269],[75.7877607,26.9120269],[75.7877607,26.9120276],[75.7877599,26.9120276],[75.7877599,26.9120291],[75.7877591,26.9120291],[75.7877591,26.9120298],[75.7877583,26.9120298],[75.7877583,26.9120313],[75.7877575,26.9120313],[75.7877575,26.912032],[75.7877567,26.912032],[75.7877567,26.9120327],[75.7877559,26.9120327],[75.7877559,26.9120342],[75.7877551,26.9120342],[75.7877551,26.9120356],[75.7877543,26.9120356],[75.7877543,26.9120363],[75.7877535,26.9120363],[75.7877535,26.9120371],[75.7877527,26.9120371],[75.7877527,26.9120385],[75.7877519,26.9120385],[75.7877519,26.91204],[75.7877511,26.91204],[75.7877511,26.9120414],[75.7877503,26.9120414],[75.7877503,26.9120429],[75.7877495,26.9120429],[75.7877495,26.9120443],[75.7877487,26.9120443],[75.7877487,26.912045],[75.7877479,26.912045],[75.7877479,26.9120458],[75.7877471,26.9120458],[75.7877471,26.9120472],[75.7877463,26.9120472],[75.7877463,26.9120487],[75.7877455,26.9120487],[75.7877455,26.9120501],[75.7877447,26.9120501],[75.7877447,26.9120508],[75.7877439,26.9120508],[75.7877439,26.9120523],[75.7877431,26.9120523],[75.7877431,26.912053],[75.7877423,26.912053],[75.7877423,26.9120545],[75.7877415,26.9120545],[75.7877415,26.9120559],[75.7877407,26.9120559],[75.7877407,26.9120566],[75.7877399,26.9120566],[75.7877399,26.9120581],[75.7877391,26.9120581],[75.7877391,26.9120588],[75.7877383,26.9120588],[75.7877383,26.9120603],[75.7877375,26.9120603],[75.7877375,26.912061],[75.7877367,26.912061],[75.7877367,26.9120624],[75.7877359,26.9120624],[75.7877359,26.9120632],[75.7877351,26.9120632],[75.7877351,26.9120646],[75.7877343,26.9120646],[75.7877343,26.9120661],[75.7877335,26.9120661],[75.7877335,26.9120668],[75.7877327,26.9120668],[75.7877328,26.9120682],[75.7877319,26.9120682],[75.787732,26.9120697],[75.7877312,26.9120697],[75.7877312,26.9120704],[75.7877304,26.9120704],[75.7877304,26.9120719],[75.7877296,26.9120719],[75.7877296,26.9120733],[75.7877288,26.9120733],[75.7877288,26.9120748],[75.787728,26.9120748],[75.787728,26.9120755],[75.7877272,26.9120755],[75.7877272,26.9120769],[75.7877264,26.9120769],[75.7877264,26.9120806],[75.7877272,26.9120805],[75.7877272,26.9120813],[75.787728,26.9120813],[75.787728,26.912082],[75.7877288,26.912082],[75.7877288,26.9120827],[75.7877304,26.9120827],[75.7877304,26.9120834],[75.7877321,26.9120834],[75.7877321,26.9120841],[75.7877329,26.9120841],[75.7877329,26.9120848],[75.7877345,26.9120848],[75.7877345,26.9120856],[75.7877361,26.9120856],[75.7877361,26.9120863],[75.7877385,26.9120863],[75.7877385,26.912087],[75.7877409,26.912087],[75.7877409,26.9120862],[75.7877442,26.9120862],[75.7877442,26.912087],[75.7877458,26.9120869],[75.7877458,26.9120877],[75.7877466,26.9120877],[75.7877466,26.9120884],[75.7877482,26.9120884],[75.7877482,26.9120891],[75.787749,26.9120891],[75.787749,26.9120898],[75.7877506,26.9120898],[75.7877506,26.9120905],[75.7877522,26.9120905],[75.7877522,26.9120912],[75.7877531,26.9120912],[75.7877531,26.912092],[75.7877539,26.912092],[75.7877539,26.9120927],[75.7877555,26.9120927],[75.7877555,26.9120934],[75.7877563,26.9120934],[75.7877563,26.9120941],[75.7877571,26.9120941],[75.7877571,26.9120948],[75.7877579,26.9120948],[75.7877579,26.9120955],[75.7877595,26.9120955],[75.7877595,26.9120963],[75.7877644,26.9120962]]]}},{"type":"Feature","properties":{"building_id":"B-0011","vertices":202},"geometry":{"type":"Polygon","coordinates":[[[75.7880289,26.9123656],[75.7880289,26.9123649],[75.7880305,26.9123649],[75.7880305,26.9123641],[75.7880313,26.9123641],[75.7880313,26.9123634],[75.7880329,26.9123634],[75.7880329,26.912362],[75.7880337,26.912362],[75.7880337,26.9123591],[75.7880329,26.9123591],[75.7880329,26.9123584],[75.7880337,26.9123583],[75.7880337,26.9123576],[75.7880393,26.9123576],[75.7880393,26.9123583],[75.7880409,26.9123583],[75.7880409,26.912359],[75.788045,26.912359],[75.788045,26.9123597],[75.7880466,26.9123597],[75.7880466,26.9123604],[75.788049,26.9123604],[75.788049,26.9123612],[75.7880522,26.9123611],[75.7880522,26.9123619],[75.7880546,26.9123618],[75.7880546,26.9123626],[75.7880554,26.9123626],[75.7880555,26.9123633],[75.7880571,26.9123633],[75.7880571,26.912364],[75.7880595,26.912364],[75.7880595,26.9123654],[75.7880619,26.9123654],[75.7880619,26.9123647],[75.7880627,26.9123647],[75.7880627,26.912364],[75.7880643,26.912364],[75.7880643,26.9123625],[75.7880651,26.9123625],[75.7880651,26.9123603],[75.7880659,26.9123603],[75.7880659,26.9123531],[75.7880667,26.9123531],[75.7880666,26.9123444],[75.7880674,26.9123444],[75.7880674,26.9123394],[75.7880682,26.9123394],[75.7880682,26.9123372],[75.788069,26.9123372],[75.7880689,26.9123336],[75.7880697,26.9123336],[75.7880697,26.9123314],[75.7880705,26.9123314],[75.7880705,26.9123307],[75.7880713,26.9123307],[75.7880713,26.91233],[75.7880721,26.91233],[75.7880721,26.9123285],[75.7880729,26.9123285],[75.7880729,26.9123271],[75.7880737,26.9123271],[75.7880737,26.9123263],[75.7880761,26.9123263],[75.7880761,26.912322],[75.7880769,26.912322],[75.7880769,26.9123198],[75.7880777,26.9123198],[75.7880777,26.9123191],[75.7880769,26.9123191],[75.7880768,26.9123112],[75.7880777,26.9123112],[75.7880776,26.9123068],[75.7880784,26.9123068],[75.7880784,26.9123025],[75.7880792,26.9123025],[75.7880791,26.9122895],[75.7880783,26.9122895],[75.7880783,26.9122888],[75.7880767,26.9122888],[75.7880767,26.9122881],[75.7880751,26.9122881],[75.7880751,26.9122873],[75.7880735,26.9122873],[75.7880735,26.9122866],[75.7880686,26.9122867],[75.7880686,26.9122859],[75.7880638,26.912286],[75.7880638,26.9122852],[75.7880614,26.9122852],[75.7880614,26.9122845],[75.7880589,26.9122845],[75.7880589,26.9122838],[75.7880565,26.9122838],[75.7880565,26.9122831],[75.7880557,26.9122831],[75.7880557,26.9122824],[75.7880541,26.9122824],[75.7880541,26.9122817],[75.7880525,26.9122817],[75.7880525,26.9122802],[75.7880517,26.9122802],[75.7880516,26.9122788],[75.7880508,26.9122788],[75.7880508,26.9122759],[75.78805,26.9122759],[75.78805,26.9122745],[75.7880484,26.9122745],[75.7880484,26.9122716],[75.7880476,26.9122716],[75.7880476,26.9122694],[75.7880467,26.9122694],[75.7880467,26.9122658],[75.7880459,26.9122658],[75.7880459,26.9122608],[75.7880451,26.9122608],[75.7880451,26.9122579],[75.7880442,26.9122579],[75.7880442,26.9122572],[75.7880434,26.9122572],[75.7880434,26.9122565],[75.7880426,26.9122565],[75.7880426,26.9122557],[75.7880418,26.9122557],[75.7880418,26.912255],[75.788041,26.912255],[75.788041,26.9122543],[75.7880402,26.9122543],[75.7880402,26.9122536],[75.7880386,26.9122536],[75.7880386,26.9122529],[75.7880378,26.9122529],[75.7880378,26.9122522],[75.788037,26.9122522],[75.788037,26.9122514],[75.7880361,26.9122514],[75.7880361,26.9122507],[75.7880345,26.9122507],[75.7880345,26.91225],[75.7880289,26.91225],[75.7880289,26.9122515],[75.7880281,26.9122515],[75.7880281,26.9122529],[75.7880273,26.9122529],[75.7880273,26.9122551],[75.7880265,26.9122551],[75.7880265,26.912258],[75.7880257,26.912258],[75.7880258,26.9122631],[75.7880249,26.9122631],[75.788025,26.9122717],[75.7880242,26.9122717],[75.7880242,26.9122768],[75.7880234,26.9122768],[75.7880235,26.9122818],[75.7880227,26.9122819],[75.7880227,26.9122855],[75.7880219,26.9122855],[75.7880219,26.9122891],[75.7880211,26.9122891],[75.7880212,26.9123057],[75.7880204,26.9123057],[75.7880204,26.9123071],[75.7880196,26.9123071],[75.7880196,26.9123108],[75.7880188,26.9123108],[75.7880189,26.9123209],[75.7880181,26.9123209],[75.7880181,26.9123259],[75.7880173,26.9123259],[75.7880173,26.9123281],[75.7880165,26.9123281],[75.7880166,26.9123317],[75.7880158,26.9123317],[75.7880158,26.9123346],[75.788015,26.9123346],[75.788015,26.9123375],[75.7880142,26.9123375],[75.7880142,26.9123397],[75.7880134,26.9123397],[75.7880134,26.9123419],[75.7880126,26.9123419],[75.7880126,26.9123433],[75.7880118,26.9123433],[75.7880119,26.9123512],[75.7880111,26.9123513],[75.7880111,26.9123556],[75.7880103,26.9123556],[75.7880103,26.9123614],[75.7880111,26.9123614],[75.7880111,26.9123621],[75.7880119,26.9123621],[75.7880119,26.9123628],[75.7880136,26.9123628],[75.7880136,26.9123635],[75.7880208,26.9123635],[75.7880208,26.9123642],[75.7880224,26.9123642],[75.7880224,26.9123649],[75.7880281,26.9123649],[75.7880281,26.9123656],[75.7880289,26.9123656]]]}},{"type":"Feature","properties":{"building_id":"B-0129","vertices":336},"geometry":{"type":"Polygon","coordinates":[[[75.7875253,26.91154],[75.7875253,26.9115393],[75.7875261,26.9115393],[75.7875261,26.9115385],[75.7875269,26.9115385],[75.7875269,26.9115378],[75.7875277,26.9115378],[75.7875276,26.9115364],[75.7875285,26.9115364],[75.7875284,26.9115356],[75.7875293,26.9115356],[75.7875292,26.9115342],[75.7875309,26.9115342],[75.7875308,26.9115334],[75.7875341,26.9115334],[75.7875341,26.9115342],[75.7875446,26.9115341],[75.7875445,26.9115334],[75.7875454,26.9115334],[75.7875453,26.9115326],[75.7875462,26.9115326],[75.7875461,26.9115319],[75.787547,26.9115319],[75.7875469,26.9115305],[75.7875477,26.9115305],[75.7875477,26.9115297],[75.7875485,26.9115297],[75.7875485,26.911529],[75.7875493,26.911529],[75.7875493,26.9115283],[75.7875501,26.9115283],[75.7875501,26.9115276],[75.787551,26.9115276],[75.7875509,26.9115268],[75.7875518,26.9115268],[75.7875517,26.9115254],[75.7875525,26.9115254],[75.7875525,26.9115247],[75.7875533,26.9115247],[75.7875533,26.9115239],[75.7875541,26.9115239],[75.7875541,26.9115225],[75.7875549,26.9115225],[75.7875549,26.9115218],[75.7875557,26.9115218],[75.7875557,26.911521],[75.7875565,26.911521],[75.7875565,26.9115196],[75.7875573,26.9115196],[75.7875573,26.9115189],[75.7875581,26.9115189],[75.7875581,26.9115174],[75.7875589,26.9115174],[75.7875589,26.9115167],[75.7875597,26.9115167],[75.7875597,26.911516],[75.7875605,26.911516],[75.7875605,26.9115152],[75.7875613,26.9115152],[75.7875613,26.9115138],[75.7875621,26.9115138],[75.7875621,26.9115131],[75.7875629,26.911513],[75.7875629,26.9115123],[75.7875637,26.9115123],[75.7875637,26.9115116],[75.7875645,26.9115116],[75.7875645,26.9115101],[75.7875653,26.9115101],[75.7875653,26.9115094],[75.7875661,26.9115094],[75.7875661,26.911508],[75.7875669,26.911508],[75.7875669,26.9115072],[75.7875677,26.9115072],[75.7875677,26.9115065],[75.7875685,26.9115065],[75.7875685,26.9115058],[75.7875693,26.9115058],[75.7875693,26.9115051],[75.7875701,26.9115051],[75.7875701,26.9115036],[75.7875709,26.9115036],[75.7875709,26.9115029],[75.7875717,26.9115029],[75.7875717,26.9115014],[75.7875725,26.9115014],[75.7875725,26.9115007],[75.7875733,26.9115007],[75.7875733,26.9114993],[75.7875741,26.9114993],[75.7875741,26.9114985],[75.7875749,26.9114985],[75.7875749,26.9114971],[75.7875757,26.9114971],[75.7875757,26.9114956],[75.7875765,26.9114956],[75.7875765,26.9114949],[75.7875773,26.9114949],[75.7875773,26.9114935],[75.7875781,26.9114935],[75.7875781,26.911492],[75.7875789,26.911492],[75.7875789,26.9114913],[75.7875797,26.9114913],[75.7875797,26.9114898],[75.7875805,26.9114898],[75.7875805,26.9114877],[75.7875813,26.9114877],[75.7875813,26.9114833],[75.7875805,26.9114833],[75.7875804,26.9114826],[75.7875788,26.9114826],[75.7875788,26.9114819],[75.7875772,26.9114819],[75.7875772,26.9114812],[75.7875748,26.9114812],[75.7875748,26.9114805],[75.787574,26.9114805],[75.787574,26.9114798],[75.7875716,26.9114798],[75.7875716,26.9114791],[75.7875708,26.9114791],[75.7875708,26.9114783],[75.7875691,26.9114783],[75.7875691,26.9114776],[75.7875675,26.9114776],[75.7875675,26.9114769],[75.7875667,26.9114769],[75.7875667,26.9114762],[75.7875659,26.9114762],[75.7875659,26.9114755],[75.7875643,26.9114755],[75.7875643,26.9114748],[75.7875627,26.9114748],[75.7875627,26.911474],[75.7875619,26.9114741],[75.7875619,26.9114733],[75.787561,26.9114733],[75.787561,26.9114726],[75.7875602,26.9114726],[75.7875602,26.9114712],[75.7875586,26.9114712],[75.7875586,26.9114697],[75.7875578,26.9114697],[75.7875578,26.911469],[75.787557,26.911469],[75.787557,26.9114683],[75.7875562,26.9114683],[75.7875562,26.9114676],[75.7875554,26.9114676],[75.7875554,26.9114661],[75.7875546,26.9114661],[75.7875545,26.9114654],[75.7875537,26.9114654],[75.7875537,26.911464],[75.7875529,26.911464],[75.7875529,26.9114633],[75.7875521,26.9114633],[75.7875521,26.9114618],[75.7875513,26.9114618],[75.7875513,26.9114604],[75.7875505,26.9114604],[75.7875505,26.9114597],[75.7875497,26.9114597],[75.7875497,26.911459],[75.7875489,26.911459],[75.7875489,26.9114582],[75.7875481,26.9114582],[75.787548,26.9114575],[75.7875472,26.9114575],[75.7875472,26.9114554],[75.7875464,26.9114554],[75.7875464,26.9114546],[75.7875456,26.9114546],[75.7875456,26.9114539],[75.7875448,26.9114539],[75.7875448,26.9114532],[75.787544,26.9114532],[75.787544,26.9114525],[75.7875432,26.9114525],[75.7875432,26.9114518],[75.7875424,26.9114518],[75.7875424,26.911451],[75.7875416,26.9114511],[75.7875416,26.9114503],[75.7875407,26.9114503],[75.7875407,26.9114496],[75.7875391,26.9114496],[75.7875391,26.9114489],[75.7875367,26.9114489],[75.7875367,26.9114482],[75.7875359,26.9114482],[75.7875359,26.9114475],[75.7875343,26.9114475],[75.7875343,26.9114468],[75.7875335,26.9114468],[75.7875335,26.911446],[75.7875327,26.911446],[75.7875327,26.9114453],[75.787531,26.9114453],[75.787531,26.9114446],[75.787527,26.9114446],[75.787527,26.9114439],[75.7875254,26.9114439],[75.7875254,26.9114432],[75.7875181,26.9114432],[75.7875181,26.9114447],[75.7875173,26.9114447],[75.7875174,26.9114476],[75.7875166,26.9114476],[75.7875166,26.9114505],[75.7875158,26.9114505],[75.7875158,26.9114541],[75.787515,26.9114541],[75.787515,26.9114555],[75.7875142,26.9114555],[75.7875142,26.911457],[75.7875134,26.911457],[75.7875134,26.9114584],[75.7875126,26.9114584],[75.7875126,26.9114599],[75.7875118,26.9114599],[75.7875118,26.9114606],[75.787511,26.9114606],[75.787511,26.9114621],[75.7875102,26.9114621],[75.7875102,26.9114628],[75.7875086,26.9114628],[75.7875086,26.9114635],[75.787507,26.9114635],[75.787507,26.9114642],[75.7875062,26.9114643],[75.7875062,26.911465],[75.7875054,26.911465],[75.7875054,26.9114657],[75.7875046,26.9114657],[75.7875046,26.9114679],[75.7875038,26.9114679],[75.7875038,26.9114693],[75.787503,26.9114693],[75.7875031,26.9114758],[75.7875039,26.9114758],[75.7875039,26.9114773],[75.7875047,26.9114773],[75.7875047,26.9114787],[75.7875055,26.9114787],[75.7875055,26.9114801],[75.7875095,26.9114801],[75.7875095,26.9114808],[75.7875103,26.9114808],[75.7875104,26.9114823],[75.7875112,26.9114823],[75.7875112,26.911483],[75.787512,26.911483],[75.787512,26.9114837],[75.7875128,26.9114837],[75.7875128,26.9114844],[75.7875088,26.9114845],[75.7875088,26.9114852],[75.7875072,26.9114852],[75.7875071,26.9114845],[75.7875063,26.9114845],[75.7875063,26.911483],[75.7875055,26.911483],[75.7875055,26.9114838],[75.7875047,26.9114838],[75.7875048,26.9114903],[75.787504,26.9114903],[75.787504,26.9114932],[75.7875032,26.9114932],[75.7875032,26.9114946],[75.7875024,26.9114946],[75.7875024,26.9114961],[75.7875016,26.9114961],[75.7875016,26.9114982],[75.7875008,26.9114982],[75.7875008,26.9114997],[75.7875,26.9114997],[75.7875,26.9115011],[75.7874992,26.9115011],[75.7874992,26.9115033],[75.7874984,26.9115033],[75.7874984,26.9115047],[75.7874976,26.9115047],[75.7874976,26.9115062],[75.7874968,26.9115062],[75.7874968,26.9115076],[75.787496,26.9115076],[75.787496,26.9115091],[75.7874952,26.9115091],[75.7874953,26.9115134],[75.7874961,26.9115134],[75.7874961,26.9115141],[75.7874969,26.9115141],[75.7874969,26.9115149],[75.7874977,26.9115149],[75.7874977,26.9115156],[75.7874993,26.9115156],[75.7874993,26.9115163],[75.7875009,26.9115163],[75.7875009,26.911517],[75.7875025,26.911517],[75.7875025,26.9115177],[75.7875042,26.9115177],[75.7875042,26.9115184],[75.7875058,26.9115184],[75.7875058,26.9115191],[75.7875074,26.9115191],[75.7875074,26.9115199],[75.787509,26.9115198],[75.787509,26.9115206],[75.7875106,26.9115206],[75.7875107,26.9115278],[75.7875115,26.9115278],[75.7875115,26.9115314],[75.7875107,26.9115314],[75.7875107,26.9115321],[75.7875099,26.9115321],[75.7875099,26.9115328],[75.7875075,26.9115329],[75.7875075,26.9115336],[75.7875083,26.9115336],[75.7875083,26.9115357],[75.7875099,26.9115357],[75.7875099,26.9115365],[75.7875107,26.9115365],[75.7875107,26.9115372],[75.7875123,26.9115372],[75.7875124,26.9115379],[75.7875148,26.9115379],[75.7875148,26.9115386],[75.7875164,26.9115386],[75.7875164,26.9115393],[75.7875188,26.9115393],[75.7875188,26.91154],[75.7875253,26.91154]],[[75.7875111,26.9114772],[75.7875103,26.9114772],[75.7875103,26.9114765],[75.7875087,26.9114765],[75.7875087,26.9114758],[75.7875079,26.9114758],[75.7875079,26.9114722],[75.7875087,26.9114722],[75.7875087,26.9114715],[75.7875103,26.9114715],[75.7875103,26.9114707],[75.7875111,26.9114707],[75.7875111,26.9114693],[75.7875119,26.9114693],[75.7875119,26.9114678],[75.7875135,26.9114678],[75.7875135,26.9114671],[75.7875151,26.9114671],[75.7875151,26.9114664],[75.7875159,26.9114664],[75.7875159,26.9114656],[75.7875167,26.9114656],[75.7875166,26.9114599],[75.7875231,26.9114598],[75.7875231,26.9114591],[75.7875247,26.9114591],[75.7875247,26.9114584],[75.7875263,26.9114584],[75.7875263,26.9114605],[75.7875255,26.9114605],[75.7875255,26.9114613],[75.7875247,26.9114613],[75.7875247,26.911462],[75.7875239,26.911462],[75.7875239,26.9114627],[75.7875223,26.9114627],[75.7875223,26.9114634],[75.7875215,26.9114634],[75.7875215,26.9114663],[75.7875207,26.9114663],[75.7875207,26.9114671],[75.7875199,26.9114671],[75.7875199,26.9114685],[75.7875191,26.9114685],[75.7875191,26.9114707],[75.7875183,26.9114707],[75.7875183,26.9114729],[75.7875175,26.9114729],[75.7875175,26.9114743],[75.7875167,26.9114743],[75.7875167,26.911475],[75.7875159,26.911475],[75.7875159,26.9114758],[75.7875151,26.9114758],[75.7875152,26.9114772],[75.7875143,26.9114772],[75.7875144,26.9114779],[75.7875135,26.9114779],[75.7875136,26.9114787],[75.7875111,26.9114787],[75.7875111,26.9114772]]]}},{"type":"Feature","properties":{"building_id":"B-0006","vertices":116},"geometry":{"type":"Polygon","coordinates":[[[75.7882312,26.912376],[75.7882312,26.9123753],[75.7882328,26.9123753],[75.7882328,26.912376],[75.7882674,26.9123758],[75.7882674,26.9123751],[75.7882682,26.9123751],[75.7882682,26.9123744],[75.7882698,26.9123744],[75.7882698,26.9123722],[75.7882682,26.9123722],[75.7882681,26.9123635],[75.7882673,26.9123635],[75.7882673,26.9123628],[75.7882681,26.9123628],[75.7882681,26.9123614],[75.7882689,26.9123614],[75.7882689,26.9123606],[75.7882681,26.9123607],[75.7882681,26.9123592],[75.7882673,26.9123592],[75.7882673,26.9123585],[75.7882681,26.9123585],[75.7882681,26.9123563],[75.7882673,26.9123563],[75.7882673,26.9123556],[75.7882665,26.9123556],[75.7882665,26.9123549],[75.7882673,26.9123549],[75.7882673,26.9123534],[75.7882681,26.9123534],[75.7882681,26.912352],[75.7882673,26.912352],[75.7882672,26.9123361],[75.788268,26.9123361],[75.7882678,26.9123144],[75.788267,26.9123144],[75.788267,26.9123123],[75.7882662,26.9123123],[75.7882662,26.9123101],[75.7882654,26.9123101],[75.7882654,26.9123094],[75.7882646,26.9123094],[75.7882645,26.9123087],[75.7882605,26.9123087],[75.7882605,26.912308],[75.7882589,26.912308],[75.7882589,26.9123073],[75.7882533,26.9123073],[75.7882533,26.9123066],[75.7882492,26.9123066],[75.7882492,26.9123059],[75.7882484,26.9123059],[75.7882484,26.9123051],[75.7882468,26.9123052],[75.7882468,26.9123044],[75.7882436,26.9123045],[75.7882436,26.9123037],[75.7882428,26.9123037],[75.7882428,26.912303],[75.7882363,26.912303],[75.7882363,26.9123038],[75.7882355,26.9123038],[75.7882355,26.9123052],[75.7882347,26.9123052],[75.7882347,26.9123088],[75.7882339,26.9123088],[75.7882339,26.912311],[75.7882331,26.912311],[75.7882331,26.9123117],[75.7882323,26.9123117],[75.7882324,26.9123132],[75.7882307,26.9123132],[75.7882307,26.9123139],[75.7882291,26.9123139],[75.7882291,26.9123146],[75.7882283,26.9123147],[75.7882283,26.9123154],[75.7882275,26.9123154],[75.7882275,26.9123175],[75.7882267,26.9123175],[75.7882268,26.9123219],[75.788226,26.9123219],[75.788226,26.9123277],[75.7882252,26.9123277],[75.7882252,26.9123327],[75.7882244,26.9123327],[75.7882245,26.9123414],[75.7882237,26.9123414],[75.7882237,26.9123472],[75.7882245,26.9123472],[75.7882245,26.9123479],[75.7882253,26.9123479],[75.7882253,26.9123486],[75.7882278,26.9123486],[75.7882278,26.9123493],[75.7882286,26.9123493],[75.7882286,26.9123508],[75.7882294,26.9123508],[75.7882294,26.9123529],[75.7882286,26.9123529],[75.7882286,26.9123573],[75.7882278,26.9123573],[75.7882279,26.9123616],[75.788227,26.9123616],[75.7882271,26.9123638],[75.7882263,26.9123638],[75.7882263,26.9123696],[75.7882255,26.9123696],[75.7882255,26.9123739],[75.7882263,26.9123739],[75.7882263,26.9123746],[75.7882271,26.9123746],[75.7882271,26.9123753],[75.7882296,26.9123753],[75.7882296,26.912376],[75.7882312,26.912376]]]}},{"type":"Feature","properties":{"building_id":"B-0117","vertices":250},"geometry":{"type":"Polygon","coordinates":[[[75.7875202,26.9116281],[75.7875202,26.9116274],[75.787521,26.9116274],[75.787521,26.911626],[75.7875218,26.9116259],[75.7875218,26.9116252],[75.7875226,26.9116252],[75.7875226,26.9116245],[75.7875234,26.9116245],[75.7875234,26.9116223],[75.7875242,26.9116223],[75.7875242,26.911618],[75.787525,26.911618],[75.787525,26.9116158],[75.7875258,26.9116158],[75.7875257,26.9116086],[75.7875265,26.9116086],[75.7875265,26.911605],[75.7875273,26.911605],[75.7875273,26.9116014],[75.7875281,26.9116014],[75.7875281,26.9115977],[75.7875289,26.9115977],[75.7875289,26.9115956],[75.7875297,26.9115956],[75.7875297,26.9115934],[75.7875305,26.9115934],[75.7875304,26.9115891],[75.7875312,26.9115891],[75.7875312,26.9115862],[75.787532,26.9115862],[75.787532,26.9115833],[75.7875328,26.9115833],[75.7875328,26.9115811],[75.7875336,26.9115811],[75.7875336,26.9115789],[75.7875344,26.9115789],[75.7875344,26.9115775],[75.7875352,26.9115775],[75.7875352,26.911576],[75.787536,26.911576],[75.787536,26.9115746],[75.7875368,26.9115746],[75.7875368,26.9115724],[75.7875376,26.9115724],[75.7875376,26.9115702],[75.7875384,26.9115702],[75.7875383,26.9115659],[75.7875391,26.9115659],[75.7875391,26.9115551],[75.7875383,26.9115551],[75.7875382,26.9115529],[75.7875374,26.9115529],[75.7875374,26.9115522],[75.7875366,26.9115522],[75.7875366,26.9115515],[75.7875278,26.9115515],[75.7875278,26.9115522],[75.7875245,26.9115523],[75.7875245,26.911553],[75.7875205,26.911553],[75.7875205,26.9115523],[75.7875189,26.9115523],[75.7875189,26.9115516],[75.7875165,26.9115516],[75.7875165,26.9115509],[75.7875149,26.9115509],[75.7875149,26.9115502],[75.787514,26.9115502],[75.787514,26.9115487],[75.7875132,26.9115487],[75.7875132,26.9115415],[75.7875124,26.9115415],[75.7875124,26.9115408],[75.7875116,26.9115408],[75.7875116,26.9115401],[75.7875099,26.9115401],[75.7875099,26.9115393],[75.7875083,26.9115394],[75.7875083,26.9115386],[75.7875067,26.9115386],[75.7875067,26.9115379],[75.7875059,26.9115379],[75.7875059,26.9115372],[75.7875051,26.9115372],[75.7875051,26.9115365],[75.7875035,26.9115365],[75.7875035,26.9115358],[75.7875027,26.9115358],[75.7875027,26.9115351],[75.7875011,26.9115351],[75.787501,26.9115343],[75.7875002,26.9115343],[75.7875002,26.9115329],[75.7874994,26.9115329],[75.7874994,26.9115322],[75.7874978,26.9115322],[75.7874978,26.9115315],[75.7874873,26.9115315],[75.7874873,26.9115322],[75.7874857,26.9115323],[75.7874857,26.911533],[75.7874849,26.911533],[75.7874849,26.9115344],[75.7874841,26.9115344],[75.7874842,26.9115388],[75.7874834,26.9115388],[75.7874834,26.9115402],[75.7874826,26.9115402],[75.7874826,26.9115417],[75.7874818,26.9115417],[75.7874818,26.9115431],[75.787481,26.9115431],[75.787481,26.9115446],[75.7874802,26.9115446],[75.7874802,26.911546],[75.7874794,26.911546],[75.7874794,26.9115475],[75.7874786,26.9115475],[75.7874786,26.9115496],[75.7874778,26.9115496],[75.7874778,26.9115511],[75.787477,26.9115511],[75.787477,26.9115525],[75.7874762,26.9115525],[75.7874762,26.9115533],[75.7874754,26.9115533],[75.7874754,26.9115547],[75.7874746,26.9115547],[75.7874746,26.9115562],[75.7874738,26.9115562],[75.7874738,26.9115576],[75.787473,26.9115576],[75.787473,26.9115598],[75.7874722,26.9115598],[75.7874722,26.9115612],[75.7874714,26.9115612],[75.7874714,26.9115627],[75.7874706,26.9115627],[75.7874706,26.9115641],[75.7874698,26.9115641],[75.7874698,26.9115656],[75.787469,26.9115656],[75.787469,26.911567],[75.7874682,26.911567],[75.7874683,26.9115685],[75.7874674,26.9115685],[75.7874675,26.9115699],[75.7874667,26.9115699],[75.7874667,26.9115714],[75.7874659,26.9115714],[75.7874659,26.9115735],[75.7874651,26.9115735],[75.7874651,26.9115757],[75.7874643,26.9115757],[75.7874643,26.9115779],[75.7874635,26.9115779],[75.7874635,26.91158],[75.7874627,26.9115801],[75.7874627,26.9115808],[75.7874619,26.9115808],[75.7874619,26.9115822],[75.7874611,26.9115822],[75.7874611,26.9115844],[75.7874603,26.9115844],[75.7874603,26.9115851],[75.7874595,26.9115851],[75.7874595,26.9115873],[75.7874587,26.9115873],[75.7874587,26.9115895],[75.7874579,26.9115895],[75.7874579,26.9115931],[75.7874571,26.9115931],[75.7874572,26.9115967],[75.787458,26.9115967],[75.787458,26.9115974],[75.7874588,26.9115974],[75.7874588,26.9115981],[75.7874596,26.9115981],[75.7874596,26.9115989],[75.7874612,26.9115988],[75.7874612,26.9115996],[75.7874636,26.9115995],[75.7874636,26.9116003],[75.7874653,26.9116003],[75.7874653,26.911601],[75.7874669,26.911601],[75.7874669,26.9116017],[75.7874693,26.9116017],[75.7874693,26.9116024],[75.7874733,26.9116024],[75.7874733,26.9116031],[75.7874806,26.9116031],[75.7874806,26.9116038],[75.787483,26.9116038],[75.787483,26.9116045],[75.7874838,26.9116045],[75.7874838,26.9116052],[75.7874862,26.9116052],[75.7874862,26.9116059],[75.787487,26.9116059],[75.787487,26.9116066],[75.7874887,26.9116066],[75.7874887,26.9116074],[75.7874903,26.9116073],[75.7874903,26.9116081],[75.7874919,26.9116081],[75.7874919,26.9116088],[75.7874927,26.9116088],[75.7874927,26.9116095],[75.7874951,26.9116095],[75.7874951,26.9116102],[75.7874967,26.9116102],[75.7874967,26.9116109],[75.7874976,26.9116109],[75.7874976,26.9116116],[75.7874992,26.9116116],[75.7874992,26.9116124],[75.7875008,26.9116123],[75.7875008,26.9116131],[75.7875016,26.9116131],[75.7875016,26.9116138],[75.7875024,26.9116138],[75.7875024,26.9116145],[75.7875032,26.9116145],[75.7875032,26.9116159],[75.7875024,26.9116159],[75.7875024,26.9116196],[75.7875032,26.9116196],[75.7875033,26.911621],[75.7875041,26.911621],[75.7875041,26.9116217],[75.7875049,26.9116217],[75.7875049,26.9116224],[75.7875065,26.9116224],[75.7875065,26.9116231],[75.7875081,26.9116231],[75.7875081,26.9116239],[75.7875097,26.9116238],[75.7875097,26.9116246],[75.7875113,26.9116246],[75.7875113,26.9116253],[75.7875138,26.9116253],[75.7875138,26.911626],[75.7875154,26.911626],[75.7875154,26.9116267],[75.787517,26.9116267],[75.787517,26.9116274],[75.7875194,26.9116274],[75.7875194,26.9116281],[75.7875202,26.9116281]]]}},{"type":"Feature","properties":{"building_id":"B-0118","vertices":192},"geometry":{"type":"Polygon","coordinates":[[[75.7876499,26.9116166],[75.7876499,26.9116158],[75.7876515,26.9116158],[75.7876515,26.9116151],[75.7876523,26.9116151],[75.7876523,26.9116137],[75.7876531,26.9116137],[75.7876531,26.9116122],[75.7876539,26.9116122],[75.7876538,26.91161],[75.7876546,26.91161],[75.7876546,26.9116079],[75.7876554,26.9116079],[75.7876554,26.9116043],[75.7876562,26.9116043],[75.7876562,26.9116021],[75.787657,26.9116021],[75.787657,26.9115992],[75.7876578,26.9115992],[75.7876578,26.9115934],[75.7876586,26.9115934],[75.7876586,26.9115927],[75.7876577,26.9115927],[75.7876577,26.9115905],[75.7876585,26.9115905],[75.7876585,26.9115884],[75.7876593,26.9115883],[75.7876593,26.9115855],[75.7876601,26.9115855],[75.7876601,26.911584],[75.7876609,26.911584],[75.7876609,26.9115833],[75.7876617,26.9115833],[75.7876617,26.9115818],[75.7876625,26.9115818],[75.7876625,26.9115811],[75.7876649,26.9115811],[75.7876649,26.9115775],[75.7876657,26.9115775],[75.7876657,26.9115753],[75.7876665,26.9115753],[75.7876665,26.9115724],[75.7876673,26.9115724],[75.7876673,26.9115688],[75.7876681,26.9115688],[75.787668,26.9115637],[75.7876688,26.9115637],[75.7876688,26.9115594],[75.7876696,26.9115594],[75.7876696,26.9115587],[75.7876704,26.9115587],[75.7876704,26.9115558],[75.7876712,26.9115558],[75.7876712,26.9115507],[75.787672,26.9115507],[75.7876719,26.9115493],[75.7876728,26.9115493],[75.7876727,26.9115464],[75.7876735,26.9115464],[75.7876735,26.9115428],[75.7876743,26.9115428],[75.7876742,26.911529],[75.7876734,26.911529],[75.7876734,26.9115283],[75.7876718,26.9115283],[75.7876718,26.9115276],[75.7876694,26.9115276],[75.7876694,26.9115269],[75.7876541,26.911527],[75.7876541,26.9115263],[75.7876533,26.9115263],[75.7876532,26.9115248],[75.7876524,26.9115248],[75.7876524,26.9115241],[75.7876516,26.9115241],[75.7876516,26.9115234],[75.7876508,26.9115234],[75.7876508,26.9115227],[75.7876492,26.9115227],[75.7876492,26.911522],[75.7876484,26.911522],[75.7876484,26.9115205],[75.7876476,26.9115205],[75.7876476,26.9115198],[75.7876468,26.9115198],[75.7876468,26.9115184],[75.7876435,26.9115184],[75.7876435,26.9115191],[75.7876419,26.9115191],[75.7876419,26.9115198],[75.7876403,26.9115198],[75.7876403,26.9115206],[75.7876387,26.9115206],[75.7876387,26.9115213],[75.7876331,26.9115213],[75.7876331,26.911522],[75.7876291,26.9115221],[75.7876291,26.9115228],[75.7876275,26.9115228],[75.7876275,26.9115235],[75.7876258,26.9115235],[75.7876259,26.9115243],[75.787625,26.9115243],[75.7876251,26.9115271],[75.7876243,26.9115272],[75.7876243,26.9115279],[75.7876235,26.9115279],[75.7876235,26.9115308],[75.7876227,26.9115308],[75.7876227,26.9115322],[75.7876219,26.9115322],[75.7876219,26.9115358],[75.7876227,26.9115358],[75.7876227,26.9115373],[75.7876219,26.9115373],[75.7876219,26.911538],[75.7876211,26.911538],[75.7876211,26.9115409],[75.7876203,26.9115409],[75.7876204,26.9115452],[75.7876196,26.9115452],[75.7876196,26.9115474],[75.7876188,26.9115474],[75.7876188,26.9115481],[75.787618,26.9115481],[75.787618,26.911551],[75.7876172,26.911551],[75.7876172,26.9115525],[75.7876164,26.9115525],[75.7876164,26.9115539],[75.7876156,26.9115539],[75.7876156,26.9115619],[75.7876148,26.9115619],[75.7876149,26.9115669],[75.7876141,26.9115669],[75.7876141,26.9115684],[75.7876133,26.9115684],[75.7876133,26.9115698],[75.7876125,26.9115698],[75.7876125,26.9115713],[75.7876117,26.9115713],[75.7876117,26.9115727],[75.7876109,26.9115727],[75.7876109,26.9115763],[75.7876101,26.9115763],[75.7876101,26.9115792],[75.7876093,26.9115792],[75.7876094,26.9115872],[75.7876086,26.9115872],[75.7876086,26.9115886],[75.7876078,26.9115886],[75.7876078,26.9115901],[75.787607,26.9115901],[75.787607,26.9115923],[75.7876062,26.9115923],[75.7876062,26.9115951],[75.7876054,26.9115951],[75.7876054,26.9115966],[75.7876046,26.9115966],[75.7876046,26.9116009],[75.7876038,26.9116009],[75.7876039,26.911606],[75.7876055,26.911606],[75.7876055,26.9116067],[75.7876071,26.9116067],[75.7876071,26.9116074],[75.7876119,26.9116074],[75.7876119,26.9116081],[75.7876144,26.9116081],[75.7876144,26.9116088],[75.787616,26.9116088],[75.787616,26.9116095],[75.7876184,26.9116095],[75.7876184,26.9116102],[75.7876216,26.9116102],[75.7876216,26.9116109],[75.7876248,26.9116109],[75.7876248,26.9116117],[75.7876273,26.9116116],[75.7876273,26.9116124],[75.7876305,26.9116123],[75.7876305,26.9116131],[75.7876337,26.911613],[75.7876337,26.9116138],[75.7876361,26.9116138],[75.7876361,26.9116145],[75.7876386,26.9116145],[75.7876386,26.9116152],[75.7876434,26.9116152],[75.7876434,26.9116159],[75.7876466,26.9116159],[75.7876466,26.9116166],[75.7876499,26.9116166]]]}},{"type":"Feature","properties":{"building_id":"B-0044","vertices":414},"geometry":{"type":"Polygon","coordinates":[[[75.7882261,26.912103],[75.7882261,26.9121023],[75.7882277,26.9121023],[75.7882277,26.9121016],[75.7882293,26.9121016],[75.7882292,26.912098],[75.78823,26.912098],[75.78823,26.9120965],[75.7882292,26.9120965],[75.7882292,26.9120951],[75.78823,26.9120951],[75.78823,26.9120944],[75.7882308,26.9120943],[75.7882308,26.9120929],[75.7882316,26.9120929],[75.7882316,26.9120907],[75.7882324,26.9120907],[75.7882324,26.9120886],[75.7882332,26.9120886],[75.7882332,26.9120878],[75.788234,26.9120878],[75.788234,26.9120864],[75.7882348,26.9120864],[75.7882348,26.9120849],[75.7882356,26.9120849],[75.7882356,26.9120842],[75.7882364,26.9120842],[75.7882364,26.9120835],[75.7882372,26.9120835],[75.7882372,26.9120828],[75.788238,26.9120828],[75.788238,26.912082],[75.7882396,26.912082],[75.7882396,26.9120806],[75.7882404,26.9120806],[75.7882404,26.9120798],[75.7882412,26.9120798],[75.7882412,26.9120791],[75.788242,26.9120791],[75.788242,26.9120784],[75.7882436,26.9120784],[75.7882436,26.9120777],[75.7882444,26.9120777],[75.7882444,26.9120769],[75.7882452,26.9120769],[75.7882452,26.9120762],[75.788246,26.9120762],[75.788246,26.9120755],[75.7882468,26.9120755],[75.7882468,26.912074],[75.7882476,26.912074],[75.7882476,26.9120726],[75.7882484,26.9120726],[75.7882484,26.9120719],[75.7882492,26.9120719],[75.7882492,26.9120711],[75.78825,26.9120711],[75.78825,26.9120704],[75.7882508,26.9120704],[75.7882508,26.9120697],[75.7882516,26.9120697],[75.7882516,26.912069],[75.7882524,26.9120689],[75.7882524,26.9120682],[75.7882532,26.9120682],[75.7882532,26.9120675],[75.7882548,26.9120675],[75.7882548,26.9120668],[75.7882556,26.9120668],[75.7882556,26.912066],[75.7882564,26.912066],[75.7882564,26.9120653],[75.7882572,26.9120653],[75.7882572,26.9120646],[75.788258,26.9120646],[75.788258,26.9120639],[75.7882588,26.9120639],[75.7882588,26.9120631],[75.7882596,26.9120631],[75.7882596,26.9120624],[75.7882604,26.9120624],[75.7882604,26.9120617],[75.788262,26.9120617],[75.788262,26.912061],[75.7882628,26.9120609],[75.7882628,26.9120602],[75.7882636,26.9120602],[75.7882636,26.9120588],[75.7882644,26.9120588],[75.7882644,26.912058],[75.7882652,26.912058],[75.7882652,26.9120573],[75.788266,26.9120573],[75.788266,26.9120559],[75.7882668,26.9120559],[75.7882668,26.9120551],[75.7882676,26.9120551],[75.7882676,26.9120544],[75.7882684,26.9120544],[75.7882684,26.9120479],[75.7882676,26.9120479],[75.7882675,26.912045],[75.7882667,26.912045],[75.7882667,26.9120443],[75.7882547,26.9120444],[75.7882546,26.9120415],[75.7882538,26.9120415],[75.7882538,26.9120401],[75.788253,26.9120401],[75.788253,26.9120386],[75.7882522,26.9120386],[75.7882522,26.9120379],[75.7882514,26.9120379],[75.7882514,26.9120372],[75.788249,26.9120372],[75.788249,26.9120365],[75.7882457,26.9120365],[75.7882457,26.9120358],[75.7882425,26.9120358],[75.7882425,26.9120351],[75.7882409,26.9120351],[75.7882409,26.9120343],[75.7882393,26.9120344],[75.7882393,26.9120336],[75.7882385,26.9120336],[75.7882385,26.9120329],[75.788236,26.9120329],[75.788236,26.9120322],[75.7882352,26.9120322],[75.7882352,26.9120315],[75.7882344,26.9120315],[75.7882344,26.9120308],[75.7882336,26.9120308],[75.7882336,26.9120301],[75.788232,26.9120301],[75.788232,26.9120293],[75.7882288,26.9120294],[75.7882288,26.9120286],[75.7882263,26.9120286],[75.7882263,26.9120279],[75.7882223,26.9120279],[75.7882223,26.9120272],[75.7882199,26.9120272],[75.7882199,26.9120265],[75.7882191,26.9120265],[75.7882191,26.9120258],[75.7882183,26.9120258],[75.7882183,26.9120251],[75.7882175,26.9120251],[75.7882175,26.9120244],[75.7882166,26.9120244],[75.7882166,26.9120236],[75.7882158,26.9120237],[75.7882158,26.9120229],[75.788215,26.9120229],[75.788215,26.9120215],[75.7882134,26.9120215],[75.7882134,26.9120222],[75.7882126,26.9120222],[75.7882126,26.9120237],[75.788211,26.9120237],[75.788211,26.9120244],[75.7882086,26.9120244],[75.7882086,26.9120237],[75.788207,26.9120237],[75.788207,26.912023],[75.7882062,26.912023],[75.7882062,26.9120223],[75.7882054,26.9120223],[75.7882053,26.9120215],[75.7882045,26.9120215],[75.7882045,26.9120208],[75.7882029,26.9120208],[75.7882029,26.9120194],[75.7882021,26.9120194],[75.7882021,26.9120187],[75.7882005,26.9120187],[75.7882005,26.912018],[75.7881997,26.912018],[75.7881997,26.9120172],[75.7881989,26.9120172],[75.7881989,26.9120165],[75.7881981,26.9120165],[75.7881981,26.9120158],[75.7881973,26.9120158],[75.7881972,26.9120151],[75.7881964,26.9120151],[75.7881964,26.9120144],[75.7881956,26.9120144],[75.7881956,26.9120129],[75.7881948,26.9120129],[75.7881948,26.9120122],[75.788194,26.9120122],[75.788194,26.9120115],[75.7881916,26.9120115],[75.7881916,26.9120108],[75.7881908,26.9120108],[75.7881908,26.9120101],[75.7881892,26.9120101],[75.7881892,26.9120094],[75.7881883,26.9120094],[75.7881883,26.9120086],[75.7881867,26.9120086],[75.7881867,26.9120079],[75.7881859,26.9120079],[75.7881859,26.9120072],[75.7881851,26.9120072],[75.7881851,26.9120065],[75.7881827,26.9120065],[75.7881827,26.9120072],[75.7881811,26.9120072],[75.7881811,26.912008],[75.7881795,26.912008],[75.7881795,26.9120087],[75.7881763,26.9120087],[75.7881763,26.9120094],[75.7881722,26.9120094],[75.7881722,26.9120087],[75.7881706,26.9120087],[75.7881706,26.912008],[75.788169,26.912008],[75.788169,26.9120073],[75.7881674,26.9120073],[75.7881674,26.9120066],[75.7881658,26.9120066],[75.7881658,26.9120059],[75.7881642,26.9120059],[75.7881641,26.9120052],[75.7881617,26.9120052],[75.7881617,26.9120045],[75.7881601,26.9120045],[75.7881601,26.9120052],[75.7881593,26.9120052],[75.7881593,26.9120045],[75.7881585,26.9120045],[75.7881585,26.9120016],[75.7881577,26.9120016],[75.7881577,26.9120009],[75.7881553,26.9120009],[75.7881553,26.912003],[75.7881561,26.912003],[75.7881561,26.9120067],[75.7881569,26.9120066],[75.7881569,26.9120081],[75.7881577,26.9120081],[75.7881577,26.9120095],[75.7881593,26.9120095],[75.7881593,26.9120102],[75.7881585,26.9120102],[75.7881585,26.912011],[75.7881569,26.912011],[75.7881569,26.9120117],[75.7881561,26.9120117],[75.7881561,26.9120124],[75.7881569,26.9120124],[75.788157,26.9120131],[75.7881586,26.9120131],[75.7881586,26.9120175],[75.7881578,26.9120175],[75.7881578,26.9120182],[75.788157,26.9120182],[75.788157,26.9120204],[75.7881578,26.9120204],[75.7881578,26.9120211],[75.7881594,26.9120211],[75.7881594,26.9120218],[75.7881627,26.9120218],[75.7881627,26.9120225],[75.7881643,26.9120225],[75.7881643,26.9120232],[75.7881651,26.9120232],[75.7881651,26.9120239],[75.7881659,26.9120239],[75.7881659,26.9120268],[75.7881667,26.9120268],[75.7881667,26.9120304],[75.7881675,26.9120304],[75.7881676,26.9120326],[75.7881684,26.9120326],[75.7881684,26.9120333],[75.7881692,26.9120333],[75.7881692,26.9120347],[75.78817,26.9120347],[75.78817,26.9120362],[75.7881708,26.9120362],[75.7881708,26.9120376],[75.7881716,26.9120376],[75.7881716,26.9120391],[75.7881724,26.9120391],[75.7881724,26.9120398],[75.7881732,26.9120398],[75.7881733,26.9120405],[75.7881741,26.9120405],[75.7881741,26.9120419],[75.7881749,26.9120419],[75.7881749,26.9120427],[75.7881757,26.9120427],[75.7881757,26.9120441],[75.7881765,26.9120441],[75.7881765,26.9120448],[75.7881773,26.9120448],[75.7881773,26.9120455],[75.7881781,26.9120455],[75.7881781,26.912047],[75.7881789,26.912047],[75.7881789,26.9120477],[75.7881798,26.9120477],[75.7881798,26.9120491],[75.7881806,26.9120491],[75.7881806,26.9120498],[75.7881814,26.9120498],[75.7881814,26.9120513],[75.7881822,26.9120513],[75.7881822,26.912052],[75.788183,26.912052],[75.788183,26.9120534],[75.7881838,26.9120534],[75.7881838,26.9120549],[75.7881846,26.9120549],[75.7881846,26.9120563],[75.7881854,26.9120563],[75.7881855,26.9120578],[75.7881863,26.9120578],[75.7881863,26.9120592],[75.7881871,26.9120592],[75.7881871,26.9120599],[75.7881879,26.9120599],[75.7881879,26.9120614],[75.7881887,26.9120614],[75.7881887,26.9120621],[75.7881895,26.9120621],[75.7881895,26.9120628],[75.7881903,26.9120628],[75.7881903,26.9120635],[75.7881911,26.9120635],[75.7881911,26.9120642],[75.7881928,26.9120642],[75.7881928,26.9120649],[75.7881952,26.9120649],[75.7881952,26.9120642],[75.7881968,26.9120642],[75.7881968,26.9120635],[75.7881984,26.9120635],[75.7881984,26.9120627],[75.7882,26.9120627],[75.7882,26.912062],[75.7882016,26.912062],[75.7882016,26.9120613],[75.7882072,26.9120613],[75.7882072,26.912062],[75.788208,26.912062],[75.7882081,26.9120627],[75.7882089,26.9120627],[75.7882089,26.9120634],[75.7882097,26.9120634],[75.7882097,26.9120641],[75.7882105,26.9120641],[75.7882105,26.9120656],[75.7882113,26.9120656],[75.7882113,26.912067],[75.7882121,26.912067],[75.7882121,26.9120685],[75.7882129,26.9120684],[75.7882129,26.9120699],[75.7882137,26.9120699],[75.7882138,26.9120713],[75.7882146,26.9120713],[75.7882146,26.912072],[75.7882154,26.912072],[75.7882154,26.9120742],[75.7882162,26.9120742],[75.7882162,26.9120757],[75.788217,26.9120756],[75.788217,26.9120764],[75.7882178,26.9120764],[75.7882178,26.9120771],[75.7882186,26.9120771],[75.7882186,26.9120792],[75.7882194,26.9120792],[75.7882195,26.9120821],[75.7882187,26.9120821],[75.7882187,26.9120829],[75.7882179,26.9120829],[75.7882179,26.9120843],[75.7882163,26.9120843],[75.7882163,26.912085],[75.7882147,26.912085],[75.7882147,26.9120858],[75.7882139,26.9120858],[75.7882139,26.9120865],[75.7882131,26.9120865],[75.7882131,26.9120887],[75.7882123,26.9120887],[75.7882123,26.9120923],[75.7882131,26.9120923],[75.7882131,26.9120937],[75.7882139,26.9120937],[75.7882139,26.9120952],[75.7882155,26.9120952],[75.7882155,26.9120973],[75.7882163,26.9120973],[75.7882164,26.9120988],[75.7882172,26.9120988],[75.7882172,26.9120995],[75.788218,26.9120995],[75.788218,26.9121002],[75.7882188,26.9121002],[75.7882188,26.9121009],[75.7882196,26.9121009],[75.7882196,26.9121016],[75.788222,26.9121016],[75.788222,26.9121023],[75.7882228,26.9121023],[75.7882228,26.9121031],[75.7882261,26.912103]]]}},{"type":"Feature","properties":{"building_id":"B-0063","vertices":344},"geometry":{"type":"Polygon","coordinates":[[[75.7875227,26.911982],[75.7875227,26.9119813],[75.7875259,26.9119813],[75.7875259,26.9119806],[75.7875275,26.9119805],[75.7875275,26.9119791],[75.7875283,26.9119791],[75.7875283,26.9119777],[75.7875299,26.9119776],[75.7875299,26.9119769],[75.7875323,26.9119769],[75.7875323,26.9119762],[75.7875331,26.9119762],[75.7875331,26.9119755],[75.7875339,26.9119755],[75.7875339,26.9119747],[75.7875347,26.9119747],[75.7875347,26.911974],[75.7875355,26.911974],[75.7875355,26.9119733],[75.7875363,26.9119733],[75.7875363,26.9119726],[75.7875371,26.9119725],[75.7875371,26.9119711],[75.7875387,26.9119711],[75.7875387,26.9119704],[75.7875395,26.9119704],[75.7875395,26.9119696],[75.7875403,26.9119696],[75.7875403,26.9119689],[75.7875411,26.9119689],[75.7875411,26.9119682],[75.7875419,26.9119682],[75.7875419,26.9119675],[75.7875427,26.9119675],[75.7875427,26.9119667],[75.7875435,26.9119667],[75.7875435,26.911966],[75.7875443,26.911966],[75.7875443,26.9119653],[75.7875451,26.9119653],[75.7875451,26.9119646],[75.7875459,26.9119646],[75.7875459,26.9119638],[75.7875467,26.9119638],[75.7875467,26.9119631],[75.7875475,26.9119631],[75.7875475,26.9119624],[75.7875483,26.9119624],[75.7875483,26.9119617],[75.7875491,26.9119616],[75.7875491,26.9119609],[75.7875499,26.9119609],[75.7875499,26.9119602],[75.7875507,26.9119602],[75.7875507,26.9119595],[75.7875523,26.9119595],[75.7875523,26.9119587],[75.7875531,26.9119587],[75.7875531,26.911958],[75.7875547,26.911958],[75.7875547,26.9119573],[75.7875555,26.9119573],[75.7875555,26.9119566],[75.7875563,26.9119565],[75.7875563,26.9119551],[75.7875579,26.9119551],[75.7875579,26.9119544],[75.7875587,26.9119544],[75.7875587,26.9119536],[75.7875595,26.9119536],[75.7875595,26.9119529],[75.7875603,26.9119529],[75.7875603,26.9119515],[75.7875619,26.9119515],[75.7875619,26.9119507],[75.7875627,26.9119507],[75.7875627,26.91195],[75.7875636,26.91195],[75.7875635,26.9119493],[75.7875644,26.9119493],[75.7875643,26.9119486],[75.7875668,26.9119485],[75.7875668,26.9119493],[75.7875692,26.9119493],[75.7875692,26.9119485],[75.78757,26.9119485],[75.78757,26.9119478],[75.7875708,26.9119478],[75.7875708,26.9119471],[75.7875716,26.9119471],[75.7875716,26.9119464],[75.7875724,26.9119463],[75.7875724,26.9119456],[75.7875732,26.9119456],[75.7875732,26.9119449],[75.787574,26.9119449],[75.787574,26.9119442],[75.7875748,26.9119442],[75.7875748,26.9119434],[75.7875764,26.9119434],[75.7875764,26.9119427],[75.7875772,26.9119427],[75.7875772,26.911942],[75.787578,26.911942],[75.787578,26.9119413],[75.7875796,26.9119413],[75.7875796,26.9119398],[75.7875804,26.9119398],[75.7875804,26.9119362],[75.7875796,26.9119362],[75.7875796,26.9119355],[75.7875788,26.9119355],[75.7875787,26.911934],[75.7875779,26.911934],[75.7875779,26.9119326],[75.7875771,26.9119326],[75.7875771,26.9119312],[75.7875763,26.9119312],[75.7875763,26.9119304],[75.7875747,26.9119304],[75.7875747,26.9119297],[75.7875739,26.9119297],[75.7875739,26.9119283],[75.7875731,26.9119283],[75.787573,26.9119254],[75.7875722,26.9119254],[75.7875722,26.911924],[75.7875714,26.911924],[75.7875714,26.9119232],[75.7875706,26.9119232],[75.7875706,26.9119225],[75.7875698,26.9119225],[75.7875698,26.9119218],[75.787569,26.9119218],[75.787569,26.9119204],[75.7875682,26.9119204],[75.7875682,26.9119168],[75.7875673,26.9119168],[75.7875673,26.911916],[75.7875665,26.911916],[75.7875665,26.9119153],[75.7875657,26.9119153],[75.7875657,26.9119146],[75.7875641,26.9119146],[75.7875641,26.9119139],[75.7875625,26.9119139],[75.7875625,26.9119132],[75.7875617,26.9119132],[75.7875617,26.9119117],[75.7875609,26.9119117],[75.7875609,26.911911],[75.7875601,26.911911],[75.7875601,26.9119103],[75.7875592,26.9119103],[75.7875592,26.9119096],[75.7875584,26.9119096],[75.7875584,26.9119081],[75.7875576,26.9119082],[75.7875576,26.9119067],[75.7875568,26.9119067],[75.7875568,26.911906],[75.7875552,26.911906],[75.7875552,26.9119053],[75.7875544,26.9119053],[75.7875544,26.9119038],[75.7875536,26.9119038],[75.7875536,26.9119031],[75.7875528,26.9119031],[75.7875527,26.9119024],[75.7875487,26.9119024],[75.7875487,26.911901],[75.7875479,26.911901],[75.7875479,26.9119003],[75.7875447,26.9119003],[75.7875447,26.9118996],[75.7875439,26.9118996],[75.7875439,26.9118988],[75.7875422,26.9118988],[75.7875422,26.9118981],[75.7875302,26.9118982],[75.7875302,26.9118989],[75.7875277,26.9118989],[75.7875278,26.9118997],[75.7875269,26.9118997],[75.787527,26.9119004],[75.7875253,26.9119004],[75.7875253,26.9119011],[75.7875245,26.9119011],[75.7875245,26.9119018],[75.7875237,26.9119018],[75.7875237,26.9119026],[75.7875221,26.9119026],[75.7875221,26.9119033],[75.7875213,26.9119033],[75.7875213,26.911904],[75.7875205,26.911904],[75.7875205,26.9119047],[75.7875197,26.9119048],[75.7875197,26.9119055],[75.7875189,26.9119055],[75.7875189,26.9119069],[75.7875181,26.9119069],[75.7875182,26.9119098],[75.7875173,26.9119098],[75.7875174,26.9119105],[75.7875165,26.9119105],[75.7875166,26.911912],[75.7875158,26.911912],[75.7875158,26.9119127],[75.7875141,26.9119127],[75.7875142,26.9119134],[75.7875133,26.9119135],[75.7875134,26.9119142],[75.7875117,26.9119142],[75.7875117,26.9119149],[75.7875109,26.9119149],[75.7875109,26.9119156],[75.7875101,26.9119156],[75.7875101,26.9119164],[75.7875093,26.9119164],[75.7875093,26.9119171],[75.7875085,26.9119171],[75.7875085,26.9119178],[75.7875077,26.9119178],[75.7875077,26.9119185],[75.7875061,26.9119186],[75.7875061,26.9119193],[75.7875053,26.9119193],[75.7875053,26.91192],[75.7875045,26.91192],[75.7875045,26.9119207],[75.7875021,26.9119207],[75.7875021,26.9119215],[75.7875005,26.9119215],[75.7875005,26.9119207],[75.7874965,26.9119208],[75.7874965,26.9119222],[75.7874973,26.9119222],[75.7874973,26.9119251],[75.7874965,26.9119251],[75.7874965,26.9119258],[75.7874957,26.9119258],[75.7874957,26.9119266],[75.7874949,26.9119266],[75.7874949,26.9119273],[75.7874941,26.9119273],[75.7874941,26.911928],[75.7874933,26.911928],[75.7874933,26.9119287],[75.7874909,26.9119287],[75.7874909,26.9119295],[75.7874893,26.9119295],[75.7874893,26.9119288],[75.7874885,26.9119288],[75.7874885,26.9119295],[75.7874877,26.9119295],[75.7874877,26.9119324],[75.7874869,26.9119324],[75.7874869,26.911936],[75.7874877,26.911936],[75.7874877,26.9119367],[75.7874885,26.9119367],[75.7874885,26.9119389],[75.7874894,26.9119389],[75.7874894,26.9119396],[75.7874902,26.9119396],[75.7874902,26.9119403],[75.787491,26.9119403],[75.787491,26.9119425],[75.7874918,26.9119425],[75.7874918,26.9119432],[75.7874926,26.9119432],[75.7874926,26.9119439],[75.7874934,26.9119439],[75.7874934,26.9119446],[75.7874942,26.9119446],[75.7874942,26.9119461],[75.787495,26.9119461],[75.787495,26.9119468],[75.7874959,26.9119468],[75.7874959,26.9119475],[75.7874967,26.9119475],[75.7874967,26.9119489],[75.7874975,26.9119489],[75.7874975,26.9119497],[75.7874983,26.9119497],[75.7874983,26.9119511],[75.7874991,26.9119511],[75.7874991,26.9119518],[75.7874999,26.9119518],[75.7874999,26.9119533],[75.7875007,26.9119532],[75.7875007,26.9119547],[75.7875015,26.9119547],[75.7875016,26.9119554],[75.7875024,26.9119554],[75.7875024,26.9119561],[75.7875032,26.9119561],[75.7875032,26.9119568],[75.787504,26.9119568],[75.787504,26.9119583],[75.7875048,26.9119583],[75.7875048,26.911959],[75.7875056,26.911959],[75.7875056,26.9119626],[75.7875064,26.9119626],[75.7875065,26.9119677],[75.7875073,26.9119677],[75.7875073,26.9119691],[75.7875081,26.9119691],[75.7875081,26.9119705],[75.7875089,26.9119705],[75.7875089,26.9119713],[75.7875097,26.9119713],[75.7875097,26.9119727],[75.7875105,26.9119727],[75.7875105,26.9119741],[75.7875113,26.9119741],[75.7875114,26.9119749],[75.7875122,26.9119749],[75.7875122,26.9119763],[75.787513,26.9119763],[75.787513,26.911977],[75.7875138,26.911977],[75.7875138,26.9119777],[75.7875162,26.9119777],[75.7875162,26.911977],[75.787517,26.911977],[75.787517,26.9119763],[75.7875234,26.9119762],[75.7875235,26.9119777],[75.7875227,26.9119777],[75.7875227,26.9119784],[75.7875219,26.9119784],[75.7875219,26.9119791],[75.7875186,26.9119791],[75.7875186,26.9119799],[75.7875178,26.9119799],[75.7875178,26.9119806],[75.7875186,26.9119806],[75.7875187,26.9119813],[75.7875219,26.9119813],[75.7875219,26.911982],[75.7875227,26.911982]]]}},{"type":"Feature","properties":{"building_id":"B-0062","vertices":452},"geometry":{"type":"Polygon","coordinates":[[[75.7878418,26.9119932],[75.7878418,26.9119925],[75.7878434,26.9119925],[75.7878434,26.9119918],[75.7878442,26.9119918],[75.7878442,26.9119911],[75.787845,26.9119911],[75.787845,26.9119903],[75.7878458,26.9119903],[75.7878458,26.9119896],[75.7878466,26.9119896],[75.7878466,26.9119889],[75.7878474,26.9119889],[75.7878474,26.9119881],[75.7878482,26.9119881],[75.7878482,26.9119874],[75.787849,26.9119874],[75.787849,26.9119867],[75.7878498,26.9119867],[75.7878498,26.911986],[75.7878506,26.911986],[75.7878506,26.9119852],[75.7878514,26.9119852],[75.7878514,26.9119845],[75.7878522,26.9119845],[75.7878522,26.9119831],[75.787853,26.9119831],[75.787853,26.9119823],[75.7878538,26.9119823],[75.7878538,26.9119816],[75.7878546,26.9119816],[75.7878546,26.9119809],[75.7878554,26.9119809],[75.7878554,26.9119802],[75.7878562,26.9119802],[75.7878562,26.9119794],[75.787857,26.9119794],[75.787857,26.9119787],[75.7878578,26.9119787],[75.7878578,26.911978],[75.7878586,26.911978],[75.7878586,26.9119773],[75.7878594,26.9119772],[75.7878594,26.9119765],[75.7878602,26.9119765],[75.7878602,26.9119758],[75.787861,26.9119758],[75.787861,26.9119736],[75.7878618,26.9119736],[75.7878618,26.9119722],[75.7878626,26.9119722],[75.7878626,26.9119715],[75.7878634,26.9119714],[75.7878634,26.9119707],[75.7878626,26.9119707],[75.7878626,26.9119693],[75.7878618,26.9119693],[75.7878618,26.9119678],[75.787861,26.9119679],[75.787861,26.9119671],[75.7878618,26.9119671],[75.7878618,26.9119657],[75.7878634,26.9119657],[75.7878634,26.9119649],[75.7878642,26.9119649],[75.7878642,26.9119635],[75.787865,26.9119635],[75.7878649,26.9119621],[75.7878658,26.911962],[75.7878657,26.9119606],[75.7878666,26.9119606],[75.7878665,26.9119599],[75.7878674,26.9119599],[75.7878673,26.9119584],[75.7878681,26.9119584],[75.7878681,26.911957],[75.7878689,26.911957],[75.7878689,26.9119563],[75.7878697,26.9119562],[75.7878697,26.9119555],[75.7878705,26.9119555],[75.7878705,26.9119548],[75.7878697,26.9119548],[75.7878697,26.9119541],[75.7878649,26.9119541],[75.7878649,26.9119548],[75.7878617,26.9119548],[75.7878617,26.9119563],[75.7878625,26.9119563],[75.7878625,26.9119577],[75.7878617,26.9119577],[75.7878617,26.9119585],[75.7878609,26.9119585],[75.7878609,26.9119592],[75.7878601,26.9119592],[75.7878601,26.9119585],[75.7878593,26.9119585],[75.7878593,26.9119577],[75.7878585,26.9119578],[75.7878584,26.9119527],[75.7878601,26.9119527],[75.78786,26.911952],[75.7878609,26.911952],[75.7878608,26.9119512],[75.7878617,26.9119512],[75.7878616,26.9119498],[75.7878624,26.9119498],[75.7878624,26.9119491],[75.7878632,26.9119491],[75.7878632,26.9119476],[75.787864,26.9119476],[75.787864,26.9119469],[75.7878648,26.9119469],[75.7878648,26.9119462],[75.7878656,26.9119462],[75.7878656,26.9119454],[75.7878664,26.9119454],[75.7878664,26.9119447],[75.7878672,26.9119447],[75.7878672,26.911944],[75.787868,26.911944],[75.787868,26.9119433],[75.7878688,26.9119433],[75.7878688,26.9119418],[75.7878696,26.9119418],[75.7878696,26.9119404],[75.7878704,26.9119404],[75.7878704,26.9119396],[75.7878712,26.9119396],[75.7878712,26.9119389],[75.787872,26.9119389],[75.787872,26.9119382],[75.7878728,26.9119382],[75.7878728,26.9119367],[75.7878736,26.9119367],[75.7878736,26.911936],[75.7878744,26.911936],[75.7878744,26.9119353],[75.7878752,26.9119353],[75.7878752,26.9119345],[75.787876,26.9119345],[75.787876,26.9119338],[75.7878768,26.9119338],[75.7878768,26.9119331],[75.7878784,26.9119331],[75.7878784,26.9119316],[75.7878792,26.9119316],[75.7878792,26.9119302],[75.78788,26.9119302],[75.78788,26.9119251],[75.7878792,26.9119251],[75.7878792,26.9119244],[75.7878784,26.9119244],[75.7878784,26.9119237],[75.7878776,26.9119237],[75.7878776,26.911923],[75.7878768,26.911923],[75.7878768,26.9119223],[75.787876,26.9119223],[75.7878759,26.9119215],[75.7878743,26.9119216],[75.7878743,26.9119208],[75.7878727,26.9119208],[75.7878727,26.9119201],[75.7878719,26.9119201],[75.7878719,26.9119187],[75.7878711,26.9119187],[75.7878711,26.911918],[75.7878695,26.911918],[75.7878695,26.9119172],[75.7878679,26.9119173],[75.7878679,26.9119165],[75.7878671,26.9119165],[75.787867,26.9119151],[75.7878662,26.9119151],[75.7878662,26.9119144],[75.7878654,26.9119144],[75.7878654,26.9119137],[75.7878638,26.9119137],[75.7878638,26.9119129],[75.7878622,26.911913],[75.7878622,26.9119122],[75.7878614,26.9119122],[75.7878614,26.9119115],[75.7878598,26.9119115],[75.7878598,26.9119108],[75.787859,26.9119108],[75.7878589,26.9119094],[75.7878573,26.9119094],[75.7878573,26.9119086],[75.7878565,26.9119087],[75.7878565,26.9119079],[75.7878557,26.9119079],[75.7878557,26.9119065],[75.7878549,26.9119065],[75.7878549,26.9119058],[75.7878533,26.9119058],[75.7878533,26.9119051],[75.7878517,26.9119051],[75.7878517,26.9119043],[75.78785,26.9119044],[75.78785,26.9119036],[75.7878484,26.9119036],[75.7878484,26.9119029],[75.7878468,26.9119029],[75.7878468,26.9119022],[75.787846,26.9119022],[75.787846,26.9119015],[75.7878396,26.9119015],[75.7878396,26.9119022],[75.7878388,26.9119022],[75.7878388,26.911903],[75.787838,26.911903],[75.787838,26.9119037],[75.7878372,26.9119037],[75.7878372,26.9119044],[75.7878364,26.9119044],[75.7878364,26.9119059],[75.7878356,26.9119059],[75.7878356,26.9119066],[75.7878348,26.9119066],[75.7878348,26.911908],[75.787834,26.9119081],[75.787834,26.9119088],[75.7878332,26.9119088],[75.7878332,26.9119095],[75.7878324,26.9119095],[75.7878324,26.9119102],[75.7878316,26.9119102],[75.7878316,26.911911],[75.7878308,26.911911],[75.7878308,26.9119117],[75.78783,26.9119117],[75.78783,26.9119124],[75.7878292,26.9119124],[75.7878292,26.9119131],[75.7878284,26.9119131],[75.7878284,26.9119139],[75.7878276,26.9119139],[75.7878276,26.9119146],[75.7878268,26.9119146],[75.7878268,26.911916],[75.787826,26.911916],[75.787826,26.9119168],[75.7878252,26.9119168],[75.7878252,26.9119175],[75.7878244,26.9119175],[75.7878244,26.9119182],[75.7878236,26.9119182],[75.7878236,26.9119189],[75.7878228,26.911919],[75.7878228,26.9119197],[75.787822,26.9119197],[75.787822,26.9119204],[75.7878212,26.9119204],[75.7878212,26.9119211],[75.7878195,26.9119211],[75.7878196,26.9119219],[75.7878187,26.9119219],[75.7878188,26.9119226],[75.7878179,26.9119226],[75.787818,26.911924],[75.7878172,26.911924],[75.7878172,26.9119248],[75.7878164,26.9119248],[75.7878164,26.9119255],[75.7878156,26.9119255],[75.7878156,26.9119262],[75.7878147,26.9119262],[75.7878148,26.9119269],[75.7878139,26.9119269],[75.787814,26.9119277],[75.7878131,26.9119277],[75.7878132,26.9119291],[75.7878124,26.9119291],[75.7878124,26.9119298],[75.7878116,26.9119298],[75.7878116,26.9119306],[75.7878108,26.9119306],[75.7878108,26.9119313],[75.78781,26.9119313],[75.78781,26.911932],[75.7878092,26.911932],[75.7878092,26.9119327],[75.7878083,26.9119328],[75.7878084,26.9119335],[75.7878075,26.9119335],[75.7878076,26.9119342],[75.7878059,26.9119342],[75.787806,26.9119357],[75.7878051,26.9119357],[75.7878052,26.9119364],[75.7878043,26.9119364],[75.7878044,26.9119378],[75.7878036,26.9119378],[75.7878036,26.9119393],[75.7878028,26.9119393],[75.7878028,26.9119443],[75.7878036,26.9119443],[75.7878036,26.9119458],[75.7878044,26.9119458],[75.7878044,26.9119465],[75.7878052,26.9119465],[75.7878052,26.9119472],[75.787806,26.9119472],[75.787806,26.9119479],[75.7878068,26.9119479],[75.7878068,26.9119487],[75.7878077,26.9119486],[75.7878077,26.9119508],[75.7878085,26.9119508],[75.7878085,26.9119515],[75.7878101,26.9119515],[75.7878101,26.9119522],[75.7878109,26.9119522],[75.7878109,26.911953],[75.7878117,26.911953],[75.7878117,26.9119544],[75.7878085,26.9119544],[75.7878085,26.9119537],[75.7878077,26.9119537],[75.7878077,26.911953],[75.7878069,26.911953],[75.7878069,26.9119515],[75.7878061,26.9119515],[75.7878061,26.9119508],[75.7878028,26.9119508],[75.7878028,26.9119501],[75.787802,26.9119501],[75.787802,26.9119494],[75.7878012,26.9119494],[75.7878012,26.9119472],[75.787798,26.9119473],[75.787798,26.911948],[75.7877956,26.911948],[75.7877956,26.9119458],[75.7877939,26.9119458],[75.7877939,26.9119451],[75.7877931,26.9119451],[75.7877931,26.9119444],[75.7877915,26.9119444],[75.7877915,26.9119458],[75.7877907,26.9119459],[75.7877907,26.9119466],[75.7877891,26.9119466],[75.7877891,26.9119488],[75.7877907,26.9119487],[75.7877907,26.9119495],[75.7877891,26.9119495],[75.7877891,26.9119502],[75.7877883,26.9119502],[75.7877883,26.9119516],[75.7877891,26.9119516],[75.7877892,26.9119524],[75.78779,26.9119524],[75.78779,26.9119531],[75.7877908,26.9119531],[75.7877908,26.9119538],[75.7877916,26.9119538],[75.7877916,26.9119545],[75.7877924,26.9119545],[75.7877924,26.9119552],[75.7877932,26.9119552],[75.7877932,26.911956],[75.7877956,26.9119559],[75.7877956,26.9119567],[75.7877964,26.9119567],[75.7877964,26.9119574],[75.7877972,26.9119574],[75.7877972,26.9119581],[75.7877981,26.9119581],[75.7877981,26.9119595],[75.7877989,26.9119595],[75.7877989,26.9119603],[75.7877997,26.9119602],[75.7877997,26.911961],[75.7878005,26.911961],[75.7878005,26.9119624],[75.7878013,26.9119624],[75.7878013,26.9119631],[75.7878029,26.9119631],[75.7878029,26.9119638],[75.7878037,26.9119638],[75.7878037,26.9119646],[75.7878045,26.9119646],[75.7878045,26.9119653],[75.7878054,26.9119653],[75.7878054,26.911966],[75.7878062,26.911966],[75.7878062,26.9119667],[75.787807,26.9119667],[75.787807,26.9119682],[75.7878086,26.9119681],[75.7878086,26.9119696],[75.7878094,26.9119696],[75.7878094,26.9119703],[75.7878102,26.9119703],[75.7878102,26.911971],[75.787811,26.911971],[75.787811,26.9119717],[75.7878126,26.9119717],[75.7878127,26.9119725],[75.7878143,26.9119724],[75.7878143,26.9119732],[75.7878151,26.9119732],[75.7878151,26.9119739],[75.7878159,26.9119739],[75.7878159,26.9119746],[75.7878167,26.9119746],[75.7878167,26.9119753],[75.7878175,26.9119753],[75.7878175,26.911976],[75.7878183,26.911976],[75.7878183,26.9119775],[75.7878191,26.9119775],[75.7878191,26.9119782],[75.7878199,26.9119782],[75.7878199,26.9119789],[75.7878216,26.9119789],[75.7878216,26.9119796],[75.7878232,26.9119796],[75.7878232,26.9119803],[75.787824,26.9119803],[75.787824,26.9119818],[75.7878256,26.9119818],[75.7878256,26.9119825],[75.7878264,26.9119825],[75.7878264,26.9119839],[75.7878272,26.9119839],[75.7878272,26.9119847],[75.787828,26.9119846],[75.7878281,26.9119854],[75.7878289,26.9119854],[75.7878289,26.9119861],[75.7878297,26.9119861],[75.7878297,26.9119868],[75.7878313,26.9119868],[75.7878313,26.9119875],[75.7878321,26.9119875],[75.7878321,26.9119882],[75.7878329,26.9119882],[75.7878329,26.911989],[75.7878337,26.9119889],[75.7878337,26.9119897],[75.7878353,26.9119897],[75.7878353,26.9119904],[75.7878361,26.9119904],[75.7878361,26.9119911],[75.787837,26.9119911],[75.787837,26.9119925],[75.7878378,26.9119925],[75.7878378,26.9119933],[75.7878418,26.9119932]]]}},{"type":"Feature","properties":{"building_id":"B-0124","vertices":360},"geometry":{"type":"Polygon","coordinates":[[[75.7881635,26.911561],[75.7881635,26.9115603],[75.7881659,26.9115602],[75.7881659,26.9115588],[75.7881667,26.9115588],[75.7881667,26.9115581],[75.7881675,26.9115581],[75.7881675,26.9115573],[75.7881683,26.9115573],[75.7881683,26.9115552],[75.7881691,26.9115552],[75.7881691,26.9115516],[75.7881699,26.9115516],[75.7881698,26.9115501],[75.7881707,26.9115501],[75.7881706,26.9115487],[75.7881714,26.9115487],[75.7881714,26.9115465],[75.7881722,26.9115465],[75.7881722,26.9115443],[75.788173,26.9115443],[75.788173,26.9115429],[75.7881738,26.9115429],[75.7881738,26.9115414],[75.7881746,26.9115414],[75.7881746,26.91154],[75.7881754,26.91154],[75.7881754,26.9115392],[75.7881762,26.9115392],[75.7881762,26.9115378],[75.788177,26.9115378],[75.788177,26.9115363],[75.7881778,26.9115363],[75.7881778,26.9115349],[75.7881786,26.9115349],[75.7881786,26.9115327],[75.7881794,26.9115327],[75.7881794,26.911532],[75.7881802,26.911532],[75.7881802,26.9115313],[75.788181,26.9115313],[75.788181,26.9115298],[75.7881818,26.9115298],[75.7881818,26.9115284],[75.7881826,26.9115284],[75.7881826,26.9115269],[75.7881834,26.9115269],[75.7881834,26.9115248],[75.7881842,26.9115247],[75.7881842,26.911524],[75.7881858,26.911524],[75.7881858,26.9115226],[75.7881866,26.9115226],[75.7881866,26.911519],[75.7881857,26.911519],[75.7881857,26.9115175],[75.7881849,26.9115175],[75.7881849,26.9115182],[75.7881833,26.9115183],[75.7881833,26.9115175],[75.7881825,26.9115175],[75.7881825,26.9115161],[75.7881841,26.9115161],[75.7881841,26.9115168],[75.7881922,26.9115168],[75.7881922,26.9115175],[75.7881938,26.9115175],[75.7881938,26.9115182],[75.7881954,26.9115182],[75.7881954,26.9115189],[75.788197,26.9115189],[75.788197,26.9115182],[75.7881978,26.9115182],[75.7881978,26.9115174],[75.7881994,26.9115174],[75.7881994,26.9115167],[75.7882002,26.9115167],[75.7882002,26.911516],[75.788201,26.911516],[75.788201,26.9115153],[75.7882018,26.9115153],[75.7882018,26.9115138],[75.7882026,26.9115138],[75.7882026,26.9115124],[75.7882034,26.9115124],[75.7882034,26.9115116],[75.7882042,26.9115116],[75.7882042,26.9115087],[75.788205,26.9115087],[75.788205,26.911508],[75.7882058,26.911508],[75.7882058,26.9115073],[75.7882066,26.9115073],[75.7882066,26.9115058],[75.7882074,26.9115058],[75.7882074,26.9115051],[75.7882082,26.9115051],[75.7882082,26.9115037],[75.788209,26.9115037],[75.788209,26.9114979],[75.7882082,26.9114979],[75.7882081,26.9114964],[75.7882073,26.9114965],[75.7882073,26.9114957],[75.7882057,26.9114957],[75.7882057,26.911495],[75.7882049,26.911495],[75.7882049,26.9114936],[75.7882041,26.9114936],[75.7882041,26.9114921],[75.7882057,26.9114921],[75.7882057,26.9114914],[75.7882065,26.9114914],[75.7882065,26.9114907],[75.7882073,26.9114907],[75.7882073,26.9114885],[75.7882081,26.9114885],[75.7882081,26.9114863],[75.7882089,26.9114863],[75.7882089,26.9114842],[75.7882097,26.9114842],[75.7882097,26.9114834],[75.7882105,26.9114834],[75.7882105,26.911482],[75.7882113,26.911482],[75.7882113,26.9114813],[75.7882121,26.9114813],[75.7882121,26.9114805],[75.7882129,26.9114805],[75.7882129,26.9114791],[75.7882137,26.9114791],[75.7882136,26.9114711],[75.7882128,26.9114711],[75.7882128,26.9114704],[75.788212,26.9114704],[75.788212,26.9114697],[75.7882104,26.9114697],[75.7882104,26.911469],[75.7882088,26.911469],[75.7882088,26.9114683],[75.7882063,26.9114683],[75.7882063,26.9114676],[75.7882031,26.9114676],[75.7882031,26.9114669],[75.7882007,26.9114669],[75.7882007,26.9114662],[75.7881999,26.9114662],[75.7881999,26.9114654],[75.7881983,26.9114654],[75.7881983,26.9114647],[75.7881975,26.9114647],[75.7881974,26.911464],[75.7881958,26.911464],[75.7881958,26.9114633],[75.7881854,26.9114634],[75.7881854,26.9114648],[75.7881846,26.9114648],[75.7881846,26.9114655],[75.7881838,26.9114655],[75.7881838,26.9114662],[75.788183,26.9114663],[75.788183,26.911467],[75.7881822,26.911467],[75.7881822,26.9114677],[75.7881814,26.9114677],[75.7881814,26.9114692],[75.7881806,26.9114692],[75.7881806,26.9114706],[75.7881798,26.9114706],[75.7881798,26.9114713],[75.788179,26.9114713],[75.788179,26.9114728],[75.7881782,26.9114728],[75.7881782,26.9114742],[75.7881774,26.9114742],[75.7881774,26.9114757],[75.7881758,26.9114757],[75.7881758,26.9114764],[75.788175,26.9114764],[75.788175,26.9114771],[75.7881742,26.9114771],[75.7881742,26.9114779],[75.7881726,26.9114779],[75.7881726,26.9114793],[75.7881718,26.9114793],[75.7881718,26.9114822],[75.788171,26.9114822],[75.788171,26.9114829],[75.7881702,26.9114829],[75.7881702,26.9114837],[75.7881694,26.9114837],[75.7881694,26.9114851],[75.7881686,26.9114851],[75.7881686,26.9114866],[75.7881678,26.9114866],[75.7881678,26.911488],[75.788167,26.911488],[75.788167,26.9114887],[75.7881662,26.9114887],[75.7881662,26.9114895],[75.7881646,26.9114895],[75.7881646,26.9114902],[75.7881638,26.9114902],[75.7881638,26.9114916],[75.788163,26.9114916],[75.788163,26.9114924],[75.7881622,26.9114924],[75.7881622,26.9114931],[75.7881614,26.9114931],[75.7881614,26.9114938],[75.7881598,26.9114938],[75.7881598,26.9114953],[75.788159,26.9114953],[75.788159,26.911496],[75.7881582,26.911496],[75.7881582,26.9114967],[75.7881574,26.9114967],[75.7881574,26.9114975],[75.7881566,26.9114975],[75.7881566,26.9114982],[75.7881558,26.9114982],[75.7881558,26.9114989],[75.788155,26.9114989],[75.788155,26.9115004],[75.7881542,26.9115004],[75.7881542,26.9115011],[75.7881534,26.9115011],[75.7881534,26.9115018],[75.7881526,26.9115018],[75.7881526,26.9115025],[75.788151,26.9115025],[75.788151,26.911504],[75.7881502,26.911504],[75.7881502,26.9115047],[75.7881486,26.9115047],[75.7881486,26.9115054],[75.788147,26.9115055],[75.788147,26.9115062],[75.7881462,26.9115062],[75.7881462,26.9115076],[75.7881454,26.9115076],[75.7881454,26.9115084],[75.7881446,26.9115084],[75.7881446,26.9115091],[75.7881438,26.9115091],[75.7881438,26.9115098],[75.788143,26.9115098],[75.788143,26.9115105],[75.7881422,26.9115105],[75.7881422,26.9115113],[75.7881414,26.9115113],[75.7881414,26.911512],[75.7881406,26.911512],[75.7881406,26.9115127],[75.7881398,26.9115127],[75.7881398,26.9115134],[75.7881382,26.9115134],[75.7881382,26.9115142],[75.7881374,26.9115142],[75.7881374,26.9115156],[75.7881366,26.9115156],[75.7881366,26.9115163],[75.7881358,26.9115164],[75.7881358,26.9115171],[75.788135,26.9115171],[75.788135,26.9115178],[75.7881342,26.9115178],[75.7881342,26.9115185],[75.7881334,26.9115185],[75.7881334,26.9115193],[75.7881326,26.9115193],[75.7881326,26.91152],[75.7881318,26.91152],[75.7881318,26.9115207],[75.788131,26.9115207],[75.788131,26.9115214],[75.7881294,26.9115214],[75.7881294,26.9115222],[75.7881286,26.9115222],[75.7881286,26.9115236],[75.7881278,26.9115236],[75.7881278,26.9115243],[75.7881262,26.9115244],[75.7881262,26.9115251],[75.7881246,26.9115251],[75.7881246,26.9115258],[75.7881238,26.9115258],[75.7881238,26.911528],[75.788123,26.911528],[75.788123,26.9115287],[75.7881214,26.9115287],[75.7881214,26.9115294],[75.7881198,26.9115294],[75.7881198,26.9115302],[75.788119,26.9115302],[75.788119,26.9115323],[75.7881182,26.9115323],[75.7881182,26.9115381],[75.788119,26.9115381],[75.788119,26.9115403],[75.7881198,26.9115403],[75.7881198,26.911541],[75.7881206,26.911541],[75.7881206,26.9115417],[75.7881223,26.9115417],[75.7881223,26.9115424],[75.7881231,26.9115424],[75.7881231,26.9115431],[75.7881239,26.9115431],[75.7881239,26.9115439],[75.7881255,26.9115439],[75.7881255,26.9115446],[75.7881295,26.9115446],[75.7881295,26.9115453],[75.7881319,26.9115453],[75.788132,26.911546],[75.7881336,26.911546],[75.7881336,26.9115467],[75.7881344,26.9115467],[75.7881344,26.9115474],[75.7881352,26.9115474],[75.7881352,26.9115481],[75.7881376,26.9115481],[75.7881376,26.9115474],[75.7881384,26.9115474],[75.7881384,26.9115481],[75.78814,26.9115481],[75.78814,26.9115488],[75.7881416,26.9115488],[75.7881416,26.9115495],[75.7881441,26.9115495],[75.7881441,26.9115503],[75.7881465,26.9115502],[75.7881465,26.911551],[75.7881489,26.9115509],[75.7881489,26.9115517],[75.7881497,26.9115517],[75.7881497,26.9115524],[75.7881505,26.9115524],[75.7881505,26.9115531],[75.7881521,26.9115531],[75.7881522,26.9115538],[75.788153,26.9115538],[75.788153,26.9115545],[75.7881522,26.9115545],[75.7881522,26.911556],[75.788153,26.911556],[75.788153,26.9115567],[75.7881546,26.9115567],[75.7881546,26.9115574],[75.788157,26.9115574],[75.788157,26.9115581],[75.7881602,26.9115581],[75.7881602,26.9115588],[75.788161,26.9115588],[75.7881611,26.9115595],[75.7881619,26.9115595],[75.7881619,26.9115603],[75.7881627,26.9115603],[75.7881627,26.911561],[75.7881635,26.911561]]]}},{"type":"Feature","properties":{"building_id":"B-0101","vertices":202},"geometry":{"type":"Polygon","coordinates":[[[75.7875941,26.9117086],[75.7875941,26.9117079],[75.7876167,26.9117078],[75.7876166,26.911707],[75.7876191,26.911707],[75.7876191,26.9117063],[75.7876199,26.9117063],[75.7876199,26.9117056],[75.7876207,26.9117056],[75.7876207,26.9117048],[75.7876223,26.9117048],[75.7876223,26.9117041],[75.7876239,26.9117041],[75.7876239,26.9117034],[75.7876247,26.9117034],[75.7876247,26.9117027],[75.7876255,26.9117027],[75.7876255,26.9117019],[75.7876263,26.9117019],[75.7876263,26.9117012],[75.7876271,26.9117012],[75.7876271,26.9116998],[75.7876279,26.9116997],[75.7876279,26.9116983],[75.7876287,26.9116983],[75.7876286,26.9116925],[75.7876278,26.9116925],[75.7876278,26.9116867],[75.7876286,26.9116867],[75.7876286,26.9116846],[75.7876294,26.9116846],[75.7876294,26.9116831],[75.7876302,26.9116831],[75.7876302,26.9116817],[75.787631,26.9116817],[75.787631,26.9116802],[75.7876318,26.9116802],[75.7876318,26.9116788],[75.7876326,26.9116788],[75.7876326,26.9116773],[75.7876334,26.9116773],[75.7876334,26.9116759],[75.7876342,26.9116759],[75.7876341,26.9116744],[75.787635,26.9116744],[75.7876349,26.911665],[75.7876341,26.911665],[75.7876341,26.9116643],[75.7876333,26.9116643],[75.7876333,26.9116636],[75.7876325,26.9116636],[75.7876324,26.9116578],[75.7876316,26.9116578],[75.7876316,26.9116528],[75.7876324,26.9116528],[75.7876323,26.9116456],[75.7876315,26.9116456],[75.7876315,26.9116448],[75.7876307,26.9116448],[75.7876307,26.9116441],[75.7876299,26.9116441],[75.7876299,26.9116434],[75.7876283,26.9116434],[75.7876283,26.9116427],[75.7876275,26.9116427],[75.7876275,26.911642],[75.7876259,26.911642],[75.7876259,26.9116413],[75.7876242,26.9116413],[75.7876242,26.9116405],[75.7876218,26.9116406],[75.7876218,26.9116398],[75.787621,26.9116398],[75.787621,26.9116391],[75.7876202,26.9116391],[75.7876202,26.9116384],[75.7876186,26.9116384],[75.7876186,26.9116377],[75.7876178,26.9116377],[75.7876178,26.911637],[75.7876137,26.911637],[75.7876137,26.9116363],[75.7876073,26.9116363],[75.7876073,26.9116356],[75.7876049,26.9116356],[75.7876049,26.9116349],[75.7875976,26.9116349],[75.7875976,26.9116356],[75.7875944,26.9116357],[75.7875944,26.9116364],[75.7875912,26.9116364],[75.7875912,26.9116371],[75.787588,26.9116371],[75.787588,26.9116379],[75.7875847,26.9116379],[75.7875848,26.9116386],[75.7875831,26.9116386],[75.7875831,26.9116393],[75.7875823,26.9116393],[75.7875824,26.9116408],[75.7875815,26.9116408],[75.7875816,26.9116415],[75.7875807,26.9116415],[75.7875808,26.911643],[75.7875799,26.911643],[75.78758,26.9116437],[75.7875791,26.9116437],[75.7875792,26.9116459],[75.7875784,26.9116459],[75.7875784,26.9116473],[75.7875776,26.9116473],[75.7875776,26.9116488],[75.7875768,26.9116488],[75.7875768,26.9116509],[75.787576,26.9116509],[75.787576,26.9116516],[75.7875752,26.9116517],[75.7875752,26.9116538],[75.7875744,26.9116538],[75.7875744,26.9116574],[75.7875736,26.9116574],[75.7875736,26.9116611],[75.7875728,26.9116611],[75.7875728,26.9116625],[75.787572,26.9116625],[75.787572,26.9116632],[75.7875712,26.9116632],[75.7875712,26.911664],[75.7875704,26.911664],[75.7875704,26.9116654],[75.7875696,26.9116654],[75.7875696,26.9116661],[75.7875688,26.9116661],[75.7875688,26.9116669],[75.787568,26.9116669],[75.787568,26.9116683],[75.7875672,26.9116683],[75.7875672,26.911669],[75.7875664,26.911669],[75.7875664,26.9116698],[75.7875656,26.9116698],[75.7875656,26.9116712],[75.7875648,26.9116712],[75.7875648,26.9116719],[75.787564,26.9116719],[75.787564,26.9116727],[75.7875632,26.9116727],[75.7875632,26.9116741],[75.7875624,26.9116741],[75.7875625,26.9116756],[75.7875616,26.9116756],[75.7875617,26.9116777],[75.7875609,26.9116777],[75.7875609,26.9116806],[75.7875601,26.9116806],[75.7875601,26.9116886],[75.7875609,26.9116886],[75.7875609,26.9116907],[75.7875618,26.9116907],[75.7875618,26.9116922],[75.7875626,26.9116922],[75.7875626,26.9116936],[75.7875634,26.9116936],[75.7875634,26.9116943],[75.7875642,26.9116943],[75.7875642,26.911695],[75.7875658,26.911695],[75.7875658,26.9116958],[75.7875666,26.9116958],[75.7875666,26.9116965],[75.7875682,26.9116965],[75.7875682,26.9116972],[75.787569,26.9116972],[75.7875691,26.9116979],[75.7875699,26.9116979],[75.7875699,26.9116986],[75.7875707,26.9116986],[75.7875707,26.9116993],[75.7875715,26.9116993],[75.7875715,26.9117001],[75.7875723,26.9117001],[75.7875723,26.9117008],[75.7875731,26.9117008],[75.7875731,26.9117015],[75.7875739,26.9117015],[75.7875739,26.9117029],[75.7875747,26.9117029],[75.7875747,26.9117037],[75.7875755,26.9117037],[75.7875755,26.9117044],[75.7875772,26.9117044],[75.7875772,26.9117051],[75.787578,26.9117051],[75.787578,26.9117058],[75.7875804,26.9117058],[75.7875804,26.9117065],[75.787582,26.9117065],[75.787582,26.9117072],[75.7875844,26.9117072],[75.7875844,26.9117079],[75.7875868,26.9117079],[75.7875869,26.9117086],[75.7875941,26.9117086]]]}},{"type":"Feature","properties":{"building_id":"B-0122","vertices":326},"geometry":{"type":"Polygon","coordinates":[[[75.7879252,26.9115912],[75.7879252,26.9115905],[75.787926,26.9115905],[75.787926,26.9115897],[75.7879268,26.9115897],[75.7879268,26.911589],[75.7879276,26.911589],[75.7879276,26.9115883],[75.7879284,26.9115883],[75.7879284,26.9115876],[75.7879292,26.9115876],[75.7879292,26.9115868],[75.7879308,26.9115868],[75.7879308,26.9115861],[75.7879332,26.9115861],[75.7879332,26.9115854],[75.787934,26.9115854],[75.787934,26.9115846],[75.7879356,26.9115846],[75.7879356,26.9115839],[75.7879364,26.9115839],[75.7879364,26.9115832],[75.7879381,26.9115832],[75.787938,26.9115825],[75.7879389,26.9115825],[75.7879388,26.9115817],[75.7879397,26.9115817],[75.7879396,26.911581],[75.7879413,26.911581],[75.7879413,26.9115803],[75.7879421,26.9115803],[75.7879421,26.9115795],[75.7879429,26.9115795],[75.7879429,26.9115788],[75.7879437,26.9115788],[75.7879437,26.9115781],[75.7879461,26.9115781],[75.7879461,26.9115774],[75.7879469,26.9115774],[75.7879469,26.9115766],[75.7879477,26.9115766],[75.7879477,26.9115759],[75.7879485,26.9115759],[75.7879485,26.9115752],[75.7879493,26.9115752],[75.7879493,26.9115737],[75.7879501,26.9115737],[75.7879501,26.9115723],[75.7879509,26.9115723],[75.7879509,26.9115716],[75.7879517,26.9115715],[75.7879516,26.9115687],[75.7879525,26.9115687],[75.7879524,26.9115665],[75.7879476,26.9115665],[75.7879476,26.9115658],[75.7879468,26.9115658],[75.7879468,26.9115651],[75.787946,26.9115651],[75.787946,26.9115644],[75.7879452,26.9115644],[75.7879452,26.9115622],[75.787946,26.9115622],[75.7879459,26.9115593],[75.7879443,26.9115593],[75.7879443,26.91156],[75.7879427,26.91156],[75.7879427,26.9115586],[75.7879411,26.9115586],[75.7879411,26.9115579],[75.7879403,26.9115579],[75.7879403,26.9115564],[75.7879387,26.9115565],[75.7879387,26.911555],[75.7879379,26.911555],[75.7879378,26.9115536],[75.787937,26.9115536],[75.787937,26.9115507],[75.7879362,26.9115507],[75.7879362,26.91155],[75.7879354,26.91155],[75.7879354,26.9115492],[75.7879346,26.9115493],[75.7879346,26.9115478],[75.7879338,26.9115478],[75.7879338,26.9115456],[75.787933,26.9115457],[75.787933,26.9115449],[75.7879313,26.9115449],[75.7879313,26.9115442],[75.7879305,26.9115442],[75.7879305,26.9115435],[75.7879297,26.9115435],[75.7879297,26.9115406],[75.7879289,26.9115406],[75.7879289,26.9115392],[75.7879281,26.9115392],[75.7879281,26.911537],[75.7879273,26.911537],[75.7879272,26.9115356],[75.7879264,26.9115356],[75.7879264,26.9115327],[75.7879272,26.9115327],[75.7879272,26.9115312],[75.787928,26.9115312],[75.787928,26.9115305],[75.7879288,26.9115305],[75.7879288,26.9115291],[75.7879296,26.9115291],[75.7879296,26.9115262],[75.7879288,26.9115262],[75.7879288,26.9115211],[75.787928,26.9115211],[75.7879279,26.9115168],[75.7879271,26.9115168],[75.7879271,26.9115096],[75.7879279,26.9115096],[75.7879279,26.9115067],[75.787927,26.9115067],[75.787927,26.9115045],[75.7879262,26.9115045],[75.7879262,26.9115009],[75.7879254,26.9115009],[75.7879254,26.911498],[75.7879246,26.911498],[75.7879246,26.9114966],[75.7879238,26.9114966],[75.7879237,26.9114959],[75.7879197,26.9114959],[75.7879197,26.9114944],[75.7879189,26.9114944],[75.7879189,26.9114901],[75.7879197,26.9114901],[75.7879197,26.9114879],[75.7879205,26.9114879],[75.7879204,26.9114814],[75.7879196,26.9114814],[75.7879196,26.9114807],[75.7879132,26.9114808],[75.7879132,26.9114815],[75.7879116,26.9114815],[75.7879116,26.9114822],[75.7879083,26.9114822],[75.7879084,26.911483],[75.7879075,26.911483],[75.7879076,26.9114837],[75.7879059,26.9114837],[75.7879059,26.9114844],[75.7879035,26.9114844],[75.7879035,26.9114851],[75.7879003,26.9114852],[75.7879003,26.9114859],[75.7878987,26.9114859],[75.7878987,26.9114866],[75.7878963,26.9114866],[75.7878963,26.9114874],[75.7878947,26.9114874],[75.7878947,26.9114881],[75.7878931,26.9114881],[75.7878931,26.9114888],[75.7878907,26.9114888],[75.7878907,26.9114896],[75.7878899,26.9114896],[75.7878899,26.9114903],[75.7878891,26.9114903],[75.7878891,26.911491],[75.7878875,26.911491],[75.7878875,26.9114917],[75.7878867,26.9114917],[75.7878867,26.9114925],[75.7878859,26.9114925],[75.7878859,26.9114932],[75.7878851,26.9114932],[75.7878851,26.9114939],[75.7878835,26.9114939],[75.7878835,26.9114946],[75.7878818,26.9114947],[75.7878819,26.9114954],[75.7878802,26.9114954],[75.7878802,26.9114961],[75.7878778,26.9114961],[75.7878778,26.9114968],[75.7878762,26.9114969],[75.7878762,26.9114976],[75.7878746,26.9114976],[75.7878746,26.9114983],[75.7878738,26.9114983],[75.7878738,26.911499],[75.7878722,26.911499],[75.7878722,26.9115005],[75.7878714,26.9115005],[75.7878714,26.9115012],[75.7878706,26.9115012],[75.7878706,26.9115027],[75.7878698,26.9115027],[75.7878699,26.9115077],[75.7878707,26.9115077],[75.7878707,26.9115099],[75.7878715,26.9115099],[75.7878715,26.911512],[75.7878723,26.911512],[75.7878723,26.9115135],[75.7878731,26.9115135],[75.7878731,26.9115149],[75.7878739,26.9115149],[75.7878739,26.9115164],[75.7878747,26.9115164],[75.7878748,26.9115171],[75.7878764,26.9115171],[75.7878764,26.9115178],[75.7878844,26.9115178],[75.7878844,26.9115185],[75.7878852,26.9115185],[75.7878852,26.9115199],[75.787886,26.9115199],[75.7878861,26.9115214],[75.7878869,26.9115214],[75.7878869,26.9115228],[75.7878877,26.9115228],[75.7878877,26.9115242],[75.7878885,26.9115242],[75.7878885,26.9115257],[75.7878893,26.9115257],[75.7878893,26.9115264],[75.7878901,26.9115264],[75.7878901,26.9115293],[75.7878909,26.9115293],[75.787891,26.9115307],[75.7878918,26.9115307],[75.7878918,26.9115314],[75.7878926,26.9115314],[75.7878926,26.9115322],[75.7878934,26.9115321],[75.7878934,26.9115336],[75.7878942,26.9115336],[75.7878942,26.9115358],[75.787895,26.9115358],[75.7878951,26.9115401],[75.7878942,26.9115401],[75.7878943,26.9115408],[75.7878934,26.9115408],[75.7878935,26.9115415],[75.7878926,26.9115415],[75.7878926,26.9115423],[75.7878918,26.9115423],[75.7878918,26.911543],[75.787891,26.911543],[75.787891,26.9115437],[75.7878894,26.9115437],[75.7878894,26.9115444],[75.7878862,26.9115445],[75.7878862,26.9115452],[75.787887,26.9115452],[75.787887,26.9115466],[75.7878878,26.9115466],[75.7878879,26.9115488],[75.7878887,26.9115488],[75.7878887,26.9115495],[75.7878895,26.9115495],[75.7878895,26.9115502],[75.7878903,26.9115502],[75.7878903,26.9115509],[75.7878935,26.9115509],[75.7878935,26.9115502],[75.7878959,26.9115502],[75.7878959,26.9115509],[75.7878975,26.9115509],[75.7878976,26.9115523],[75.7878984,26.9115523],[75.7878984,26.9115545],[75.7878992,26.9115545],[75.7878992,26.911556],[75.7879,26.9115559],[75.7879,26.9115574],[75.7879008,26.9115574],[75.7879008,26.9115581],[75.7879016,26.9115581],[75.7879016,26.9115588],[75.7879024,26.9115588],[75.7879024,26.9115603],[75.7879032,26.9115603],[75.7879033,26.9115617],[75.7879041,26.9115617],[75.7879041,26.9115631],[75.7879049,26.9115631],[75.7879049,26.9115646],[75.7879057,26.9115646],[75.7879057,26.911566],[75.7879065,26.911566],[75.7879065,26.9115675],[75.7879073,26.9115675],[75.7879073,26.9115689],[75.7879081,26.9115689],[75.7879082,26.9115703],[75.787909,26.9115703],[75.787909,26.9115718],[75.7879098,26.9115718],[75.7879098,26.9115732],[75.7879106,26.9115732],[75.7879106,26.9115747],[75.7879114,26.9115747],[75.7879114,26.9115754],[75.7879122,26.9115754],[75.7879122,26.9115775],[75.787913,26.9115775],[75.787913,26.911579],[75.7879139,26.911579],[75.7879139,26.9115804],[75.7879147,26.9115804],[75.7879147,26.9115819],[75.7879155,26.9115819],[75.7879155,26.9115826],[75.7879163,26.9115826],[75.7879163,26.911584],[75.7879171,26.911584],[75.7879171,26.9115855],[75.7879179,26.9115855],[75.7879179,26.9115869],[75.7879187,26.9115869],[75.7879187,26.9115876],[75.7879196,26.9115876],[75.7879196,26.9115891],[75.7879204,26.9115891],[75.7879204,26.9115905],[75.787922,26.9115905],[75.787922,26.9115912],[75.7879252,26.9115912]]]}},{"type":"Feature","properties":{"building_id":"B-0023","vertices":148},"geometry":{"type":"Polygon","coordinates":[[[75.7875109,26.912263],[75.7875109,26.9122623],[75.7875133,26.9122623],[75.7875133,26.9122616],[75.787515,26.9122616],[75.787515,26.9122609],[75.7875166,26.9122608],[75.7875166,26.9122601],[75.7875174,26.9122601],[75.7875174,26.9122594],[75.7875182,26.9122594],[75.7875182,26.9122587],[75.787519,26.9122587],[75.787519,26.9122579],[75.7875198,26.9122579],[75.7875198,26.9122565],[75.7875206,26.9122565],[75.7875206,26.9122558],[75.7875214,26.9122558],[75.7875214,26.9122543],[75.7875222,26.9122543],[75.7875222,26.9122536],[75.787523,26.9122536],[75.7875229,26.9122521],[75.7875238,26.9122521],[75.7875237,26.9122507],[75.7875245,26.9122507],[75.7875245,26.91225],[75.787527,26.9122499],[75.787527,26.9122485],[75.7875278,26.9122485],[75.7875277,26.9122471],[75.7875286,26.9122471],[75.7875285,26.9122442],[75.7875293,26.9122442],[75.7875293,26.9122391],[75.7875301,26.9122391],[75.7875301,26.9122369],[75.7875309,26.9122369],[75.7875309,26.9122348],[75.7875317,26.9122348],[75.7875317,26.9122333],[75.7875325,26.9122333],[75.7875325,26.9122326],[75.7875333,26.9122326],[75.7875333,26.9122319],[75.7875357,26.9122318],[75.7875356,26.9122196],[75.7875348,26.9122196],[75.7875348,26.9122188],[75.787534,26.9122189],[75.787534,26.9122181],[75.7875332,26.9122181],[75.7875332,26.9122167],[75.7875324,26.9122167],[75.7875324,26.912216],[75.7875316,26.912216],[75.7875316,26.9122153],[75.7875307,26.9122153],[75.7875307,26.9122124],[75.7875299,26.9122124],[75.7875299,26.9122102],[75.7875307,26.9122102],[75.7875307,26.9122073],[75.7875315,26.9122073],[75.7875315,26.9122015],[75.7875323,26.9122015],[75.7875322,26.9121979],[75.7875314,26.9121979],[75.7875314,26.9121936],[75.7875306,26.9121936],[75.7875306,26.9121914],[75.7875298,26.9121914],[75.7875298,26.9121907],[75.787529,26.9121907],[75.787529,26.91219],[75.7875273,26.91219],[75.7875273,26.9121893],[75.7875249,26.9121893],[75.7875249,26.9121886],[75.7874838,26.9121888],[75.7874838,26.9121895],[75.7874806,26.9121895],[75.7874806,26.9121903],[75.7874774,26.9121903],[75.7874774,26.912191],[75.787475,26.912191],[75.787475,26.9121917],[75.7874734,26.9121917],[75.7874734,26.9121925],[75.7874726,26.9121925],[75.7874726,26.9121939],[75.7874718,26.9121939],[75.7874718,26.9121946],[75.787471,26.9121946],[75.787471,26.9121975],[75.7874702,26.9121975],[75.7874702,26.9122019],[75.7874694,26.9122019],[75.7874696,26.9122207],[75.7874704,26.9122207],[75.7874704,26.9122286],[75.7874712,26.9122286],[75.7874713,26.9122329],[75.7874721,26.9122329],[75.7874721,26.9122344],[75.7874729,26.9122344],[75.7874729,26.9122365],[75.7874737,26.9122365],[75.7874737,26.9122394],[75.7874745,26.9122394],[75.7874746,26.9122459],[75.7874754,26.9122459],[75.7874754,26.9122473],[75.7874762,26.9122473],[75.7874762,26.9122481],[75.787477,26.9122481],[75.787477,26.9122495],[75.7874778,26.9122495],[75.7874778,26.9122502],[75.7874786,26.9122502],[75.7874786,26.9122517],[75.7874794,26.9122517],[75.7874794,26.9122524],[75.7874802,26.9122524],[75.7874803,26.9122531],[75.7874811,26.9122531],[75.7874811,26.9122538],[75.7874835,26.9122538],[75.7874835,26.9122545],[75.7874859,26.9122545],[75.7874859,26.9122552],[75.7874988,26.9122552],[75.7874988,26.9122559],[75.7875004,26.9122559],[75.7875004,26.9122566],[75.787502,26.9122566],[75.787502,26.912258],[75.7875028,26.912258],[75.7875029,26.9122602],[75.7875037,26.9122602],[75.7875037,26.9122609],[75.7875045,26.9122609],[75.7875045,26.9122616],[75.7875053,26.9122616],[75.7875053,26.9122623],[75.7875069,26.9122623],[75.7875069,26.9122631],[75.7875109,26.912263]]]}},{"type":"Feature","properties":{"building_id":"B-0086","vertices":316},"geometry":{"type":"Polygon","coordinates":[[[75.7879925,26.9117649],[75.7879925,26.9117642],[75.7879933,26.9117642],[75.7879933,26.9117634],[75.7879941,26.9117634],[75.7879941,26.911762],[75.7879949,26.911762],[75.7879949,26.9117598],[75.7879957,26.9117598],[75.7879957,26.9117591],[75.7879965,26.9117591],[75.7879965,26.9117576],[75.7879973,26.9117576],[75.7879973,26.9117569],[75.7879981,26.9117569],[75.7879981,26.9117547],[75.7879989,26.9117547],[75.7879988,26.9117533],[75.7879997,26.9117533],[75.7879996,26.9117518],[75.7880005,26.9117518],[75.7880004,26.9117504],[75.7880012,26.9117504],[75.7880012,26.9117497],[75.788002,26.9117497],[75.788002,26.9117482],[75.7880028,26.9117482],[75.7880028,26.9117468],[75.7880036,26.9117468],[75.7880036,26.911746],[75.7880044,26.911746],[75.7880044,26.9117446],[75.7880052,26.9117446],[75.7880052,26.9117431],[75.788006,26.9117431],[75.788006,26.9117424],[75.7880068,26.9117424],[75.7880068,26.911741],[75.7880076,26.911741],[75.7880076,26.9117395],[75.7880084,26.9117395],[75.7880084,26.9117381],[75.7880092,26.9117381],[75.7880092,26.9117373],[75.78801,26.9117373],[75.78801,26.9117359],[75.7880108,26.9117359],[75.7880108,26.9117344],[75.7880116,26.9117344],[75.7880116,26.911733],[75.7880124,26.911733],[75.7880124,26.9117316],[75.7880132,26.9117315],[75.7880132,26.9117301],[75.788014,26.9117301],[75.788014,26.9117294],[75.7880148,26.9117294],[75.7880148,26.9117279],[75.7880156,26.9117279],[75.7880156,26.9117265],[75.7880164,26.9117265],[75.7880164,26.911725],[75.7880172,26.911725],[75.7880172,26.9117236],[75.788018,26.9117236],[75.788018,26.9117221],[75.7880188,26.9117221],[75.7880188,26.9117207],[75.7880196,26.9117207],[75.7880196,26.91172],[75.7880204,26.9117199],[75.7880204,26.9117185],[75.7880212,26.9117185],[75.7880212,26.9117171],[75.788022,26.9117171],[75.7880219,26.9117098],[75.7880211,26.9117098],[75.7880211,26.9117091],[75.7880203,26.9117091],[75.7880203,26.9117084],[75.7880187,26.9117084],[75.7880187,26.9117077],[75.7880163,26.9117077],[75.7880163,26.911707],[75.7880154,26.911707],[75.7880154,26.9117063],[75.7880146,26.9117063],[75.7880146,26.9117055],[75.7880122,26.9117056],[75.7880122,26.9117048],[75.7880106,26.9117048],[75.7880106,26.9117041],[75.7880082,26.9117041],[75.7880082,26.9117034],[75.7880074,26.9117034],[75.7880074,26.9117027],[75.7880066,26.9117027],[75.7880065,26.911702],[75.7880049,26.911702],[75.7880049,26.9117013],[75.7880033,26.9117013],[75.7880033,26.9117005],[75.7880025,26.9117005],[75.7880025,26.9116998],[75.7880009,26.9116998],[75.7880009,26.9116991],[75.7879985,26.9116991],[75.7879985,26.9116998],[75.7879969,26.9116999],[75.7879969,26.9117006],[75.7879961,26.9117006],[75.7879961,26.9117013],[75.7879953,26.9117013],[75.7879953,26.9117028],[75.7879945,26.9117028],[75.7879945,26.9117042],[75.7879937,26.9117042],[75.7879937,26.9117049],[75.7879929,26.9117049],[75.7879929,26.9117057],[75.7879921,26.9117057],[75.7879921,26.9117064],[75.7879913,26.9117064],[75.7879913,26.9117071],[75.7879905,26.9117071],[75.7879905,26.9117078],[75.7879864,26.9117079],[75.7879864,26.9117071],[75.7879848,26.9117071],[75.7879848,26.9117064],[75.787984,26.9117064],[75.787984,26.9117057],[75.7879824,26.9117057],[75.7879824,26.9117064],[75.7879816,26.9117064],[75.7879816,26.9117072],[75.7879808,26.9117072],[75.7879808,26.9117079],[75.7879792,26.9117079],[75.7879792,26.9117086],[75.7879784,26.9117086],[75.7879784,26.9117094],[75.7879768,26.9117094],[75.7879768,26.9117101],[75.7879712,26.9117101],[75.7879712,26.9117094],[75.7879695,26.9117094],[75.7879695,26.9117087],[75.7879679,26.9117087],[75.7879679,26.911708],[75.7879655,26.911708],[75.7879655,26.9117073],[75.7879639,26.9117073],[75.7879639,26.9117065],[75.7879623,26.9117066],[75.7879623,26.9117058],[75.7879615,26.9117058],[75.7879615,26.9117051],[75.7879598,26.9117051],[75.7879598,26.9117044],[75.7879582,26.9117044],[75.7879582,26.9117037],[75.7879566,26.9117037],[75.7879566,26.911703],[75.787955,26.911703],[75.787955,26.9117023],[75.7879534,26.9117023],[75.7879534,26.9117015],[75.7879526,26.9117015],[75.7879526,26.9117008],[75.787951,26.9117008],[75.7879509,26.9117001],[75.7879485,26.9117001],[75.7879485,26.9116994],[75.7879429,26.9116994],[75.7879429,26.9117002],[75.7879413,26.9117002],[75.7879413,26.9117009],[75.7879405,26.9117009],[75.7879405,26.9117023],[75.7879397,26.9117023],[75.7879397,26.9117031],[75.7879389,26.9117031],[75.7879389,26.9117045],[75.7879381,26.9117045],[75.7879381,26.9117052],[75.7879373,26.9117052],[75.7879373,26.9117067],[75.7879365,26.9117067],[75.7879365,26.9117074],[75.7879357,26.9117074],[75.7879357,26.9117089],[75.7879349,26.9117089],[75.7879349,26.9117103],[75.7879341,26.9117103],[75.7879341,26.9117118],[75.7879333,26.9117118],[75.7879333,26.9117132],[75.7879325,26.9117132],[75.7879325,26.9117147],[75.7879317,26.9117147],[75.7879317,26.9117154],[75.7879309,26.9117154],[75.7879309,26.9117168],[75.7879301,26.9117168],[75.7879301,26.9117176],[75.7879293,26.9117176],[75.7879293,26.9117197],[75.7879285,26.9117197],[75.7879285,26.9117205],[75.7879277,26.9117205],[75.7879277,26.9117219],[75.7879269,26.9117219],[75.7879269,26.9117234],[75.7879261,26.9117234],[75.7879261,26.9117241],[75.7879253,26.9117241],[75.7879253,26.9117255],[75.7879245,26.9117255],[75.7879245,26.9117263],[75.7879237,26.9117263],[75.7879238,26.9117292],[75.787923,26.9117292],[75.787923,26.9117313],[75.7879238,26.9117313],[75.7879238,26.9117328],[75.7879246,26.9117328],[75.7879246,26.9117335],[75.7879262,26.9117335],[75.7879262,26.9117342],[75.787927,26.9117342],[75.787927,26.9117349],[75.7879286,26.9117349],[75.7879286,26.9117356],[75.7879302,26.9117356],[75.7879303,26.9117363],[75.7879319,26.9117363],[75.7879319,26.9117371],[75.7879335,26.911737],[75.7879335,26.9117378],[75.7879351,26.9117378],[75.7879351,26.9117385],[75.7879367,26.9117385],[75.7879367,26.9117392],[75.7879383,26.9117392],[75.7879383,26.9117399],[75.7879391,26.9117399],[75.7879391,26.9117406],[75.7879408,26.9117406],[75.7879408,26.9117413],[75.7879424,26.9117413],[75.7879424,26.9117421],[75.7879432,26.911742],[75.7879432,26.9117428],[75.7879448,26.9117428],[75.7879448,26.9117435],[75.7879456,26.9117435],[75.7879456,26.9117442],[75.787948,26.9117442],[75.787948,26.9117449],[75.7879496,26.9117449],[75.7879497,26.9117456],[75.7879513,26.9117456],[75.7879513,26.9117463],[75.7879521,26.9117463],[75.7879521,26.9117471],[75.7879537,26.911747],[75.7879537,26.9117478],[75.7879553,26.9117478],[75.7879553,26.9117485],[75.7879561,26.9117485],[75.7879561,26.9117492],[75.7879577,26.9117492],[75.7879577,26.9117499],[75.7879593,26.9117499],[75.7879594,26.9117506],[75.7879602,26.9117506],[75.7879602,26.9117513],[75.7879618,26.9117513],[75.7879618,26.9117521],[75.7879634,26.911752],[75.7879634,26.9117528],[75.787965,26.9117528],[75.787965,26.9117535],[75.7879674,26.9117535],[75.7879674,26.9117542],[75.787969,26.9117542],[75.7879691,26.9117549],[75.7879699,26.9117549],[75.7879699,26.9117556],[75.7879715,26.9117556],[75.7879715,26.9117563],[75.7879723,26.9117563],[75.7879723,26.9117571],[75.7879739,26.911757],[75.7879739,26.9117578],[75.7879755,26.9117578],[75.7879755,26.9117585],[75.7879771,26.9117585],[75.7879771,26.9117592],[75.7879787,26.9117592],[75.7879788,26.9117599],[75.7879796,26.9117599],[75.7879796,26.9117606],[75.7879812,26.9117606],[75.7879812,26.9117613],[75.787982,26.9117613],[75.787982,26.9117621],[75.7879828,26.9117621],[75.7879828,26.9117628],[75.7879844,26.9117628],[75.7879844,26.9117635],[75.7879868,26.9117635],[75.7879868,26.9117642],[75.7879893,26.9117642],[75.7879893,26.9117649],[75.7879925,26.9117649]]]}},{"type":"Feature","properties":{"building_id":"B-0082","vertices":312},"geometry":{"type":"Polygon","coordinates":[[[75.7880685,26.9118013],[75.7880685,26.9118006],[75.7880701,26.9118006],[75.7880701,26.9117998],[75.7880709,26.9117998],[75.7880709,26.9117991],[75.7880717,26.9117991],[75.7880717,26.9117984],[75.7880725,26.9117984],[75.7880725,26.9117962],[75.7880733,26.9117962],[75.7880733,26.9117955],[75.7880741,26.9117955],[75.7880741,26.9117933],[75.7880749,26.9117933],[75.7880748,26.9117911],[75.7880756,26.9117911],[75.7880756,26.9117897],[75.7880764,26.9117897],[75.7880764,26.9117883],[75.7880772,26.9117882],[75.7880772,26.9117868],[75.788078,26.9117868],[75.788078,26.9117854],[75.7880788,26.9117853],[75.7880788,26.9117846],[75.7880796,26.9117846],[75.7880796,26.9117832],[75.7880804,26.9117832],[75.7880804,26.9117825],[75.788082,26.9117824],[75.788082,26.9117817],[75.7880828,26.9117817],[75.7880828,26.911781],[75.7880836,26.911781],[75.7880836,26.9117803],[75.7880852,26.9117803],[75.7880852,26.9117795],[75.788086,26.9117795],[75.788086,26.9117788],[75.7880868,26.9117788],[75.7880868,26.9117781],[75.7880876,26.9117781],[75.7880876,26.9117774],[75.7880884,26.9117774],[75.7880884,26.9117759],[75.7880892,26.9117759],[75.7880892,26.9117745],[75.78809,26.9117745],[75.78809,26.911773],[75.7880908,26.911773],[75.7880908,26.9117687],[75.7880916,26.9117687],[75.7880916,26.9117679],[75.7880908,26.9117679],[75.7880908,26.9117658],[75.7880916,26.9117658],[75.7880916,26.9117636],[75.7880924,26.9117636],[75.7880924,26.9117622],[75.7880932,26.9117622],[75.7880932,26.91176],[75.788094,26.91176],[75.788094,26.9117585],[75.7880948,26.9117585],[75.7880948,26.9117578],[75.7880956,26.9117578],[75.7880956,26.9117571],[75.7880964,26.9117571],[75.7880964,26.9117564],[75.7880972,26.9117564],[75.7880972,26.9117549],[75.788098,26.9117549],[75.7880979,26.9117535],[75.7880988,26.9117535],[75.7880987,26.9117491],[75.7880971,26.9117491],[75.7880971,26.9117484],[75.7880955,26.9117484],[75.7880955,26.9117477],[75.7880939,26.9117477],[75.7880939,26.911747],[75.7880923,26.911747],[75.7880923,26.9117463],[75.7880906,26.9117463],[75.7880906,26.9117456],[75.7880898,26.9117456],[75.7880898,26.9117448],[75.7880882,26.9117448],[75.7880882,26.9117441],[75.7880866,26.9117441],[75.7880866,26.9117434],[75.7880858,26.9117434],[75.7880858,26.9117427],[75.7880842,26.9117427],[75.7880842,26.911742],[75.7880826,26.911742],[75.7880826,26.9117413],[75.7880809,26.9117413],[75.7880809,26.9117406],[75.7880785,26.9117406],[75.7880785,26.9117398],[75.7880753,26.9117399],[75.7880753,26.9117406],[75.7880745,26.9117406],[75.7880745,26.9117442],[75.7880737,26.9117442],[75.7880737,26.9117449],[75.7880729,26.9117449],[75.7880729,26.9117457],[75.7880721,26.9117457],[75.7880721,26.9117464],[75.7880681,26.9117464],[75.7880681,26.9117457],[75.7880624,26.9117457],[75.7880624,26.911745],[75.7880608,26.911745],[75.7880608,26.9117443],[75.7880592,26.9117443],[75.7880592,26.911745],[75.7880576,26.911745],[75.7880576,26.9117457],[75.7880568,26.9117457],[75.7880568,26.9117465],[75.788056,26.9117465],[75.788056,26.9117472],[75.7880544,26.9117472],[75.7880544,26.9117479],[75.7880528,26.9117479],[75.7880528,26.9117472],[75.7880512,26.9117472],[75.7880512,26.9117465],[75.7880496,26.9117465],[75.7880496,26.9117458],[75.7880471,26.9117458],[75.7880471,26.9117451],[75.7880455,26.9117451],[75.7880455,26.9117444],[75.7880439,26.9117444],[75.7880439,26.9117437],[75.7880423,26.9117437],[75.7880423,26.9117429],[75.7880407,26.9117429],[75.7880407,26.9117422],[75.7880399,26.9117422],[75.7880399,26.9117415],[75.7880382,26.9117415],[75.7880382,26.9117408],[75.7880366,26.9117408],[75.7880366,26.9117401],[75.788035,26.9117401],[75.788035,26.9117394],[75.7880342,26.9117394],[75.7880342,26.9117387],[75.7880326,26.9117387],[75.7880326,26.9117379],[75.788031,26.9117379],[75.788031,26.9117372],[75.7880294,26.9117372],[75.7880293,26.9117365],[75.7880277,26.9117365],[75.7880277,26.9117358],[75.7880261,26.9117358],[75.7880261,26.9117351],[75.7880245,26.9117351],[75.7880245,26.9117344],[75.7880237,26.9117344],[75.7880237,26.9117337],[75.7880197,26.9117337],[75.7880197,26.9117344],[75.7880189,26.9117344],[75.7880189,26.9117358],[75.7880181,26.9117359],[75.7880181,26.9117366],[75.7880173,26.9117366],[75.7880173,26.9117373],[75.7880165,26.9117373],[75.7880165,26.9117388],[75.7880157,26.9117388],[75.7880157,26.9117402],[75.7880149,26.9117402],[75.7880149,26.9117416],[75.7880141,26.9117417],[75.7880141,26.9117424],[75.7880133,26.9117424],[75.7880133,26.9117438],[75.7880125,26.9117438],[75.7880125,26.9117446],[75.7880117,26.9117446],[75.7880117,26.911746],[75.7880109,26.911746],[75.7880109,26.9117482],[75.7880101,26.9117482],[75.7880101,26.9117489],[75.7880093,26.9117489],[75.7880093,26.9117496],[75.7880077,26.9117496],[75.7880077,26.9117511],[75.7880069,26.9117511],[75.7880069,26.9117532],[75.7880061,26.9117533],[75.7880061,26.911754],[75.7880053,26.911754],[75.7880053,26.9117554],[75.7880045,26.9117554],[75.7880045,26.9117569],[75.7880037,26.9117569],[75.7880037,26.9117576],[75.7880029,26.9117576],[75.7880029,26.911759],[75.7880021,26.9117591],[75.7880021,26.9117605],[75.7880013,26.9117605],[75.7880013,26.9117612],[75.7880005,26.9117612],[75.7880005,26.911762],[75.7879997,26.911762],[75.7879997,26.9117641],[75.7879989,26.9117641],[75.787999,26.9117677],[75.7879998,26.9117677],[75.7879998,26.9117692],[75.7880006,26.9117692],[75.7880006,26.9117699],[75.7880022,26.9117699],[75.7880022,26.9117706],[75.7880038,26.9117706],[75.7880038,26.9117713],[75.7880054,26.9117713],[75.7880054,26.911772],[75.788007,26.911772],[75.788007,26.9117727],[75.7880087,26.9117727],[75.7880087,26.9117735],[75.7880103,26.9117735],[75.7880103,26.9117742],[75.7880119,26.9117742],[75.7880119,26.9117749],[75.7880135,26.9117749],[75.7880135,26.9117756],[75.7880151,26.9117756],[75.7880151,26.9117763],[75.7880167,26.9117763],[75.7880167,26.911777],[75.7880175,26.911777],[75.7880175,26.9117777],[75.7880184,26.9117777],[75.7880184,26.9117785],[75.78802,26.9117785],[75.78802,26.9117792],[75.7880224,26.9117792],[75.7880224,26.9117799],[75.788024,26.9117799],[75.788024,26.9117806],[75.7880256,26.9117806],[75.7880256,26.9117813],[75.7880264,26.9117813],[75.7880264,26.911782],[75.7880281,26.911782],[75.7880281,26.9117827],[75.7880297,26.9117827],[75.7880297,26.9117835],[75.7880313,26.9117834],[75.7880313,26.9117842],[75.7880329,26.9117842],[75.7880329,26.9117849],[75.7880337,26.9117849],[75.7880337,26.9117856],[75.7880353,26.9117856],[75.7880353,26.9117863],[75.7880369,26.9117863],[75.7880369,26.911787],[75.7880394,26.911787],[75.7880394,26.9117877],[75.788041,26.9117877],[75.788041,26.9117884],[75.7880426,26.9117884],[75.7880426,26.9117892],[75.7880434,26.9117892],[75.7880434,26.9117899],[75.788045,26.9117899],[75.788045,26.9117906],[75.7880466,26.9117906],[75.7880466,26.9117913],[75.7880483,26.9117913],[75.7880483,26.911792],[75.7880499,26.911792],[75.7880499,26.9117927],[75.7880507,26.9117927],[75.7880507,26.9117935],[75.7880523,26.9117934],[75.7880523,26.9117942],[75.7880531,26.9117942],[75.7880531,26.9117949],[75.7880539,26.9117949],[75.7880539,26.9117956],[75.7880555,26.9117956],[75.7880555,26.9117963],[75.7880564,26.9117963],[75.7880564,26.911797],[75.7880572,26.911797],[75.7880572,26.9117977],[75.788058,26.9117977],[75.788058,26.9117985],[75.7880596,26.9117985],[75.7880596,26.9117992],[75.7880612,26.9117992],[75.7880612,26.9117999],[75.7880628,26.9117999],[75.7880628,26.9118006],[75.788066,26.9118006],[75.7880661,26.9118013],[75.7880685,26.9118013]]]}},{"type":"Feature","properties":{"building_id":"B-0112","vertices":254},"geometry":{"type":"Polygon","coordinates":[[[75.7875728,26.9116546],[75.7875728,26.9116531],[75.7875736,26.9116531],[75.7875736,26.9116509],[75.7875744,26.9116509],[75.7875744,26.9116495],[75.7875752,26.9116495],[75.7875752,26.911648],[75.787576,26.911648],[75.787576,26.9116473],[75.7875768,26.9116473],[75.7875767,26.9116459],[75.7875776,26.9116459],[75.7875775,26.9116437],[75.7875783,26.9116437],[75.7875783,26.9116422],[75.7875791,26.9116422],[75.7875791,26.9116408],[75.7875799,26.9116408],[75.7875799,26.9116393],[75.7875807,26.9116393],[75.7875807,26.9116386],[75.7875815,26.9116386],[75.7875815,26.9116379],[75.7875823,26.9116379],[75.7875823,26.9116364],[75.7875831,26.9116364],[75.7875831,26.911635],[75.7875839,26.911635],[75.7875839,26.9116343],[75.7875847,26.9116343],[75.7875847,26.9116307],[75.7875855,26.9116306],[75.7875855,26.9116292],[75.7875863,26.9116292],[75.7875863,26.911627],[75.7875871,26.911627],[75.7875871,26.9116249],[75.7875879,26.9116249],[75.7875879,26.9116234],[75.7875887,26.9116234],[75.7875887,26.9116212],[75.7875895,26.9116212],[75.7875894,26.9116183],[75.7875903,26.9116183],[75.7875902,26.9116169],[75.787591,26.9116169],[75.787591,26.9116147],[75.7875918,26.9116147],[75.7875918,26.9116126],[75.7875926,26.9116126],[75.7875926,26.9116111],[75.7875934,26.9116111],[75.7875934,26.9116089],[75.7875942,26.9116089],[75.7875942,26.9116068],[75.787595,26.9116068],[75.787595,26.9116053],[75.7875958,26.9116053],[75.7875958,26.9116031],[75.7875966,26.9116031],[75.7875966,26.9116017],[75.7875974,26.9116017],[75.7875974,26.9116002],[75.7875982,26.9116002],[75.7875982,26.9115981],[75.787599,26.9115981],[75.787599,26.9115952],[75.7875998,26.9115952],[75.7875997,26.9115923],[75.7876005,26.9115923],[75.7876005,26.9115908],[75.7876013,26.9115908],[75.7876013,26.9115894],[75.7876021,26.9115894],[75.7876021,26.9115865],[75.7876029,26.9115865],[75.7876029,26.9115786],[75.7876021,26.9115786],[75.787602,26.9115764],[75.7876012,26.9115764],[75.7876012,26.9115757],[75.7875996,26.9115757],[75.7875996,26.911575],[75.7875988,26.911575],[75.7875988,26.9115742],[75.787598,26.9115742],[75.787598,26.9115735],[75.7875972,26.9115735],[75.7875972,26.9115728],[75.7875956,26.9115728],[75.7875956,26.9115721],[75.7875948,26.9115721],[75.7875948,26.9115714],[75.787594,26.9115714],[75.7875939,26.9115707],[75.7875931,26.9115707],[75.7875931,26.9115699],[75.7875923,26.9115699],[75.7875923,26.9115692],[75.7875907,26.9115692],[75.7875907,26.9115685],[75.7875891,26.9115685],[75.7875891,26.9115678],[75.787581,26.9115678],[75.787581,26.9115686],[75.7875802,26.9115686],[75.7875802,26.9115693],[75.7875794,26.9115693],[75.7875794,26.91157],[75.7875786,26.91157],[75.7875787,26.9115722],[75.7875778,26.9115722],[75.7875779,26.9115801],[75.7875771,26.9115801],[75.7875771,26.911583],[75.7875763,26.911583],[75.7875763,26.9115838],[75.7875755,26.9115838],[75.7875755,26.9115852],[75.7875747,26.9115852],[75.7875747,26.9115859],[75.7875739,26.9115859],[75.7875739,26.9115874],[75.7875731,26.9115874],[75.7875731,26.9115881],[75.7875683,26.9115881],[75.7875683,26.9115874],[75.7875651,26.9115874],[75.7875651,26.9115867],[75.7875634,26.9115867],[75.7875634,26.911586],[75.7875618,26.911586],[75.7875618,26.9115853],[75.7875602,26.9115853],[75.7875602,26.9115846],[75.7875586,26.9115846],[75.7875586,26.9115839],[75.7875562,26.9115839],[75.7875562,26.9115831],[75.7875546,26.9115832],[75.7875546,26.9115824],[75.7875537,26.9115824],[75.7875537,26.9115817],[75.7875521,26.9115817],[75.7875521,26.911581],[75.7875505,26.911581],[75.7875505,26.9115803],[75.7875481,26.9115803],[75.7875481,26.9115796],[75.7875433,26.9115796],[75.7875433,26.9115789],[75.7875424,26.9115789],[75.7875424,26.9115782],[75.7875416,26.9115782],[75.7875416,26.9115796],[75.7875408,26.9115796],[75.7875409,26.9115854],[75.7875401,26.9115854],[75.7875401,26.9115883],[75.7875393,26.9115883],[75.7875393,26.9115905],[75.7875385,26.9115905],[75.7875385,26.9115926],[75.7875377,26.9115926],[75.7875377,26.9115948],[75.7875369,26.9115948],[75.7875369,26.911597],[75.7875361,26.911597],[75.7875361,26.9115991],[75.7875353,26.9115992],[75.7875353,26.9116013],[75.7875345,26.9116013],[75.7875346,26.9116042],[75.7875338,26.9116042],[75.7875338,26.9116057],[75.787533,26.9116057],[75.787533,26.9116086],[75.7875322,26.9116086],[75.7875322,26.9116107],[75.7875314,26.9116107],[75.7875314,26.9116122],[75.7875306,26.9116122],[75.7875306,26.9116136],[75.7875298,26.9116136],[75.7875298,26.9116158],[75.7875306,26.9116158],[75.7875306,26.9116165],[75.7875322,26.9116165],[75.7875322,26.9116172],[75.787533,26.9116172],[75.787533,26.9116179],[75.7875347,26.9116179],[75.7875347,26.9116187],[75.7875371,26.9116186],[75.7875371,26.9116194],[75.7875387,26.9116194],[75.7875387,26.9116201],[75.7875403,26.9116201],[75.7875403,26.9116208],[75.7875419,26.9116208],[75.7875419,26.9116215],[75.7875435,26.9116215],[75.7875436,26.9116222],[75.7875444,26.9116222],[75.7875444,26.9116229],[75.7875436,26.9116229],[75.7875436,26.9116251],[75.7875428,26.9116251],[75.7875428,26.9116266],[75.787542,26.9116266],[75.787542,26.9116287],[75.7875412,26.9116287],[75.7875412,26.9116309],[75.7875404,26.9116309],[75.7875404,26.9116331],[75.7875396,26.9116331],[75.7875396,26.911636],[75.7875388,26.911636],[75.7875388,26.9116381],[75.787538,26.9116381],[75.7875381,26.9116432],[75.7875389,26.9116432],[75.7875389,26.9116439],[75.7875397,26.9116439],[75.7875397,26.9116446],[75.7875413,26.9116446],[75.7875413,26.9116453],[75.7875429,26.9116453],[75.7875429,26.9116461],[75.7875453,26.911646],[75.7875453,26.9116468],[75.7875469,26.9116468],[75.7875469,26.9116475],[75.7875494,26.9116475],[75.7875494,26.9116482],[75.7875518,26.9116482],[75.7875518,26.9116489],[75.7875534,26.9116489],[75.7875534,26.9116496],[75.787555,26.9116496],[75.787555,26.9116503],[75.7875574,26.9116503],[75.7875574,26.911651],[75.7875599,26.911651],[75.7875599,26.9116517],[75.7875615,26.9116517],[75.7875615,26.9116525],[75.7875639,26.9116524],[75.7875639,26.9116532],[75.7875655,26.9116532],[75.7875655,26.9116539],[75.7875679,26.9116539],[75.7875679,26.9116546],[75.7875728,26.9116546]]]}},{"type":"Feature","properties":{"building_id":"B-0021","vertices":318},"geometry":{"type":"Polygon","coordinates":[[[75.7874184,26.9122729],[75.7874184,26.9122722],[75.7874192,26.9122722],[75.7874192,26.9122715],[75.7874208,26.9122715],[75.7874208,26.9122708],[75.7874216,26.9122708],[75.7874216,26.91227],[75.7874232,26.91227],[75.7874232,26.9122693],[75.787424,26.9122693],[75.787424,26.9122686],[75.7874248,26.9122686],[75.7874248,26.9122679],[75.7874256,26.9122678],[75.7874256,26.9122671],[75.7874264,26.9122671],[75.7874264,26.9122664],[75.7874272,26.9122664],[75.7874272,26.912265],[75.787428,26.9122649],[75.787428,26.9122642],[75.7874288,26.9122642],[75.7874288,26.9122635],[75.7874296,26.9122635],[75.7874296,26.912262],[75.7874304,26.912262],[75.7874304,26.9122613],[75.7874312,26.9122613],[75.7874312,26.9122606],[75.7874328,26.9122606],[75.7874328,26.9122599],[75.7874336,26.9122599],[75.7874336,26.9122591],[75.7874352,26.9122591],[75.7874352,26.9122584],[75.7874368,26.9122584],[75.7874368,26.9122577],[75.7874384,26.9122577],[75.7874384,26.9122569],[75.78744,26.9122569],[75.78744,26.9122562],[75.7874408,26.9122562],[75.7874408,26.9122555],[75.7874416,26.9122555],[75.7874416,26.9122548],[75.7874432,26.9122548],[75.7874432,26.912254],[75.787444,26.912254],[75.787444,26.9122533],[75.7874448,26.9122533],[75.7874448,26.9122526],[75.7874456,26.9122526],[75.7874456,26.9122518],[75.7874464,26.9122518],[75.7874464,26.9122511],[75.787448,26.9122511],[75.787448,26.9122504],[75.7874496,26.9122504],[75.7874496,26.9122497],[75.7874504,26.9122497],[75.7874504,26.9122489],[75.7874512,26.9122489],[75.7874512,26.9122482],[75.787452,26.9122482],[75.787452,26.9122475],[75.7874528,26.9122475],[75.7874528,26.912246],[75.7874536,26.912246],[75.7874536,26.9122446],[75.7874544,26.9122446],[75.7874544,26.9122431],[75.7874552,26.9122431],[75.7874552,26.9122424],[75.787456,26.9122424],[75.787456,26.9122417],[75.7874568,26.9122417],[75.7874568,26.912241],[75.7874576,26.9122409],[75.7874576,26.9122402],[75.7874584,26.9122402],[75.7874584,26.9122395],[75.7874592,26.9122395],[75.7874592,26.9122388],[75.7874608,26.9122388],[75.7874608,26.912238],[75.7874616,26.912238],[75.7874616,26.9122373],[75.7874624,26.9122373],[75.7874624,26.9122366],[75.7874632,26.9122366],[75.7874632,26.9122359],[75.787464,26.9122359],[75.787464,26.9122351],[75.7874648,26.9122351],[75.7874648,26.9122344],[75.7874656,26.9122344],[75.7874656,26.9122272],[75.7874648,26.9122272],[75.7874648,26.9122265],[75.787464,26.9122265],[75.7874639,26.912225],[75.7874631,26.912225],[75.7874631,26.9122243],[75.7874623,26.9122243],[75.7874623,26.9122236],[75.7874615,26.9122236],[75.7874615,26.9122229],[75.7874607,26.9122229],[75.7874607,26.9122222],[75.7874599,26.9122222],[75.7874599,26.9122207],[75.7874591,26.9122207],[75.7874591,26.91222],[75.7874583,26.91222],[75.7874583,26.9122193],[75.7874575,26.9122193],[75.7874575,26.9122178],[75.7874566,26.9122178],[75.7874566,26.9122164],[75.7874558,26.9122164],[75.7874558,26.9122157],[75.787455,26.9122157],[75.787455,26.912215],[75.7874542,26.912215],[75.7874542,26.9122142],[75.7874534,26.9122142],[75.7874534,26.9122135],[75.7874526,26.9122135],[75.7874526,26.9122121],[75.7874518,26.9122121],[75.7874518,26.9122114],[75.787451,26.9122114],[75.787451,26.9122106],[75.7874502,26.9122107],[75.7874501,26.9122092],[75.7874493,26.9122092],[75.7874493,26.9122085],[75.7874485,26.9122085],[75.7874485,26.9122078],[75.7874477,26.9122078],[75.7874477,26.9122063],[75.7874469,26.9122063],[75.7874469,26.9122056],[75.7874461,26.9122056],[75.7874461,26.9122049],[75.7874453,26.9122049],[75.7874453,26.9122042],[75.7874445,26.9122042],[75.7874445,26.9122035],[75.7874437,26.9122035],[75.7874436,26.912202],[75.7874428,26.912202],[75.7874428,26.9122006],[75.787442,26.9122006],[75.787442,26.9121991],[75.7874412,26.9121991],[75.7874412,26.9121984],[75.7874299,26.9121985],[75.7874299,26.9121992],[75.7874275,26.9121992],[75.7874275,26.9121999],[75.7874251,26.9122],[75.7874251,26.9122007],[75.7874235,26.9122007],[75.7874235,26.9122014],[75.7874227,26.9122014],[75.7874227,26.9122021],[75.7874211,26.9122021],[75.7874211,26.9122029],[75.7874203,26.9122029],[75.7874203,26.9122036],[75.7874195,26.9122036],[75.7874195,26.9122043],[75.7874179,26.9122043],[75.7874179,26.9122051],[75.7874171,26.9122051],[75.7874171,26.9122058],[75.7874163,26.9122058],[75.7874163,26.9122065],[75.7874147,26.9122065],[75.7874147,26.9122072],[75.7874139,26.9122072],[75.7874139,26.912208],[75.7874131,26.912208],[75.7874131,26.9122087],[75.7874123,26.9122087],[75.7874123,26.9122094],[75.7874115,26.9122094],[75.7874115,26.9122109],[75.7874099,26.9122109],[75.7874099,26.9122116],[75.7874083,26.9122116],[75.7874083,26.9122123],[75.7874075,26.9122123],[75.7874075,26.9122131],[75.7874059,26.9122131],[75.7874059,26.9122138],[75.7874042,26.9122138],[75.7874043,26.9122145],[75.7874034,26.9122145],[75.7874035,26.9122152],[75.7874026,26.9122153],[75.7874027,26.912216],[75.7874018,26.912216],[75.7874019,26.9122167],[75.787401,26.9122167],[75.7874011,26.9122174],[75.7874002,26.9122174],[75.7874003,26.9122182],[75.7873994,26.9122182],[75.7873995,26.9122189],[75.7873986,26.9122189],[75.7873987,26.9122196],[75.7873978,26.9122196],[75.7873978,26.9122203],[75.787397,26.9122203],[75.787397,26.9122211],[75.7873962,26.9122211],[75.7873962,26.9122218],[75.7873946,26.9122218],[75.7873946,26.9122225],[75.7873938,26.9122225],[75.7873938,26.9122232],[75.787393,26.9122233],[75.787393,26.912224],[75.7873922,26.912224],[75.7873922,26.9122247],[75.7873906,26.9122247],[75.7873906,26.9122254],[75.7873898,26.9122254],[75.7873898,26.9122262],[75.787389,26.9122262],[75.787389,26.9122269],[75.7873882,26.9122269],[75.7873882,26.9122276],[75.7873874,26.9122276],[75.7873874,26.9122283],[75.7873858,26.9122283],[75.7873858,26.9122298],[75.787385,26.9122298],[75.787385,26.9122305],[75.7873842,26.9122305],[75.7873842,26.9122327],[75.7873834,26.9122327],[75.7873835,26.912237],[75.7873843,26.912237],[75.7873843,26.9122392],[75.7873851,26.9122392],[75.7873851,26.9122406],[75.7873859,26.9122406],[75.7873859,26.9122413],[75.7873867,26.9122413],[75.7873867,26.9122421],[75.7873875,26.9122421],[75.7873875,26.9122428],[75.7873883,26.9122428],[75.7873883,26.9122435],[75.7873891,26.9122435],[75.7873892,26.9122442],[75.78739,26.9122442],[75.78739,26.9122457],[75.7873908,26.9122457],[75.7873908,26.9122464],[75.7873916,26.9122464],[75.7873916,26.9122478],[75.7873924,26.9122478],[75.7873924,26.9122485],[75.7873932,26.9122485],[75.7873932,26.9122493],[75.787394,26.9122492],[75.787394,26.9122507],[75.7873948,26.9122507],[75.7873948,26.9122514],[75.7873956,26.9122514],[75.7873957,26.9122528],[75.7873965,26.9122528],[75.7873965,26.9122536],[75.7873973,26.9122536],[75.7873973,26.9122543],[75.7873981,26.9122543],[75.7873981,26.912255],[75.7873989,26.912255],[75.7873989,26.9122557],[75.7873997,26.9122557],[75.7873997,26.9122572],[75.7874005,26.9122572],[75.7874005,26.9122586],[75.7874013,26.9122586],[75.7874013,26.9122593],[75.7874021,26.9122593],[75.7874022,26.9122608],[75.787403,26.9122608],[75.787403,26.9122615],[75.7874038,26.9122615],[75.7874038,26.9122629],[75.7874046,26.9122629],[75.7874046,26.9122644],[75.7874054,26.9122644],[75.7874054,26.9122651],[75.7874062,26.9122651],[75.7874062,26.9122665],[75.787407,26.9122665],[75.787407,26.9122672],[75.7874078,26.9122672],[75.7874079,26.9122687],[75.7874087,26.9122687],[75.7874087,26.9122694],[75.7874095,26.9122694],[75.7874095,26.9122701],[75.7874103,26.9122701],[75.7874103,26.9122708],[75.7874111,26.9122708],[75.7874111,26.9122715],[75.7874127,26.9122715],[75.7874127,26.9122723],[75.7874135,26.9122722],[75.7874135,26.912273],[75.7874184,26.9122729]]]}},{"type":"Feature","properties":{"building_id":"B-0143","vertices":258},"geometry":{"type":"Polygon","coordinates":[[[75.7877501,26.9114282],[75.7877501,26.9114275],[75.7877525,26.9114275],[75.7877525,26.911426],[75.7877533,26.911426],[75.7877533,26.9114253],[75.7877541,26.9114253],[75.7877541,26.9114246],[75.7877549,26.9114246],[75.7877549,26.9114239],[75.7877557,26.9114239],[75.7877557,26.9114224],[75.7877565,26.9114224],[75.7877565,26.911421],[75.7877581,26.911421],[75.7877581,26.9114202],[75.7877589,26.9114202],[75.7877589,26.9114188],[75.7877597,26.9114188],[75.7877597,26.9114173],[75.7877605,26.9114173],[75.7877605,26.9114166],[75.7877621,26.9114166],[75.7877621,26.9114159],[75.7877629,26.9114159],[75.7877629,26.9114152],[75.7877637,26.9114151],[75.7877637,26.9114137],[75.7877645,26.9114137],[75.7877645,26.911413],[75.7877653,26.911413],[75.7877653,26.9114122],[75.7877669,26.9114122],[75.7877669,26.9114115],[75.7877677,26.9114115],[75.7877677,26.9114108],[75.7877685,26.9114108],[75.7877685,26.9114093],[75.7877693,26.9114093],[75.7877693,26.9114086],[75.7877701,26.9114086],[75.7877701,26.9114079],[75.7877709,26.9114079],[75.7877709,26.9114072],[75.7877717,26.9114072],[75.7877717,26.9114064],[75.7877725,26.9114064],[75.7877725,26.9114057],[75.7877733,26.9114057],[75.7877733,26.911405],[75.7877741,26.911405],[75.7877741,26.9114043],[75.7877757,26.9114042],[75.7877757,26.9114035],[75.7877773,26.9114035],[75.7877773,26.9114028],[75.7877781,26.9114028],[75.7877781,26.9114013],[75.7877789,26.9114013],[75.7877789,26.9114006],[75.7877797,26.9114006],[75.7877797,26.9113999],[75.7877805,26.9113999],[75.7877805,26.9113963],[75.7877797,26.9113963],[75.7877796,26.9113956],[75.7877788,26.9113956],[75.7877788,26.9113941],[75.787778,26.9113941],[75.787778,26.9113927],[75.7877772,26.9113927],[75.7877772,26.911392],[75.7877764,26.911392],[75.7877764,26.9113912],[75.7877756,26.9113912],[75.7877756,26.9113905],[75.7877748,26.9113905],[75.7877748,26.9113898],[75.787774,26.9113898],[75.787774,26.9113891],[75.7877732,26.9113891],[75.7877731,26.9113869],[75.7877723,26.9113869],[75.7877723,26.911384],[75.7877731,26.911384],[75.7877731,26.9113833],[75.7877747,26.9113833],[75.7877747,26.9113819],[75.7877755,26.9113819],[75.7877755,26.9113811],[75.7877739,26.9113811],[75.7877739,26.9113797],[75.7877731,26.9113797],[75.7877731,26.911379],[75.7877739,26.911379],[75.7877739,26.9113775],[75.7877763,26.9113775],[75.7877763,26.9113768],[75.7877771,26.9113768],[75.7877771,26.9113753],[75.7877763,26.9113754],[75.7877763,26.9113746],[75.7877755,26.9113746],[75.7877755,26.9113739],[75.7877747,26.9113739],[75.7877747,26.9113732],[75.7877739,26.9113732],[75.7877738,26.9113725],[75.787773,26.9113725],[75.787773,26.9113718],[75.7877722,26.9113718],[75.7877722,26.9113703],[75.7877714,26.9113703],[75.7877714,26.9113696],[75.7877706,26.9113696],[75.7877706,26.9113682],[75.7877698,26.9113682],[75.7877698,26.9113674],[75.787769,26.9113674],[75.787769,26.911366],[75.7877682,26.911366],[75.7877682,26.9113653],[75.7877674,26.9113653],[75.7877673,26.9113646],[75.7877665,26.9113646],[75.7877665,26.9113631],[75.7877657,26.9113631],[75.7877657,26.9113624],[75.7877649,26.9113624],[75.7877649,26.9113617],[75.7877641,26.9113617],[75.7877641,26.9113603],[75.7877633,26.9113603],[75.7877633,26.9113595],[75.7877625,26.9113595],[75.7877625,26.9113581],[75.7877617,26.9113581],[75.7877617,26.9113574],[75.7877609,26.9113574],[75.7877608,26.9113567],[75.7877125,26.9113569],[75.7877125,26.9113577],[75.7877117,26.9113577],[75.7877117,26.9113584],[75.7877109,26.9113584],[75.7877109,26.9113591],[75.7877101,26.9113591],[75.7877101,26.9113598],[75.7877093,26.9113598],[75.7877093,26.9113606],[75.7877085,26.9113606],[75.7877085,26.9113613],[75.7877077,26.9113613],[75.7877077,26.911362],[75.7877069,26.911362],[75.7877069,26.9113627],[75.7877061,26.9113627],[75.7877061,26.9113635],[75.7877053,26.9113635],[75.7877053,26.9113656],[75.7877045,26.9113656],[75.7877045,26.91137],[75.7877053,26.91137],[75.7877054,26.9113714],[75.7877062,26.9113714],[75.7877062,26.9113808],[75.787707,26.9113808],[75.787707,26.911383],[75.7877079,26.911383],[75.7877079,26.9113844],[75.7877087,26.9113844],[75.7877087,26.9113858],[75.7877095,26.9113858],[75.7877095,26.9113866],[75.7877103,26.9113866],[75.7877103,26.911388],[75.7877111,26.911388],[75.7877111,26.9113887],[75.7877119,26.9113887],[75.7877119,26.9113894],[75.7877127,26.9113894],[75.7877127,26.9113902],[75.7877135,26.9113901],[75.7877136,26.9113923],[75.7877144,26.9113923],[75.7877144,26.911393],[75.7877152,26.911393],[75.7877152,26.9113945],[75.787716,26.9113945],[75.787716,26.9113952],[75.7877168,26.9113952],[75.7877168,26.9113966],[75.7877176,26.9113966],[75.7877176,26.9113973],[75.7877184,26.9113973],[75.7877184,26.9113988],[75.7877192,26.9113988],[75.7877193,26.9114002],[75.7877201,26.9114002],[75.7877201,26.9114017],[75.7877209,26.9114017],[75.7877209,26.9114024],[75.7877217,26.9114024],[75.7877217,26.9114031],[75.7877225,26.9114031],[75.7877225,26.9114045],[75.7877233,26.9114045],[75.7877233,26.9114053],[75.7877241,26.9114053],[75.7877241,26.911406],[75.7877257,26.911406],[75.7877257,26.9114067],[75.7877265,26.9114067],[75.7877266,26.9114074],[75.7877274,26.9114074],[75.7877274,26.9114081],[75.7877282,26.9114081],[75.7877282,26.9114088],[75.7877306,26.9114088],[75.7877306,26.9114096],[75.7877314,26.9114095],[75.7877314,26.9114103],[75.7877322,26.9114103],[75.7877322,26.9114117],[75.787733,26.9114117],[75.787733,26.9114124],[75.7877338,26.9114124],[75.7877338,26.9114131],[75.7877347,26.9114131],[75.7877347,26.9114139],[75.7877355,26.9114139],[75.7877355,26.9114146],[75.7877363,26.9114146],[75.7877363,26.911416],[75.7877371,26.911416],[75.7877371,26.9114167],[75.7877379,26.9114167],[75.7877379,26.9114175],[75.7877387,26.9114175],[75.7877387,26.9114182],[75.7877403,26.9114182],[75.7877403,26.9114189],[75.7877411,26.9114189],[75.7877411,26.9114203],[75.787742,26.9114203],[75.787742,26.911421],[75.7877428,26.911421],[75.7877428,26.9114218],[75.7877436,26.9114218],[75.7877436,26.9114232],[75.7877444,26.9114232],[75.7877444,26.9114246],[75.7877452,26.9114246],[75.7877452,26.9114254],[75.787746,26.9114254],[75.787746,26.9114268],[75.7877468,26.9114268],[75.7877468,26.9114282],[75.7877501,26.9114282]]]}},{"type":"Feature","properties":{"building_id":"B-0078","vertices":368},"geometry":{"type":"Polygon","coordinates":[[[75.7882556,26.9118349],[75.7882556,26.9118342],[75.7882564,26.9118342],[75.7882564,26.9118335],[75.7882572,26.9118335],[75.7882572,26.911832],[75.788258,26.911832],[75.788258,26.9118313],[75.7882588,26.9118313],[75.7882588,26.9118306],[75.7882596,26.9118306],[75.7882596,26.9118298],[75.7882604,26.9118298],[75.7882604,26.9118291],[75.7882612,26.9118291],[75.7882612,26.9118284],[75.788262,26.9118284],[75.788262,26.9118277],[75.7882628,26.9118277],[75.7882628,26.9118269],[75.7882636,26.9118269],[75.7882636,26.9118255],[75.7882644,26.9118255],[75.7882644,26.9118248],[75.7882652,26.9118248],[75.7882652,26.9118233],[75.788266,26.9118233],[75.788266,26.9118226],[75.7882668,26.9118226],[75.7882668,26.9118219],[75.7882676,26.9118219],[75.7882676,26.9118211],[75.7882684,26.9118211],[75.7882684,26.9118197],[75.7882692,26.9118197],[75.7882692,26.911819],[75.78827,26.9118189],[75.78827,26.9118182],[75.7882708,26.9118182],[75.7882708,26.9118168],[75.7882716,26.9118168],[75.7882716,26.9118161],[75.7882724,26.911816],[75.7882724,26.9118153],[75.7882732,26.9118153],[75.7882732,26.9118139],[75.788274,26.9118139],[75.788274,26.9118131],[75.7882748,26.9118131],[75.7882748,26.9118124],[75.7882756,26.9118124],[75.7882756,26.911811],[75.7882764,26.911811],[75.7882764,26.9118102],[75.7882772,26.9118102],[75.7882772,26.9118095],[75.788278,26.9118095],[75.788278,26.9118081],[75.7882788,26.9118081],[75.7882788,26.9118073],[75.7882796,26.9118073],[75.7882796,26.9118059],[75.7882804,26.9118059],[75.7882804,26.9118052],[75.7882812,26.9118052],[75.7882812,26.9118044],[75.788282,26.9118044],[75.788282,26.9118037],[75.7882828,26.9118037],[75.7882828,26.911803],[75.7882836,26.911803],[75.7882836,26.9118023],[75.7882844,26.9118023],[75.7882844,26.9118015],[75.7882852,26.9118015],[75.7882852,26.9118008],[75.788286,26.9118008],[75.788286,26.9118001],[75.7882868,26.9118001],[75.7882868,26.9117994],[75.7882876,26.9117994],[75.7882876,26.9117986],[75.7882884,26.9117986],[75.7882884,26.9117979],[75.7882892,26.9117979],[75.7882892,26.9117965],[75.78829,26.9117964],[75.78829,26.9117957],[75.7882908,26.9117957],[75.7882908,26.9117943],[75.7882916,26.9117943],[75.7882916,26.9117928],[75.7882924,26.9117928],[75.7882923,26.9117849],[75.7882915,26.9117849],[75.7882915,26.9117842],[75.7882907,26.9117842],[75.7882907,26.9117834],[75.7882899,26.9117834],[75.7882899,26.9117827],[75.7882891,26.9117827],[75.7882891,26.911782],[75.7882883,26.911782],[75.7882883,26.9117813],[75.7882875,26.9117813],[75.7882875,26.9117806],[75.7882867,26.9117806],[75.7882867,26.9117799],[75.7882858,26.9117799],[75.7882858,26.9117791],[75.788285,26.9117791],[75.788285,26.9117784],[75.7882834,26.9117784],[75.7882834,26.9117777],[75.7882826,26.9117777],[75.7882826,26.911777],[75.7882818,26.911777],[75.7882818,26.9117763],[75.788281,26.9117763],[75.788281,26.9117748],[75.7882802,26.9117748],[75.7882802,26.9117741],[75.7882794,26.9117741],[75.7882794,26.9117734],[75.7882786,26.9117734],[75.7882785,26.9117727],[75.7882777,26.9117727],[75.7882777,26.911772],[75.7882761,26.911772],[75.7882761,26.9117712],[75.7882753,26.9117713],[75.7882753,26.9117705],[75.7882745,26.9117705],[75.7882745,26.9117698],[75.7882729,26.9117698],[75.7882729,26.9117691],[75.7882721,26.9117691],[75.7882721,26.9117684],[75.7882713,26.9117684],[75.7882713,26.9117677],[75.7882705,26.9117677],[75.7882705,26.9117669],[75.7882696,26.9117669],[75.7882696,26.9117662],[75.7882688,26.9117662],[75.7882688,26.9117655],[75.7882672,26.9117655],[75.7882672,26.9117648],[75.7882664,26.9117648],[75.7882664,26.9117641],[75.7882648,26.9117641],[75.7882648,26.9117634],[75.788264,26.9117634],[75.788264,26.9117626],[75.7882624,26.9117627],[75.7882624,26.9117619],[75.7882616,26.9117619],[75.7882615,26.9117612],[75.7882599,26.9117612],[75.7882599,26.9117605],[75.7882591,26.9117605],[75.7882591,26.9117598],[75.7882583,26.9117598],[75.7882583,26.9117591],[75.7882567,26.9117591],[75.7882567,26.9117584],[75.7882559,26.9117584],[75.7882559,26.9117576],[75.7882551,26.9117576],[75.7882551,26.9117569],[75.7882535,26.9117569],[75.7882535,26.9117555],[75.7882526,26.9117555],[75.7882526,26.9117548],[75.7882518,26.9117548],[75.7882518,26.911754],[75.788251,26.9117541],[75.788251,26.9117533],[75.7882502,26.9117533],[75.7882502,26.9117526],[75.7882486,26.9117526],[75.7882486,26.9117519],[75.788247,26.9117519],[75.788247,26.9117512],[75.7882462,26.9117512],[75.7882462,26.9117505],[75.7882437,26.9117505],[75.7882437,26.9117498],[75.7882373,26.9117498],[75.7882373,26.9117512],[75.7882365,26.9117512],[75.7882365,26.9117527],[75.7882357,26.9117527],[75.7882357,26.911757],[75.788239,26.911757],[75.788239,26.9117577],[75.7882406,26.9117577],[75.7882406,26.9117584],[75.7882414,26.9117584],[75.7882414,26.9117592],[75.788243,26.9117592],[75.788243,26.9117599],[75.7882446,26.9117599],[75.7882446,26.9117606],[75.7882462,26.9117606],[75.7882462,26.9117613],[75.788247,26.9117613],[75.7882471,26.9117635],[75.7882479,26.9117635],[75.7882479,26.9117649],[75.7882487,26.9117649],[75.7882487,26.9117678],[75.7882479,26.9117678],[75.7882479,26.91177],[75.7882471,26.91177],[75.7882471,26.9117714],[75.7882463,26.9117714],[75.7882463,26.9117721],[75.7882455,26.9117721],[75.7882455,26.9117729],[75.7882447,26.9117729],[75.7882447,26.9117743],[75.7882439,26.9117743],[75.7882439,26.911775],[75.7882431,26.911775],[75.7882431,26.9117758],[75.7882423,26.9117758],[75.7882423,26.9117765],[75.7882415,26.9117765],[75.7882415,26.9117772],[75.7882407,26.9117772],[75.7882407,26.9117787],[75.7882399,26.9117787],[75.7882399,26.9117794],[75.7882391,26.9117794],[75.7882391,26.9117801],[75.7882383,26.9117801],[75.7882383,26.9117808],[75.7882375,26.9117809],[75.7882375,26.9117816],[75.7882343,26.9117816],[75.7882343,26.9117809],[75.7882327,26.9117809],[75.7882327,26.9117802],[75.7882311,26.9117802],[75.7882311,26.9117794],[75.7882286,26.9117795],[75.7882286,26.9117802],[75.7882246,26.9117802],[75.7882246,26.9117816],[75.7882238,26.9117817],[75.7882238,26.9117853],[75.788223,26.9117853],[75.7882231,26.9117867],[75.7882222,26.9117867],[75.7882223,26.9117882],[75.7882215,26.9117882],[75.7882215,26.9117889],[75.7882207,26.9117889],[75.7882207,26.9117896],[75.7882199,26.9117896],[75.7882199,26.9117903],[75.7882191,26.9117903],[75.7882191,26.9117911],[75.7882183,26.9117911],[75.7882183,26.9117918],[75.7882174,26.9117918],[75.7882175,26.9117925],[75.7882166,26.9117925],[75.7882167,26.9117932],[75.7882158,26.9117933],[75.7882159,26.911794],[75.788215,26.911794],[75.7882151,26.9117947],[75.7882134,26.9117947],[75.7882135,26.9117962],[75.7882126,26.9117962],[75.7882127,26.9117976],[75.7882119,26.9117976],[75.7882119,26.9117983],[75.7882127,26.9117983],[75.7882127,26.911799],[75.7882135,26.911799],[75.7882135,26.9118005],[75.7882143,26.9118005],[75.7882143,26.9118019],[75.7882151,26.9118019],[75.7882151,26.9118026],[75.7882159,26.9118026],[75.7882159,26.9118034],[75.7882167,26.9118034],[75.7882167,26.9118041],[75.7882175,26.9118041],[75.7882175,26.9118048],[75.7882183,26.9118048],[75.7882184,26.9118055],[75.7882192,26.9118055],[75.7882192,26.911807],[75.7882208,26.9118069],[75.7882208,26.9118077],[75.7882216,26.9118077],[75.7882216,26.9118091],[75.7882224,26.9118091],[75.7882224,26.9118098],[75.7882232,26.9118098],[75.7882232,26.9118105],[75.788224,26.9118105],[75.788224,26.9118113],[75.7882248,26.9118113],[75.7882248,26.911812],[75.7882256,26.911812],[75.7882257,26.9118127],[75.7882265,26.9118127],[75.7882265,26.9118134],[75.7882273,26.9118134],[75.7882273,26.9118141],[75.7882281,26.9118141],[75.7882281,26.9118149],[75.7882289,26.9118148],[75.7882289,26.9118156],[75.7882305,26.9118156],[75.7882305,26.9118163],[75.7882313,26.9118163],[75.7882313,26.911817],[75.7882321,26.911817],[75.7882321,26.9118177],[75.7882329,26.9118177],[75.7882329,26.9118184],[75.7882337,26.9118184],[75.7882338,26.9118192],[75.7882346,26.9118191],[75.7882346,26.9118199],[75.7882354,26.9118199],[75.7882354,26.9118206],[75.7882362,26.9118206],[75.7882362,26.911822],[75.788237,26.911822],[75.788237,26.9118227],[75.7882378,26.9118227],[75.7882378,26.9118242],[75.7882386,26.9118242],[75.7882386,26.9118249],[75.7882394,26.9118249],[75.7882394,26.9118263],[75.7882402,26.9118263],[75.7882403,26.9118271],[75.7882411,26.9118271],[75.7882411,26.9118278],[75.7882419,26.9118278],[75.7882419,26.9118285],[75.7882427,26.9118285],[75.7882427,26.9118292],[75.7882435,26.9118292],[75.7882435,26.9118299],[75.7882443,26.9118299],[75.7882443,26.9118306],[75.7882451,26.9118306],[75.7882451,26.9118314],[75.7882459,26.9118314],[75.7882459,26.9118321],[75.7882467,26.9118321],[75.7882467,26.9118328],[75.7882483,26.9118328],[75.7882484,26.9118335],[75.78825,26.9118335],[75.78825,26.9118342],[75.7882508,26.9118342],[75.7882508,26.9118349],[75.7882556,26.9118349]]]}},{"type":"Feature","properties":{"building_id":"B-0071","vertices":266},"geometry":{"type":"Polygon","coordinates":[[[75.7877559,26.9119157],[75.7877559,26.911915],[75.7877567,26.911915],[75.7877567,26.9119143],[75.7877583,26.9119143],[75.7877583,26.9119128],[75.7877591,26.9119128],[75.7877591,26.9119121],[75.7877599,26.9119121],[75.7877599,26.9119106],[75.7877607,26.9119106],[75.7877607,26.9119092],[75.7877615,26.9119092],[75.7877615,26.9119085],[75.7877623,26.9119085],[75.7877622,26.9119063],[75.787763,26.9119063],[75.787763,26.9119056],[75.7877638,26.9119056],[75.7877638,26.9119048],[75.7877647,26.9119048],[75.7877646,26.9119041],[75.7877655,26.9119041],[75.7877654,26.9119027],[75.7877662,26.9119027],[75.7877662,26.9119019],[75.787767,26.9119019],[75.787767,26.9118998],[75.7877678,26.9118998],[75.7877678,26.9118983],[75.7877686,26.9118983],[75.7877686,26.9118969],[75.7877694,26.9118969],[75.7877694,26.9118961],[75.7877702,26.9118961],[75.7877702,26.9118947],[75.787771,26.9118947],[75.787771,26.911894],[75.7877726,26.911894],[75.7877726,26.9118932],[75.7877734,26.9118932],[75.7877734,26.9118918],[75.7877742,26.9118918],[75.7877742,26.9118911],[75.787775,26.911891],[75.787775,26.9118903],[75.7877758,26.9118903],[75.7877758,26.9118896],[75.7877766,26.9118896],[75.7877766,26.9118882],[75.7877774,26.9118881],[75.7877774,26.9118874],[75.7877782,26.9118874],[75.7877782,26.911886],[75.787779,26.911886],[75.787779,26.9118852],[75.7877798,26.9118852],[75.7877798,26.9118845],[75.7877814,26.9118845],[75.7877814,26.9118831],[75.7877822,26.9118831],[75.7877822,26.9118816],[75.787783,26.9118816],[75.787783,26.9118809],[75.7877838,26.9118809],[75.7877838,26.9118794],[75.7877846,26.9118794],[75.7877846,26.911878],[75.7877854,26.911878],[75.7877854,26.9118765],[75.7877862,26.9118765],[75.7877862,26.9118758],[75.787787,26.9118758],[75.7877869,26.911865],[75.7877861,26.911865],[75.7877861,26.9118621],[75.7877853,26.9118621],[75.7877853,26.9118607],[75.7877813,26.9118607],[75.7877813,26.91186],[75.7877805,26.91186],[75.7877804,26.9118592],[75.7877796,26.9118592],[75.7877796,26.91186],[75.7877788,26.91186],[75.7877788,26.9118607],[75.7877772,26.9118607],[75.7877772,26.9118549],[75.7877764,26.9118549],[75.7877764,26.9118535],[75.7877756,26.9118535],[75.7877756,26.9118528],[75.787774,26.9118528],[75.787774,26.9118521],[75.7877731,26.9118521],[75.7877731,26.9118513],[75.7877715,26.9118513],[75.7877715,26.9118506],[75.7877699,26.9118506],[75.7877699,26.9118499],[75.7877691,26.9118499],[75.7877691,26.9118492],[75.7877675,26.9118492],[75.7877675,26.9118485],[75.7877659,26.9118485],[75.7877659,26.9118478],[75.7877651,26.9118478],[75.7877651,26.911847],[75.7877642,26.9118471],[75.7877642,26.9118463],[75.7877634,26.9118463],[75.7877634,26.9118456],[75.7877626,26.9118456],[75.7877626,26.9118449],[75.7877618,26.9118449],[75.7877618,26.9118442],[75.787761,26.9118442],[75.787761,26.9118435],[75.7877602,26.9118435],[75.7877602,26.9118427],[75.787757,26.9118428],[75.787757,26.911842],[75.7877537,26.9118421],[75.7877537,26.9118413],[75.7877513,26.9118413],[75.7877513,26.9118406],[75.7877481,26.9118406],[75.7877481,26.9118399],[75.7877457,26.9118399],[75.7877457,26.9118392],[75.7877449,26.9118392],[75.7877449,26.9118385],[75.787744,26.9118385],[75.787744,26.9118378],[75.7877432,26.9118378],[75.7877432,26.9118371],[75.7877416,26.9118371],[75.7877416,26.9118363],[75.7877344,26.9118364],[75.7877345,26.911853],[75.7877337,26.911853],[75.7877337,26.9118544],[75.7877329,26.9118544],[75.7877329,26.9118559],[75.7877321,26.9118559],[75.7877321,26.9118566],[75.7877313,26.9118566],[75.7877313,26.9118573],[75.7877305,26.9118574],[75.7877305,26.9118595],[75.7877297,26.9118595],[75.7877297,26.911861],[75.7877289,26.911861],[75.7877289,26.9118631],[75.7877281,26.9118631],[75.7877281,26.9118639],[75.7877273,26.9118639],[75.7877273,26.9118646],[75.7877265,26.9118646],[75.7877265,26.9118653],[75.7877257,26.9118653],[75.7877257,26.911866],[75.7877249,26.911866],[75.7877249,26.9118682],[75.7877241,26.9118682],[75.7877241,26.9118704],[75.7877233,26.9118704],[75.7877233,26.9118726],[75.7877225,26.9118726],[75.7877225,26.911874],[75.7877217,26.911874],[75.7877218,26.9118762],[75.7877201,26.9118762],[75.7877201,26.9118769],[75.7877193,26.9118769],[75.7877193,26.9118776],[75.7877153,26.9118777],[75.7877153,26.9118791],[75.7877145,26.9118791],[75.7877145,26.9118798],[75.7877121,26.9118798],[75.7877121,26.9118806],[75.7877113,26.9118806],[75.7877113,26.911882],[75.7877105,26.911882],[75.7877105,26.9118849],[75.7877113,26.9118849],[75.7877113,26.9118863],[75.7877122,26.9118863],[75.7877122,26.9118871],[75.787713,26.9118871],[75.787713,26.9118878],[75.7877138,26.9118878],[75.7877138,26.9118885],[75.7877146,26.9118885],[75.7877146,26.9118892],[75.7877154,26.9118892],[75.7877154,26.9118899],[75.7877162,26.9118899],[75.7877162,26.9118907],[75.7877178,26.9118906],[75.7877178,26.9118914],[75.7877194,26.9118914],[75.7877194,26.9118921],[75.7877211,26.9118921],[75.7877211,26.9118928],[75.7877219,26.9118928],[75.7877219,26.9118935],[75.7877227,26.9118935],[75.7877227,26.9118942],[75.7877235,26.9118942],[75.7877235,26.9118949],[75.7877243,26.9118949],[75.7877243,26.9118957],[75.7877251,26.9118957],[75.7877251,26.9118964],[75.7877259,26.9118964],[75.7877259,26.9118971],[75.7877267,26.9118971],[75.7877267,26.9118978],[75.7877283,26.9118978],[75.7877284,26.9118985],[75.7877292,26.9118985],[75.7877292,26.9118992],[75.7877308,26.9118992],[75.7877308,26.9119],[75.7877316,26.9119],[75.7877316,26.9119007],[75.7877324,26.9119007],[75.7877324,26.9119014],[75.7877332,26.9119014],[75.7877332,26.9119021],[75.787734,26.9119021],[75.787734,26.9119028],[75.7877356,26.9119028],[75.7877356,26.9119035],[75.7877381,26.9119035],[75.7877381,26.9119043],[75.7877397,26.9119042],[75.7877397,26.911905],[75.7877413,26.911905],[75.7877413,26.9119057],[75.7877429,26.9119057],[75.7877429,26.9119064],[75.7877445,26.9119064],[75.7877445,26.9119071],[75.7877453,26.9119071],[75.7877453,26.9119078],[75.7877469,26.9119078],[75.787747,26.9119085],[75.7877478,26.9119085],[75.7877478,26.91191],[75.7877486,26.91191],[75.7877486,26.9119114],[75.7877494,26.9119114],[75.7877494,26.9119121],[75.7877502,26.9119121],[75.7877502,26.9119129],[75.787751,26.9119129],[75.787751,26.9119136],[75.7877518,26.9119136],[75.7877518,26.9119143],[75.7877526,26.9119143],[75.7877526,26.911915],[75.7877542,26.911915],[75.7877543,26.9119157],[75.7877559,26.9119157]]]}},{"type":"Feature","properties":{"building_id":"B-0105","vertices":332},"geometry":{"type":"Polygon","coordinates":[[[75.7882489,26.9116869],[75.7882489,26.9116862],[75.7882506,26.9116862],[75.7882505,26.9116854],[75.7882514,26.9116854],[75.7882513,26.911684],[75.7882521,26.911684],[75.7882521,26.9116833],[75.788253,26.9116833],[75.7882529,26.9116825],[75.7882538,26.9116825],[75.7882537,26.9116818],[75.7882546,26.9116818],[75.7882545,26.9116811],[75.7882554,26.9116811],[75.7882553,26.9116796],[75.7882561,26.9116796],[75.7882561,26.9116789],[75.7882578,26.9116789],[75.7882577,26.9116782],[75.7882586,26.9116782],[75.7882585,26.9116775],[75.7882594,26.9116774],[75.7882594,26.9116767],[75.7882602,26.9116767],[75.7882601,26.9116753],[75.788261,26.9116753],[75.7882609,26.9116745],[75.7882618,26.9116745],[75.7882617,26.9116738],[75.7882626,26.9116738],[75.7882625,26.9116731],[75.7882634,26.9116731],[75.7882633,26.9116724],[75.7882642,26.9116724],[75.7882641,26.9116709],[75.7882649,26.9116709],[75.7882649,26.9116702],[75.7882666,26.9116702],[75.7882666,26.9116695],[75.7882674,26.9116695],[75.7882673,26.911668],[75.7882682,26.911668],[75.7882681,26.9116673],[75.788269,26.9116673],[75.7882689,26.9116666],[75.7882698,26.9116666],[75.7882697,26.9116658],[75.7882706,26.9116658],[75.7882705,26.9116651],[75.7882714,26.9116651],[75.7882713,26.9116644],[75.7882722,26.9116644],[75.7882721,26.9116637],[75.788273,26.9116636],[75.788273,26.9116629],[75.7882738,26.9116629],[75.7882738,26.9116622],[75.7882746,26.9116622],[75.7882746,26.9116615],[75.7882762,26.9116615],[75.7882762,26.9116607],[75.788277,26.9116607],[75.788277,26.91166],[75.7882778,26.91166],[75.7882778,26.9116593],[75.7882786,26.9116593],[75.7882786,26.9116586],[75.7882794,26.9116586],[75.7882794,26.9116578],[75.7882802,26.9116578],[75.7882802,26.9116571],[75.788281,26.9116571],[75.788281,26.9116557],[75.7882818,26.9116557],[75.7882818,26.9116549],[75.7882826,26.9116549],[75.7882826,26.9116542],[75.7882834,26.9116542],[75.7882834,26.9116535],[75.7882842,26.9116535],[75.7882842,26.9116528],[75.788285,26.9116527],[75.788285,26.911652],[75.7882858,26.911652],[75.7882858,26.9116513],[75.7882866,26.9116513],[75.7882866,26.9116506],[75.7882874,26.9116506],[75.7882874,26.9116498],[75.7882882,26.9116498],[75.7882882,26.9116491],[75.788289,26.9116491],[75.788289,26.9116477],[75.7882898,26.9116477],[75.7882898,26.9116469],[75.7882906,26.9116469],[75.7882906,26.9116455],[75.7882914,26.9116455],[75.7882914,26.9116448],[75.7882922,26.9116448],[75.7882922,26.911644],[75.788293,26.911644],[75.788293,26.9116433],[75.7882938,26.9116433],[75.7882938,26.9116426],[75.7882946,26.9116426],[75.7882946,26.9116411],[75.7882954,26.9116411],[75.7882953,26.9116346],[75.7882945,26.9116346],[75.7882945,26.9116339],[75.7882937,26.9116339],[75.7882937,26.9116325],[75.7882929,26.9116325],[75.7882929,26.911631],[75.7882921,26.911631],[75.7882921,26.9116296],[75.7882912,26.9116296],[75.7882912,26.9116289],[75.7882904,26.9116289],[75.7882904,26.9116282],[75.7882896,26.9116282],[75.7882896,26.9116267],[75.7882888,26.9116267],[75.7882888,26.911626],[75.788288,26.911626],[75.788288,26.9116246],[75.7882872,26.9116246],[75.7882872,26.9116238],[75.7882864,26.9116238],[75.7882864,26.9116231],[75.7882856,26.9116231],[75.7882856,26.9116217],[75.7882847,26.9116217],[75.7882847,26.911621],[75.7882839,26.911621],[75.7882839,26.9116203],[75.7882831,26.9116203],[75.7882831,26.9116181],[75.7882823,26.9116181],[75.7882823,26.9116174],[75.7882815,26.9116174],[75.7882815,26.9116159],[75.7882807,26.9116159],[75.7882807,26.9116152],[75.7882799,26.9116152],[75.7882799,26.9116145],[75.7882791,26.9116145],[75.7882791,26.9116138],[75.7882782,26.9116138],[75.7882782,26.9116123],[75.7882774,26.9116123],[75.7882774,26.9116116],[75.7882766,26.9116116],[75.7882766,26.9116109],[75.7882758,26.9116109],[75.7882758,26.9116102],[75.788275,26.9116102],[75.788275,26.9116087],[75.7882742,26.9116087],[75.7882742,26.911608],[75.7882734,26.911608],[75.7882734,26.9116073],[75.7882726,26.9116073],[75.7882726,26.9116059],[75.7882717,26.9116059],[75.7882717,26.9116044],[75.7882709,26.9116044],[75.7882709,26.9116037],[75.7882701,26.9116037],[75.7882701,26.9116023],[75.7882693,26.9116023],[75.7882693,26.9116008],[75.7882685,26.9116008],[75.7882685,26.9116001],[75.7882677,26.9116001],[75.7882677,26.9115994],[75.7882669,26.9115994],[75.7882669,26.911598],[75.7882661,26.911598],[75.788266,26.9115972],[75.7882644,26.9115972],[75.7882644,26.9115965],[75.7882628,26.9115965],[75.7882628,26.9115958],[75.7882612,26.9115958],[75.7882612,26.9115951],[75.7882604,26.9115951],[75.7882604,26.9115944],[75.7882596,26.9115944],[75.7882596,26.9115937],[75.7882547,26.9115937],[75.7882548,26.9115944],[75.7882539,26.9115944],[75.788254,26.9115959],[75.7882531,26.9115959],[75.7882532,26.9115966],[75.7882523,26.9115966],[75.7882524,26.9115988],[75.7882516,26.9115988],[75.7882516,26.9116002],[75.7882508,26.9116002],[75.7882508,26.9116017],[75.78825,26.9116017],[75.78825,26.9116031],[75.7882492,26.9116031],[75.7882492,26.9116046],[75.7882484,26.9116046],[75.7882484,26.9116053],[75.7882476,26.9116053],[75.7882476,26.9116067],[75.7882468,26.9116067],[75.7882468,26.9116082],[75.788246,26.9116082],[75.788246,26.9116096],[75.7882452,26.9116096],[75.7882452,26.9116111],[75.7882444,26.9116111],[75.7882444,26.9116118],[75.7882436,26.9116118],[75.7882436,26.9116133],[75.7882428,26.9116133],[75.7882428,26.9116147],[75.788242,26.9116147],[75.788242,26.9116169],[75.7882412,26.9116169],[75.7882412,26.9116176],[75.7882404,26.9116176],[75.7882404,26.9116183],[75.7882396,26.9116183],[75.7882396,26.9116198],[75.7882388,26.9116198],[75.7882388,26.9116205],[75.788238,26.9116205],[75.788238,26.911622],[75.7882372,26.911622],[75.7882372,26.9116234],[75.7882364,26.9116234],[75.7882364,26.9116249],[75.7882356,26.9116249],[75.7882356,26.9116263],[75.7882348,26.9116263],[75.7882348,26.9116285],[75.788234,26.9116285],[75.788234,26.9116292],[75.7882332,26.9116292],[75.7882332,26.9116306],[75.7882324,26.9116307],[75.7882325,26.9116335],[75.7882317,26.9116335],[75.7882317,26.9116357],[75.7882325,26.9116357],[75.7882325,26.9116364],[75.7882333,26.9116364],[75.7882333,26.9116371],[75.7882357,26.9116371],[75.7882357,26.9116379],[75.7882373,26.9116378],[75.7882373,26.9116386],[75.7882381,26.9116386],[75.7882381,26.91164],[75.7882398,26.91164],[75.7882398,26.9116407],[75.7882454,26.9116407],[75.7882454,26.9116414],[75.788247,26.9116414],[75.788247,26.9116421],[75.7882478,26.9116421],[75.7882479,26.9116486],[75.7882471,26.9116486],[75.7882471,26.9116493],[75.7882463,26.9116494],[75.7882463,26.9116501],[75.7882455,26.9116501],[75.7882455,26.9116515],[75.7882447,26.9116515],[75.7882447,26.9116523],[75.7882439,26.9116523],[75.7882439,26.9116537],[75.7882447,26.9116537],[75.7882447,26.9116551],[75.7882439,26.9116551],[75.7882439,26.9116566],[75.7882431,26.9116566],[75.7882431,26.9116573],[75.7882415,26.9116573],[75.7882415,26.9116588],[75.7882407,26.9116588],[75.7882407,26.9116595],[75.7882399,26.9116595],[75.7882399,26.9116602],[75.7882391,26.9116602],[75.7882391,26.9116609],[75.7882383,26.911661],[75.7882383,26.9116631],[75.7882375,26.9116631],[75.7882375,26.9116646],[75.7882367,26.9116646],[75.7882367,26.9116675],[75.7882359,26.9116675],[75.7882359,26.9116682],[75.7882351,26.9116682],[75.7882352,26.9116725],[75.7882343,26.9116725],[75.7882344,26.9116733],[75.7882335,26.9116733],[75.7882336,26.911674],[75.7882327,26.911674],[75.7882328,26.9116754],[75.7882319,26.9116754],[75.788232,26.9116769],[75.7882303,26.9116769],[75.7882304,26.9116776],[75.7882295,26.9116776],[75.7882296,26.9116805],[75.7882312,26.9116805],[75.7882312,26.9116812],[75.7882328,26.9116812],[75.7882328,26.9116819],[75.7882344,26.9116819],[75.7882344,26.9116826],[75.788236,26.9116826],[75.788236,26.9116834],[75.7882368,26.9116834],[75.7882368,26.9116848],[75.7882377,26.9116848],[75.7882377,26.9116855],[75.7882401,26.9116855],[75.7882401,26.9116862],[75.7882457,26.9116862],[75.7882457,26.9116869],[75.7882489,26.9116869]]]}},{"type":"Feature","properties":{"building_id":"B-0084","vertices":214},"geometry":{"type":"Polygon","coordinates":[[[75.7873824,26.9117322],[75.7873816,26.9117322],[75.7873816,26.9117329],[75.7873775,26.9117329],[75.7873776,26.9117344],[75.7873784,26.9117344],[75.7873784,26.9117351],[75.7873792,26.9117351],[75.7873792,26.9117358],[75.7873776,26.9117358],[75.7873776,26.9117365],[75.7873768,26.9117365],[75.7873768,26.9117394],[75.7873752,26.9117394],[75.7873752,26.9117402],[75.787372,26.9117402],[75.787372,26.9117395],[75.7873711,26.9117395],[75.7873712,26.9117402],[75.7873647,26.9117402],[75.7873647,26.9117409],[75.7873623,26.911741],[75.7873623,26.9117417],[75.7873615,26.9117417],[75.7873615,26.9117438],[75.7873607,26.9117439],[75.7873607,26.9117467],[75.7873615,26.9117467],[75.7873615,26.9117482],[75.7873632,26.9117482],[75.7873632,26.9117489],[75.787364,26.9117489],[75.787364,26.9117496],[75.7873648,26.9117496],[75.7873648,26.9117503],[75.7873656,26.9117503],[75.7873656,26.911751],[75.7873664,26.911751],[75.7873664,26.9117518],[75.7873672,26.9117518],[75.7873672,26.9117532],[75.7873664,26.9117532],[75.7873664,26.9117554],[75.7873672,26.9117554],[75.7873673,26.911759],[75.7873681,26.911759],[75.7873681,26.9117604],[75.7873697,26.9117604],[75.7873697,26.9117611],[75.7873721,26.9117611],[75.7873721,26.9117618],[75.7873737,26.9117618],[75.7873737,26.9117626],[75.7873753,26.9117626],[75.7873753,26.9117633],[75.7873778,26.9117633],[75.7873778,26.911764],[75.7873802,26.911764],[75.7873802,26.9117647],[75.7873826,26.9117647],[75.7873826,26.9117654],[75.7873858,26.9117654],[75.7873858,26.9117661],[75.7873874,26.9117661],[75.7873875,26.9117668],[75.7873899,26.9117668],[75.7873899,26.9117675],[75.7873915,26.9117675],[75.7873915,26.9117682],[75.7873931,26.9117682],[75.7873931,26.911769],[75.7873955,26.9117689],[75.7873955,26.9117697],[75.7873988,26.9117696],[75.7873988,26.9117704],[75.7874004,26.9117704],[75.7874004,26.9117711],[75.7874028,26.9117711],[75.7874028,26.9117718],[75.7874052,26.9117718],[75.7874052,26.9117725],[75.7874076,26.9117725],[75.7874076,26.9117732],[75.7874092,26.9117732],[75.7874093,26.9117739],[75.7874117,26.9117739],[75.7874117,26.9117746],[75.7874133,26.9117746],[75.7874133,26.9117753],[75.7874149,26.9117753],[75.7874149,26.9117761],[75.7874165,26.911776],[75.7874165,26.9117768],[75.7874181,26.9117768],[75.7874181,26.9117775],[75.7874206,26.9117775],[75.7874206,26.9117782],[75.7874222,26.9117782],[75.7874222,26.9117789],[75.7874278,26.9117789],[75.7874278,26.9117781],[75.7874286,26.9117781],[75.7874286,26.911776],[75.7874294,26.911776],[75.7874294,26.9117738],[75.7874302,26.9117738],[75.7874302,26.9117709],[75.787431,26.9117709],[75.787431,26.9117702],[75.7874318,26.9117702],[75.7874318,26.9117695],[75.7874366,26.9117694],[75.7874366,26.9117702],[75.7874398,26.9117701],[75.7874398,26.9117694],[75.7874406,26.9117694],[75.7874406,26.9117687],[75.7874414,26.9117687],[75.7874414,26.9117672],[75.7874422,26.9117672],[75.7874422,26.9117636],[75.787443,26.9117636],[75.787443,26.9117607],[75.7874438,26.9117607],[75.7874438,26.9117586],[75.7874446,26.9117586],[75.7874446,26.9117542],[75.7874454,26.9117542],[75.7874453,26.9117455],[75.7874461,26.9117455],[75.7874461,26.9117419],[75.7874469,26.9117419],[75.7874469,26.9117405],[75.7874477,26.9117405],[75.7874477,26.9117383],[75.7874485,26.9117383],[75.7874485,26.9117369],[75.7874493,26.9117369],[75.7874492,26.9117325],[75.7874484,26.9117325],[75.7874484,26.9117318],[75.7874468,26.9117318],[75.7874468,26.9117311],[75.787446,26.9117311],[75.787446,26.9117304],[75.7874412,26.9117304],[75.7874412,26.9117297],[75.7874404,26.9117297],[75.7874404,26.911729],[75.7874371,26.911729],[75.7874371,26.9117283],[75.7874315,26.9117283],[75.7874315,26.9117276],[75.7874291,26.9117276],[75.7874291,26.9117269],[75.7874283,26.9117269],[75.7874283,26.9117261],[75.7874275,26.9117261],[75.7874274,26.9117254],[75.7874266,26.9117254],[75.7874266,26.9117247],[75.787425,26.9117247],[75.787425,26.911724],[75.7874242,26.911724],[75.7874242,26.9117233],[75.7874234,26.9117233],[75.7874234,26.9117226],[75.7874226,26.9117226],[75.7874226,26.9117218],[75.7874218,26.9117218],[75.7874218,26.9117211],[75.7874169,26.9117211],[75.787417,26.9117233],[75.7874162,26.9117233],[75.7874162,26.911724],[75.7874154,26.911724],[75.7874154,26.9117255],[75.7874146,26.9117255],[75.7874146,26.9117277],[75.7874138,26.9117277],[75.7874138,26.9117284],[75.7874122,26.9117284],[75.7874122,26.9117291],[75.7874097,26.9117291],[75.7874097,26.9117284],[75.7874081,26.9117284],[75.7874081,26.9117277],[75.7874041,26.9117277],[75.7874041,26.911727],[75.7874001,26.911727],[75.7874001,26.9117263],[75.7873952,26.9117263],[75.7873952,26.9117256],[75.7873944,26.9117256],[75.7873944,26.9117249],[75.7873928,26.9117249],[75.7873928,26.9117256],[75.7873904,26.9117256],[75.7873904,26.9117249],[75.7873872,26.9117249],[75.7873872,26.9117256],[75.7873864,26.9117257],[75.7873864,26.9117249],[75.7873847,26.9117249],[75.7873847,26.9117257],[75.7873839,26.9117257],[75.7873839,26.9117264],[75.7873831,26.9117264],[75.7873831,26.9117271],[75.7873823,26.9117271],[75.7873823,26.9117278],[75.7873815,26.9117278],[75.7873816,26.91173],[75.7873824,26.91173],[75.7873824,26.9117322]]]}},{"type":"Feature","properties":{"building_id":"B-0039","vertices":294},"geometry":{"type":"Polygon","coordinates":[[[75.7876081,26.9121043],[75.7876081,26.9121036],[75.7876121,26.9121036],[75.7876122,26.9121043],[75.7876194,26.9121043],[75.7876194,26.9121035],[75.787621,26.9121035],[75.787621,26.9121028],[75.7876218,26.9121028],[75.7876218,26.9121021],[75.7876226,26.9121021],[75.7876226,26.9121014],[75.7876242,26.9121013],[75.7876242,26.9120999],[75.787625,26.9120999],[75.787625,26.9120992],[75.7876258,26.9120992],[75.7876258,26.9120984],[75.7876266,26.9120984],[75.7876266,26.9120977],[75.7876274,26.9120977],[75.7876274,26.912097],[75.7876282,26.912097],[75.7876282,26.9120963],[75.787629,26.9120963],[75.787629,26.9120955],[75.7876298,26.9120955],[75.7876298,26.9120948],[75.7876306,26.9120948],[75.7876306,26.9120941],[75.7876314,26.9120941],[75.7876314,26.9120934],[75.7876322,26.9120934],[75.7876322,26.9120926],[75.787633,26.9120926],[75.787633,26.9120912],[75.7876338,26.9120912],[75.7876338,26.9120905],[75.7876346,26.9120905],[75.7876346,26.912089],[75.7876354,26.912089],[75.7876354,26.9120883],[75.7876362,26.9120883],[75.7876362,26.9120876],[75.787637,26.9120876],[75.787637,26.9120861],[75.7876378,26.9120861],[75.7876378,26.9120854],[75.7876386,26.9120854],[75.7876386,26.9120847],[75.7876394,26.9120846],[75.7876394,26.9120832],[75.7876402,26.9120832],[75.7876402,26.9120825],[75.787641,26.9120825],[75.787641,26.9120796],[75.7876418,26.9120796],[75.7876418,26.9120774],[75.7876426,26.9120774],[75.7876426,26.9120767],[75.7876434,26.9120767],[75.7876434,26.912076],[75.7876442,26.912076],[75.7876441,26.9120673],[75.7876425,26.9120673],[75.7876425,26.9120666],[75.7876401,26.9120666],[75.7876401,26.9120659],[75.7876393,26.9120659],[75.7876393,26.9120644],[75.7876385,26.9120644],[75.7876385,26.9120637],[75.7876377,26.9120637],[75.7876376,26.912063],[75.787636,26.912063],[75.787636,26.9120623],[75.7876352,26.9120623],[75.7876352,26.9120616],[75.7876344,26.9120616],[75.7876344,26.9120608],[75.7876328,26.9120609],[75.7876328,26.9120601],[75.7876312,26.9120601],[75.7876312,26.9120594],[75.7876304,26.9120594],[75.7876304,26.9120587],[75.7876288,26.9120587],[75.7876288,26.912058],[75.7876271,26.912058],[75.7876271,26.9120573],[75.7876255,26.9120573],[75.7876255,26.9120566],[75.7876247,26.9120566],[75.7876247,26.9120558],[75.7876231,26.9120558],[75.7876231,26.9120551],[75.7876223,26.9120551],[75.7876223,26.9120544],[75.7876215,26.9120544],[75.7876215,26.9120537],[75.7876207,26.9120537],[75.7876207,26.912053],[75.7876199,26.912053],[75.7876199,26.9120523],[75.787619,26.9120523],[75.787619,26.9120515],[75.7876174,26.9120515],[75.7876174,26.9120508],[75.7876166,26.9120508],[75.7876166,26.9120501],[75.7876158,26.9120501],[75.7876158,26.9120494],[75.787615,26.9120494],[75.787615,26.9120487],[75.7876134,26.9120487],[75.7876134,26.912048],[75.7876126,26.912048],[75.7876126,26.9120472],[75.7876118,26.9120472],[75.7876117,26.9120458],[75.7876109,26.9120458],[75.7876109,26.9120451],[75.7876093,26.9120451],[75.7876093,26.9120444],[75.7876085,26.9120444],[75.7876085,26.9120437],[75.7876077,26.9120437],[75.7876077,26.9120429],[75.7876069,26.9120429],[75.7876069,26.9120422],[75.7876061,26.9120422],[75.7876061,26.9120415],[75.7876053,26.9120415],[75.7876053,26.9120408],[75.7876045,26.9120408],[75.7876045,26.9120401],[75.7876037,26.9120401],[75.7876036,26.9120393],[75.7876028,26.9120393],[75.7876028,26.9120386],[75.787602,26.9120386],[75.787602,26.9120379],[75.7876012,26.9120379],[75.7876012,26.9120372],[75.7876004,26.9120372],[75.7876004,26.9120365],[75.7875996,26.9120365],[75.7875996,26.9120358],[75.787598,26.9120358],[75.787598,26.912035],[75.7875899,26.9120351],[75.7875899,26.9120365],[75.7875891,26.9120365],[75.7875891,26.9120373],[75.7875875,26.9120373],[75.7875875,26.9120387],[75.7875867,26.9120387],[75.7875867,26.9120394],[75.7875859,26.9120394],[75.7875859,26.9120423],[75.7875851,26.9120423],[75.7875852,26.9120445],[75.7875843,26.9120445],[75.7875844,26.9120452],[75.7875835,26.9120452],[75.7875836,26.912046],[75.7875827,26.912046],[75.7875828,26.9120467],[75.7875819,26.9120467],[75.787582,26.9120474],[75.7875811,26.9120474],[75.7875812,26.9120481],[75.7875803,26.9120481],[75.7875803,26.9120489],[75.7875787,26.9120489],[75.7875787,26.9120496],[75.7875779,26.9120496],[75.7875779,26.912051],[75.7875763,26.9120511],[75.7875763,26.9120518],[75.7875755,26.9120518],[75.7875755,26.9120525],[75.7875739,26.9120525],[75.7875739,26.9120532],[75.7875731,26.9120532],[75.7875731,26.912054],[75.7875723,26.912054],[75.7875723,26.9120547],[75.7875715,26.9120547],[75.7875715,26.9120554],[75.7875707,26.9120554],[75.7875707,26.9120561],[75.7875699,26.9120561],[75.7875699,26.9120569],[75.7875691,26.9120569],[75.7875691,26.9120576],[75.7875683,26.9120576],[75.7875683,26.912059],[75.7875675,26.912059],[75.7875675,26.9120598],[75.7875667,26.9120598],[75.7875667,26.9120605],[75.7875659,26.9120605],[75.7875659,26.9120612],[75.7875651,26.9120612],[75.7875651,26.9120627],[75.7875643,26.9120627],[75.7875643,26.9120641],[75.7875635,26.9120641],[75.7875636,26.9120685],[75.7875644,26.9120685],[75.7875644,26.9120692],[75.7875652,26.9120692],[75.7875652,26.9120699],[75.787566,26.9120699],[75.787566,26.9120706],[75.7875668,26.9120706],[75.7875668,26.9120713],[75.7875676,26.9120713],[75.7875676,26.912072],[75.7875692,26.912072],[75.7875692,26.9120728],[75.78757,26.9120728],[75.78757,26.9120735],[75.7875709,26.9120735],[75.7875709,26.9120742],[75.7875717,26.9120742],[75.7875717,26.9120749],[75.7875725,26.9120749],[75.7875725,26.9120756],[75.7875733,26.9120756],[75.7875733,26.9120763],[75.7875741,26.9120763],[75.7875741,26.9120771],[75.7875749,26.9120771],[75.7875749,26.9120778],[75.7875765,26.9120778],[75.7875765,26.9120785],[75.7875773,26.9120785],[75.7875773,26.9120792],[75.7875789,26.9120792],[75.787579,26.9120799],[75.7875798,26.9120799],[75.7875798,26.9120806],[75.7875806,26.9120806],[75.7875806,26.9120814],[75.7875822,26.9120814],[75.7875822,26.9120821],[75.787583,26.9120821],[75.787583,26.9120835],[75.7875838,26.9120835],[75.7875838,26.9120842],[75.7875846,26.9120842],[75.7875846,26.912085],[75.7875854,26.9120849],[75.7875854,26.9120857],[75.7875871,26.9120857],[75.7875871,26.9120864],[75.7875879,26.9120864],[75.7875879,26.9120871],[75.7875887,26.9120871],[75.7875887,26.9120878],[75.7875895,26.9120878],[75.7875895,26.9120885],[75.7875903,26.9120885],[75.7875903,26.9120893],[75.7875911,26.9120893],[75.7875911,26.9120914],[75.7875919,26.9120914],[75.7875919,26.9120936],[75.7875927,26.9120936],[75.7875928,26.9120957],[75.7875936,26.9120957],[75.7875936,26.9120965],[75.7875944,26.9120965],[75.7875944,26.9120972],[75.787596,26.9120972],[75.787596,26.9120979],[75.7875968,26.9120979],[75.7875968,26.9120986],[75.7875976,26.9120986],[75.7875976,26.9121],[75.7875984,26.9121],[75.7875984,26.9121008],[75.7875992,26.9121008],[75.7875992,26.9121015],[75.7876009,26.9121015],[75.7876009,26.9121022],[75.7876017,26.9121022],[75.7876017,26.9121029],[75.7876025,26.9121029],[75.7876025,26.9121036],[75.7876041,26.9121036],[75.7876041,26.9121043],[75.7876081,26.9121043]]]}},{"type":"Feature","properties":{"building_id":"B-0099","vertices":232},"geometry":{"type":"Polygon","coordinates":[[[75.7883096,26.911727],[75.788309,26.9116317],[75.7883074,26.9116317],[75.7883074,26.9116331],[75.7883058,26.9116331],[75.7883058,26.9116339],[75.788305,26.9116339],[75.788305,26.9116346],[75.7883042,26.9116346],[75.7883042,26.9116353],[75.7883034,26.9116353],[75.7883034,26.911636],[75.7883026,26.911636],[75.7883026,26.9116368],[75.7883018,26.9116368],[75.7883018,26.9116375],[75.788301,26.9116375],[75.788301,26.9116389],[75.7883002,26.9116389],[75.7883002,26.9116397],[75.7882994,26.9116397],[75.7882994,26.9116411],[75.7882986,26.9116411],[75.7882986,26.9116418],[75.7882978,26.9116418],[75.7882978,26.9116426],[75.788297,26.9116426],[75.788297,26.9116433],[75.7882962,26.9116433],[75.7882962,26.911644],[75.7882954,26.911644],[75.7882954,26.9116447],[75.7882946,26.9116447],[75.7882946,26.9116455],[75.7882938,26.9116455],[75.7882938,26.9116469],[75.788293,26.9116469],[75.788293,26.9116476],[75.7882922,26.9116477],[75.7882922,26.9116484],[75.7882914,26.9116484],[75.7882914,26.9116491],[75.7882906,26.9116491],[75.7882906,26.9116498],[75.7882898,26.9116498],[75.7882898,26.9116506],[75.788289,26.9116506],[75.788289,26.9116513],[75.7882882,26.9116513],[75.7882882,26.911652],[75.7882866,26.911652],[75.7882866,26.9116527],[75.7882858,26.9116527],[75.7882858,26.9116535],[75.788285,26.9116535],[75.788285,26.9116549],[75.7882842,26.9116549],[75.7882842,26.9116556],[75.7882834,26.9116556],[75.7882834,26.9116564],[75.7882818,26.9116564],[75.7882818,26.9116571],[75.788281,26.9116571],[75.788281,26.9116578],[75.7882802,26.9116578],[75.7882802,26.9116593],[75.7882794,26.9116593],[75.7882794,26.91166],[75.7882786,26.91166],[75.7882786,26.9116607],[75.7882778,26.9116607],[75.7882778,26.9116615],[75.788277,26.9116615],[75.788277,26.9116622],[75.7882762,26.9116622],[75.7882762,26.9116629],[75.7882754,26.9116629],[75.7882754,26.9116636],[75.7882746,26.9116636],[75.7882746,26.9116644],[75.788273,26.9116644],[75.788273,26.9116651],[75.7882722,26.9116651],[75.7882722,26.9116658],[75.7882714,26.9116658],[75.7882714,26.9116665],[75.7882706,26.9116666],[75.7882706,26.9116673],[75.7882698,26.9116673],[75.7882698,26.911668],[75.788269,26.911668],[75.788269,26.9116687],[75.7882682,26.9116687],[75.7882682,26.9116695],[75.7882674,26.9116695],[75.7882674,26.9116702],[75.7882666,26.9116702],[75.7882666,26.9116709],[75.7882658,26.9116709],[75.7882658,26.9116716],[75.788265,26.9116716],[75.788265,26.9116724],[75.7882642,26.9116724],[75.7882642,26.9116731],[75.7882634,26.9116731],[75.7882634,26.9116738],[75.7882626,26.9116738],[75.7882626,26.9116745],[75.7882618,26.9116745],[75.7882618,26.9116753],[75.788261,26.9116753],[75.788261,26.911676],[75.7882602,26.911676],[75.7882602,26.9116767],[75.7882594,26.9116767],[75.7882594,26.9116782],[75.7882586,26.9116782],[75.7882586,26.9116789],[75.7882578,26.9116789],[75.7882578,26.9116796],[75.788257,26.9116796],[75.788257,26.9116803],[75.7882562,26.9116804],[75.7882562,26.9116811],[75.7882554,26.9116811],[75.7882554,26.9116825],[75.7882546,26.9116825],[75.7882546,26.9116833],[75.7882538,26.9116833],[75.7882538,26.911684],[75.788253,26.911684],[75.788253,26.9116854],[75.7882522,26.9116854],[75.7882522,26.9116862],[75.7882514,26.9116862],[75.7882514,26.9116869],[75.7882506,26.9116869],[75.7882506,26.9116883],[75.7882498,26.9116883],[75.7882498,26.9116905],[75.788249,26.9116905],[75.788249,26.9116948],[75.7882498,26.9116948],[75.7882498,26.9116956],[75.7882506,26.9116956],[75.7882506,26.9116963],[75.7882514,26.9116963],[75.7882514,26.911697],[75.788253,26.911697],[75.7882531,26.9116977],[75.7882547,26.9116977],[75.7882547,26.9116984],[75.7882555,26.9116984],[75.7882555,26.9116991],[75.7882571,26.9116991],[75.7882571,26.9116998],[75.7882587,26.9116998],[75.7882587,26.9117006],[75.7882595,26.9117006],[75.7882595,26.9117013],[75.7882611,26.9117013],[75.7882611,26.911702],[75.7882627,26.911702],[75.7882628,26.9117027],[75.7882636,26.9117027],[75.7882636,26.9117034],[75.7882644,26.9117034],[75.7882644,26.9117041],[75.7882652,26.9117041],[75.7882652,26.9117049],[75.7882668,26.9117049],[75.7882668,26.9117056],[75.7882676,26.9117056],[75.7882676,26.9117063],[75.7882684,26.9117063],[75.7882684,26.911707],[75.78827,26.911707],[75.78827,26.9117077],[75.7882717,26.9117077],[75.7882717,26.9117084],[75.7882725,26.9117084],[75.7882725,26.9117092],[75.7882741,26.9117091],[75.7882741,26.9117099],[75.7882749,26.9117099],[75.7882749,26.9117106],[75.7882765,26.9117106],[75.7882765,26.9117113],[75.7882773,26.9117113],[75.7882773,26.911712],[75.7882789,26.911712],[75.7882789,26.9117127],[75.7882814,26.9117127],[75.7882814,26.9117134],[75.788283,26.9117134],[75.788283,26.9117142],[75.7882838,26.9117141],[75.7882838,26.9117149],[75.7882854,26.9117149],[75.7882854,26.9117156],[75.7882862,26.9117156],[75.7882862,26.9117163],[75.7882878,26.9117163],[75.7882878,26.911717],[75.7882894,26.911717],[75.7882894,26.9117177],[75.7882911,26.9117177],[75.7882911,26.9117184],[75.7882919,26.9117184],[75.7882919,26.9117192],[75.7882927,26.9117192],[75.7882927,26.9117199],[75.7882943,26.9117199],[75.7882943,26.9117206],[75.7882951,26.9117206],[75.7882951,26.9117213],[75.7882967,26.9117213],[75.7882967,26.911722],[75.7882975,26.911722],[75.7882975,26.9117227],[75.7882991,26.9117227],[75.7882992,26.9117234],[75.7883,26.9117234],[75.7883,26.9117242],[75.7883016,26.9117242],[75.7883016,26.9117249],[75.788304,26.9117249],[75.788304,26.9117256],[75.7883056,26.9117256],[75.7883056,26.9117263],[75.788308,26.9117263],[75.788308,26.911727],[75.7883096,26.911727]]]}},{"type":"Feature","properties":{"building_id":"B-0136","vertices":272},"geometry":{"type":"Polygon","coordinates":[[[75.7873299,26.9114775],[75.7873298,26.9114768],[75.7873387,26.9114767],[75.7873387,26.911476],[75.7873395,26.911476],[75.7873395,26.9114753],[75.7873403,26.9114753],[75.7873403,26.9114746],[75.7873419,26.9114746],[75.7873419,26.9114738],[75.7873427,26.9114738],[75.7873427,26.9114731],[75.7873435,26.9114731],[75.7873435,26.9114717],[75.7873443,26.9114717],[75.7873443,26.9114709],[75.7873451,26.9114709],[75.7873451,26.9114702],[75.7873459,26.9114702],[75.7873459,26.9114695],[75.7873467,26.9114695],[75.7873467,26.9114688],[75.7873475,26.9114687],[75.7873475,26.911468],[75.7873491,26.911468],[75.7873491,26.9114673],[75.7873499,26.9114673],[75.7873499,26.9114658],[75.7873507,26.9114658],[75.7873507,26.9114651],[75.7873515,26.9114651],[75.7873515,26.9114637],[75.7873523,26.9114637],[75.7873523,26.9114615],[75.7873531,26.9114615],[75.7873531,26.91146],[75.7873539,26.91146],[75.7873539,26.9114586],[75.7873547,26.9114586],[75.7873547,26.9114572],[75.7873555,26.9114571],[75.7873555,26.9114557],[75.7873563,26.9114557],[75.7873563,26.911455],[75.7873571,26.911455],[75.7873571,26.9114535],[75.7873579,26.9114535],[75.7873579,26.9114521],[75.7873587,26.9114521],[75.7873587,26.9114506],[75.7873595,26.9114506],[75.7873595,26.9114492],[75.7873603,26.9114492],[75.7873603,26.9114485],[75.7873611,26.9114484],[75.7873611,26.9114463],[75.7873619,26.9114463],[75.7873619,26.9114448],[75.7873627,26.9114448],[75.7873627,26.9114441],[75.7873635,26.9114441],[75.7873634,26.9114427],[75.7873643,26.9114427],[75.7873642,26.9114412],[75.7873651,26.9114412],[75.787365,26.9114405],[75.7873659,26.9114405],[75.7873658,26.911439],[75.7873666,26.911439],[75.7873666,26.9114383],[75.7873674,26.9114383],[75.7873674,26.9114376],[75.7873682,26.9114376],[75.7873682,26.9114369],[75.7873699,26.9114368],[75.7873698,26.9114361],[75.7873707,26.9114361],[75.7873707,26.9114354],[75.7873715,26.9114354],[75.7873715,26.9114347],[75.7873723,26.9114347],[75.7873723,26.9114339],[75.7873731,26.9114339],[75.787373,26.9114325],[75.7873739,26.9114325],[75.7873738,26.9114318],[75.7873747,26.9114318],[75.7873746,26.911431],[75.7873755,26.911431],[75.7873754,26.9114296],[75.7873762,26.9114296],[75.7873762,26.9114289],[75.7873771,26.9114289],[75.787377,26.9114281],[75.7873779,26.9114281],[75.7873778,26.9114274],[75.7873787,26.9114274],[75.7873786,26.9114267],[75.7873795,26.9114267],[75.7873794,26.911426],[75.7873803,26.911426],[75.7873802,26.9114252],[75.7873811,26.9114252],[75.787381,26.9114238],[75.7873818,26.9114238],[75.7873818,26.9114216],[75.7873826,26.9114216],[75.7873826,26.9114165],[75.7873818,26.9114166],[75.7873818,26.9114158],[75.787381,26.9114158],[75.787381,26.9114151],[75.7873802,26.9114151],[75.7873802,26.9114144],[75.7873794,26.9114144],[75.7873794,26.9114137],[75.7873786,26.9114137],[75.7873786,26.911413],[75.7873777,26.911413],[75.7873777,26.9114122],[75.7873769,26.9114122],[75.7873769,26.9114115],[75.7873761,26.9114115],[75.7873761,26.9114108],[75.7873753,26.9114108],[75.7873753,26.9114101],[75.7873737,26.9114101],[75.7873737,26.9114094],[75.7873713,26.9114094],[75.7873713,26.9114087],[75.7873705,26.9114087],[75.7873705,26.9114079],[75.7873697,26.911408],[75.7873696,26.9114072],[75.787368,26.9114072],[75.787368,26.9114065],[75.7873664,26.9114065],[75.7873664,26.9114058],[75.7873648,26.9114058],[75.7873648,26.9114051],[75.7873632,26.9114051],[75.7873632,26.9114044],[75.7873616,26.9114044],[75.7873616,26.9114037],[75.7873592,26.9114037],[75.7873591,26.911403],[75.7873575,26.911403],[75.7873575,26.9114022],[75.7873567,26.9114022],[75.7873567,26.9114015],[75.7873551,26.9114015],[75.7873551,26.9114008],[75.7873535,26.9114008],[75.7873535,26.9114001],[75.7873527,26.9114001],[75.7873527,26.9113994],[75.7873519,26.9113994],[75.7873519,26.9113987],[75.7873503,26.9113987],[75.7873502,26.911398],[75.7873494,26.911398],[75.7873494,26.9113972],[75.787343,26.9113973],[75.787343,26.911398],[75.7873422,26.911398],[75.7873422,26.9113994],[75.7873414,26.9113994],[75.7873414,26.9114002],[75.7873406,26.9114002],[75.7873406,26.9114023],[75.7873398,26.9114023],[75.7873398,26.9114031],[75.787339,26.9114031],[75.787339,26.9114038],[75.7873382,26.9114038],[75.7873382,26.9114045],[75.7873374,26.9114045],[75.7873374,26.9114052],[75.7873366,26.9114052],[75.7873366,26.9114067],[75.7873358,26.9114067],[75.7873358,26.9114074],[75.787335,26.9114074],[75.787335,26.9114089],[75.7873342,26.9114089],[75.7873342,26.9114103],[75.7873334,26.9114103],[75.7873334,26.9114125],[75.7873326,26.9114125],[75.7873327,26.9114197],[75.7873319,26.9114197],[75.7873319,26.9114248],[75.7873311,26.9114248],[75.7873311,26.9114284],[75.7873303,26.9114284],[75.7873303,26.9114291],[75.7873295,26.9114291],[75.7873295,26.9114306],[75.7873287,26.9114306],[75.7873287,26.911432],[75.7873279,26.911432],[75.7873279,26.9114335],[75.7873271,26.9114335],[75.7873271,26.9114349],[75.7873263,26.9114349],[75.7873264,26.9114371],[75.7873255,26.9114371],[75.7873256,26.9114385],[75.7873247,26.9114385],[75.7873248,26.91144],[75.787324,26.91144],[75.787324,26.9114414],[75.7873232,26.9114414],[75.7873232,26.9114429],[75.7873224,26.9114429],[75.7873224,26.9114436],[75.7873216,26.9114436],[75.7873216,26.9114451],[75.7873208,26.9114451],[75.7873208,26.9114472],[75.78732,26.9114472],[75.78732,26.9114487],[75.7873192,26.9114487],[75.7873192,26.9114501],[75.7873184,26.9114501],[75.7873184,26.9114509],[75.7873176,26.9114509],[75.7873176,26.9114523],[75.7873168,26.9114523],[75.7873168,26.9114538],[75.787316,26.9114538],[75.787316,26.9114552],[75.7873152,26.9114552],[75.7873152,26.9114566],[75.7873144,26.9114567],[75.7873144,26.9114581],[75.7873136,26.9114581],[75.7873136,26.9114595],[75.7873128,26.9114596],[75.7873128,26.9114603],[75.787312,26.9114603],[75.787312,26.9114617],[75.7873112,26.9114617],[75.7873112,26.9114639],[75.7873104,26.9114639],[75.7873104,26.9114653],[75.7873096,26.9114653],[75.7873096,26.9114682],[75.7873088,26.9114682],[75.7873088,26.911469],[75.7873097,26.911469],[75.7873097,26.9114704],[75.7873105,26.9114704],[75.7873105,26.9114711],[75.7873113,26.9114711],[75.7873113,26.9114718],[75.7873121,26.9114718],[75.7873121,26.9114726],[75.7873145,26.9114725],[75.7873145,26.9114733],[75.7873185,26.9114732],[75.7873186,26.911474],[75.7873194,26.911474],[75.7873194,26.9114747],[75.7873202,26.9114747],[75.7873202,26.9114754],[75.787321,26.9114754],[75.787321,26.9114761],[75.7873226,26.9114761],[75.7873226,26.9114768],[75.7873274,26.9114768],[75.7873274,26.9114775],[75.7873299,26.9114775]]]}},{"type":"Feature","properties":{"building_id":"B-0031","vertices":254},"geometry":{"type":"Polygon","coordinates":[[[75.787549,26.9121762],[75.787549,26.9121754],[75.7875506,26.9121754],[75.7875506,26.9121747],[75.7875514,26.9121747],[75.7875514,26.912174],[75.787553,26.912174],[75.787553,26.9121732],[75.7875538,26.9121732],[75.7875538,26.9121725],[75.7875546,26.9121725],[75.7875546,26.9121711],[75.7875554,26.9121711],[75.7875554,26.9121696],[75.7875562,26.9121696],[75.7875562,26.9121689],[75.787557,26.9121689],[75.787557,26.9121682],[75.7875578,26.9121682],[75.7875578,26.9121674],[75.7875586,26.9121674],[75.7875586,26.9121667],[75.7875594,26.9121667],[75.7875594,26.912166],[75.7875602,26.912166],[75.7875602,26.9121653],[75.787561,26.9121653],[75.787561,26.9121645],[75.7875618,26.9121645],[75.7875618,26.9121638],[75.7875626,26.9121638],[75.7875626,26.9121631],[75.7875634,26.9121631],[75.7875634,26.9121624],[75.7875642,26.9121623],[75.7875642,26.9121616],[75.787565,26.9121616],[75.787565,26.9121609],[75.7875658,26.9121609],[75.7875658,26.9121602],[75.7875666,26.9121602],[75.7875666,26.9121551],[75.7875634,26.9121551],[75.7875634,26.9121544],[75.7875609,26.9121544],[75.7875609,26.9121537],[75.7875601,26.9121537],[75.7875601,26.912153],[75.7875593,26.912153],[75.7875593,26.9121515],[75.7875585,26.9121515],[75.7875585,26.9121508],[75.7875577,26.9121508],[75.7875577,26.9121501],[75.7875561,26.9121501],[75.7875561,26.9121494],[75.7875553,26.9121494],[75.7875553,26.9121487],[75.7875536,26.9121487],[75.7875536,26.9121472],[75.787552,26.9121472],[75.787552,26.9121465],[75.7875512,26.9121465],[75.7875512,26.9121451],[75.7875504,26.9121451],[75.7875504,26.9121444],[75.7875496,26.9121444],[75.7875496,26.9121429],[75.7875488,26.9121429],[75.7875488,26.9121415],[75.787548,26.9121415],[75.787548,26.9121408],[75.7875471,26.9121408],[75.7875471,26.9121393],[75.7875463,26.9121393],[75.7875463,26.9121386],[75.7875455,26.9121386],[75.7875455,26.9121379],[75.7875447,26.9121379],[75.7875447,26.9121365],[75.7875439,26.9121365],[75.7875439,26.912135],[75.7875431,26.912135],[75.7875431,26.9121336],[75.7875423,26.9121336],[75.7875423,26.9121329],[75.7875415,26.9121329],[75.7875415,26.9121321],[75.7875406,26.9121321],[75.7875406,26.91213],[75.7875398,26.91213],[75.7875398,26.9121278],[75.787539,26.9121278],[75.787539,26.9121264],[75.7875382,26.9121264],[75.7875382,26.9121249],[75.7875374,26.9121249],[75.7875374,26.9121242],[75.7875366,26.9121242],[75.7875366,26.9121235],[75.7875341,26.9121235],[75.7875341,26.9121228],[75.7875301,26.9121228],[75.7875301,26.9121221],[75.7875293,26.9121221],[75.7875293,26.9121214],[75.7875277,26.9121214],[75.7875277,26.9121207],[75.7875253,26.9121207],[75.7875253,26.91212],[75.787522,26.91212],[75.787522,26.9121192],[75.7875204,26.9121193],[75.7875204,26.9121185],[75.7875188,26.9121185],[75.7875188,26.9121178],[75.7875164,26.9121178],[75.7875164,26.9121171],[75.787514,26.9121171],[75.7875139,26.9121164],[75.7875123,26.9121164],[75.7875123,26.9121157],[75.7875107,26.9121157],[75.7875107,26.912115],[75.7875075,26.912115],[75.7875075,26.9121143],[75.7874994,26.9121143],[75.7874994,26.912115],[75.7874946,26.9121151],[75.7874946,26.9121158],[75.7874914,26.9121158],[75.7874914,26.9121165],[75.787489,26.9121165],[75.787489,26.9121173],[75.7874882,26.9121173],[75.7874882,26.912118],[75.7874874,26.912118],[75.7874874,26.9121194],[75.7874858,26.9121195],[75.7874858,26.9121202],[75.787485,26.9121202],[75.787485,26.9121223],[75.7874834,26.9121224],[75.7874834,26.9121245],[75.7874826,26.9121245],[75.7874826,26.9121281],[75.787481,26.9121281],[75.787481,26.9121339],[75.7874818,26.9121339],[75.7874818,26.9121346],[75.7874827,26.9121346],[75.7874827,26.9121354],[75.7874835,26.9121354],[75.7874835,26.9121361],[75.7874843,26.9121361],[75.7874843,26.9121368],[75.7874859,26.9121368],[75.7874859,26.9121375],[75.7874875,26.9121375],[75.7874875,26.9121382],[75.7874883,26.9121382],[75.7874883,26.9121397],[75.7874891,26.9121397],[75.7874892,26.9121447],[75.7874884,26.9121447],[75.7874884,26.9121469],[75.7874892,26.9121469],[75.7874892,26.912149],[75.78749,26.912149],[75.78749,26.9121498],[75.7874908,26.9121498],[75.7874908,26.9121505],[75.7874924,26.9121505],[75.7874924,26.9121512],[75.7874932,26.9121512],[75.7874932,26.9121519],[75.7874949,26.9121519],[75.7874949,26.9121526],[75.7874965,26.9121526],[75.7874965,26.9121533],[75.7874981,26.9121533],[75.7874981,26.9121541],[75.7874989,26.912154],[75.7874989,26.9121548],[75.7874997,26.9121548],[75.7874997,26.9121555],[75.7875013,26.9121555],[75.7875013,26.9121562],[75.7875029,26.9121562],[75.787503,26.9121569],[75.7875038,26.9121569],[75.7875038,26.9121576],[75.7875054,26.9121576],[75.7875054,26.9121591],[75.7875062,26.9121591],[75.7875062,26.9121605],[75.7875086,26.9121605],[75.7875086,26.9121598],[75.7875094,26.9121598],[75.7875094,26.912159],[75.7875102,26.912159],[75.7875102,26.9121583],[75.787511,26.9121583],[75.787511,26.9121576],[75.7875134,26.9121576],[75.7875134,26.9121583],[75.787515,26.9121583],[75.787515,26.912159],[75.7875159,26.912159],[75.7875159,26.9121597],[75.7875167,26.9121597],[75.7875167,26.9121604],[75.7875183,26.9121604],[75.7875183,26.9121612],[75.7875199,26.9121612],[75.7875199,26.9121619],[75.7875207,26.9121619],[75.7875207,26.9121626],[75.7875231,26.9121626],[75.7875231,26.9121633],[75.7875264,26.9121633],[75.7875264,26.912164],[75.787528,26.912164],[75.787528,26.9121647],[75.7875288,26.9121647],[75.7875288,26.9121654],[75.7875296,26.9121654],[75.7875296,26.9121662],[75.7875304,26.9121661],[75.7875304,26.9121669],[75.787532,26.9121669],[75.787532,26.9121676],[75.7875328,26.9121676],[75.7875328,26.9121683],[75.7875336,26.9121683],[75.7875336,26.912169],[75.7875345,26.912169],[75.7875345,26.9121705],[75.7875361,26.9121705],[75.7875361,26.9121712],[75.7875369,26.9121712],[75.7875369,26.9121719],[75.7875377,26.9121719],[75.7875377,26.9121726],[75.7875385,26.9121726],[75.7875385,26.9121733],[75.7875393,26.9121733],[75.7875393,26.912174],[75.7875401,26.912174],[75.7875401,26.9121748],[75.7875426,26.9121747],[75.7875426,26.9121755],[75.7875442,26.9121755],[75.7875442,26.9121762],[75.787549,26.9121762]]]}},{"type":"Feature","properties":{"building_id":"B-0085","vertices":214},"geometry":{"type":"Polygon","coordinates":[[[75.7876454,26.9117798],[75.7876453,26.9117791],[75.7876486,26.9117791],[75.7876486,26.9117784],[75.7876478,26.9117784],[75.7876478,26.9117776],[75.7876469,26.9117776],[75.7876469,26.9117769],[75.7876461,26.9117769],[75.7876461,26.9117762],[75.7876453,26.9117762],[75.7876453,26.911774],[75.7876461,26.911774],[75.7876461,26.9117733],[75.7876469,26.9117733],[75.7876469,26.9117726],[75.7876477,26.9117726],[75.7876477,26.9117719],[75.7876485,26.9117719],[75.7876485,26.9117704],[75.7876493,26.9117704],[75.7876493,26.9117682],[75.7876501,26.9117682],[75.7876501,26.9117661],[75.7876509,26.9117661],[75.7876509,26.9117639],[75.7876517,26.9117639],[75.7876517,26.9117625],[75.7876525,26.9117624],[75.7876525,26.9117603],[75.7876533,26.9117603],[75.7876533,26.9117574],[75.7876541,26.9117574],[75.787654,26.9117559],[75.7876549,26.9117559],[75.7876548,26.9117552],[75.7876565,26.9117552],[75.7876565,26.9117545],[75.7876597,26.9117545],[75.7876597,26.9117552],[75.7876613,26.9117552],[75.7876613,26.9117559],[75.7876637,26.9117559],[75.7876637,26.9117566],[75.7876653,26.9117566],[75.7876653,26.9117573],[75.7876661,26.9117573],[75.7876661,26.911758],[75.787667,26.911758],[75.787667,26.9117602],[75.7876678,26.9117602],[75.7876678,26.9117609],[75.7876694,26.9117609],[75.7876694,26.9117602],[75.7876702,26.9117602],[75.7876702,26.9117595],[75.787671,26.9117595],[75.787671,26.911758],[75.7876718,26.911758],[75.7876718,26.9117566],[75.7876726,26.9117566],[75.7876726,26.9117558],[75.7876734,26.9117558],[75.7876734,26.9117544],[75.7876742,26.9117544],[75.7876742,26.9117537],[75.787675,26.9117537],[75.787675,26.9117529],[75.7876758,26.9117529],[75.7876758,26.9117522],[75.7876766,26.9117522],[75.7876766,26.9117515],[75.7876774,26.9117515],[75.7876774,26.9117508],[75.7876782,26.9117507],[75.7876782,26.91175],[75.7876798,26.91175],[75.7876798,26.9117493],[75.7876806,26.9117493],[75.7876806,26.9117486],[75.7876814,26.9117486],[75.7876814,26.9117478],[75.7876822,26.9117478],[75.7876822,26.9117471],[75.787683,26.9117471],[75.787683,26.9117449],[75.7876838,26.9117449],[75.7876838,26.9117435],[75.7876846,26.9117435],[75.7876846,26.9117413],[75.7876854,26.9117413],[75.7876854,26.9117392],[75.7876862,26.9117391],[75.7876862,26.9117384],[75.787687,26.9117384],[75.7876869,26.9117363],[75.7876877,26.9117363],[75.7876877,26.9117305],[75.7876869,26.9117305],[75.7876869,26.9117298],[75.7876861,26.9117298],[75.7876861,26.9117283],[75.7876853,26.9117283],[75.7876853,26.9117276],[75.7876845,26.9117276],[75.7876845,26.9117269],[75.7876837,26.9117269],[75.7876837,26.9117262],[75.787682,26.9117262],[75.787682,26.9117254],[75.7876788,26.9117255],[75.7876788,26.9117247],[75.7876683,26.9117248],[75.7876683,26.9117241],[75.7876675,26.9117241],[75.7876675,26.9117219],[75.7876667,26.9117219],[75.7876667,26.9117212],[75.7876651,26.9117212],[75.7876651,26.9117205],[75.7876635,26.9117205],[75.7876635,26.9117198],[75.7876619,26.9117198],[75.7876618,26.9117191],[75.7876578,26.9117191],[75.7876578,26.9117184],[75.7876538,26.9117184],[75.7876538,26.9117177],[75.7876465,26.9117177],[75.7876465,26.9117191],[75.7876457,26.9117192],[75.7876457,26.9117206],[75.7876449,26.9117206],[75.787645,26.911722],[75.7876441,26.911722],[75.7876442,26.9117235],[75.7876433,26.9117235],[75.7876434,26.9117242],[75.7876425,26.9117242],[75.7876426,26.9117249],[75.7876208,26.9117251],[75.7876208,26.9117258],[75.78762,26.9117258],[75.78762,26.9117265],[75.7876208,26.9117265],[75.7876208,26.9117294],[75.78762,26.9117294],[75.78762,26.9117316],[75.7876208,26.9117316],[75.7876209,26.9117323],[75.78762,26.9117323],[75.7876201,26.9117337],[75.7876193,26.9117337],[75.7876193,26.9117352],[75.7876185,26.9117352],[75.7876185,26.9117366],[75.7876177,26.9117366],[75.7876177,26.911741],[75.7876169,26.911741],[75.7876169,26.9117439],[75.7876161,26.9117439],[75.7876161,26.9117453],[75.7876153,26.9117453],[75.7876153,26.911746],[75.7876145,26.911746],[75.7876145,26.9117475],[75.7876153,26.9117475],[75.7876153,26.9117482],[75.7876161,26.9117482],[75.7876161,26.9117489],[75.7876153,26.9117489],[75.7876153,26.9117497],[75.7876137,26.9117497],[75.7876137,26.9117533],[75.7876129,26.9117533],[75.787613,26.9117663],[75.7876138,26.9117663],[75.7876138,26.911767],[75.7876146,26.911767],[75.7876147,26.9117677],[75.7876163,26.9117677],[75.7876163,26.9117684],[75.7876171,26.9117684],[75.7876171,26.9117691],[75.7876187,26.9117691],[75.7876187,26.9117699],[75.7876203,26.9117699],[75.7876203,26.9117706],[75.7876211,26.9117706],[75.7876211,26.9117713],[75.7876219,26.9117713],[75.7876219,26.911772],[75.7876244,26.911772],[75.7876244,26.9117727],[75.787626,26.9117727],[75.787626,26.9117734],[75.7876276,26.9117734],[75.7876276,26.9117741],[75.78763,26.9117741],[75.78763,26.9117749],[75.7876308,26.9117748],[75.7876308,26.9117756],[75.7876332,26.9117756],[75.7876332,26.9117763],[75.7876357,26.9117763],[75.7876357,26.911777],[75.7876381,26.911777],[75.7876381,26.9117777],[75.7876397,26.9117777],[75.7876397,26.9117784],[75.7876405,26.9117784],[75.7876405,26.9117791],[75.7876421,26.9117791],[75.7876421,26.9117798],[75.7876454,26.9117798]]]}},{"type":"Feature","properties":{"building_id":"B-0081","vertices":212},"geometry":{"type":"Polygon","coordinates":[[[75.7874248,26.9118107],[75.7874248,26.9118099],[75.7874256,26.9118099],[75.7874256,26.9118092],[75.7874264,26.9118092],[75.7874264,26.9118063],[75.7874272,26.9118063],[75.7874272,26.9118027],[75.787428,26.9118027],[75.787428,26.9118013],[75.7874288,26.9118013],[75.7874288,26.9118005],[75.7874296,26.9118005],[75.7874296,26.9117984],[75.7874304,26.9117984],[75.7874304,26.9117955],[75.7874312,26.9117955],[75.7874311,26.9117933],[75.7874319,26.9117933],[75.7874319,26.911789],[75.7874327,26.911789],[75.7874327,26.911781],[75.7874319,26.911781],[75.7874319,26.9117803],[75.7874294,26.9117803],[75.7874294,26.9117796],[75.787423,26.9117796],[75.787423,26.9117789],[75.7874214,26.9117789],[75.7874214,26.9117782],[75.7874198,26.9117782],[75.7874198,26.9117775],[75.7874181,26.9117775],[75.7874181,26.9117768],[75.7874165,26.9117768],[75.7874165,26.911776],[75.7874141,26.9117761],[75.7874141,26.9117753],[75.7874117,26.9117753],[75.7874117,26.9117746],[75.7874101,26.9117746],[75.7874101,26.9117739],[75.7874084,26.9117739],[75.7874084,26.9117732],[75.787406,26.9117732],[75.787406,26.9117725],[75.7874036,26.9117725],[75.7874036,26.9117718],[75.7873988,26.9117718],[75.7873988,26.9117711],[75.7873971,26.9117711],[75.7873971,26.9117704],[75.7873955,26.9117704],[75.7873955,26.9117697],[75.7873947,26.9117697],[75.7873947,26.9117689],[75.7873931,26.911769],[75.7873931,26.9117682],[75.7873907,26.9117682],[75.7873907,26.9117675],[75.7873891,26.9117675],[75.7873891,26.9117668],[75.7873866,26.9117668],[75.7873866,26.9117661],[75.7873842,26.9117661],[75.7873842,26.9117654],[75.7873818,26.9117654],[75.7873818,26.9117647],[75.7873802,26.9117647],[75.7873802,26.911764],[75.787377,26.911764],[75.787377,26.9117633],[75.7873753,26.9117633],[75.7873753,26.9117626],[75.7873737,26.9117626],[75.7873737,26.9117618],[75.7873721,26.9117618],[75.7873721,26.9117611],[75.7873697,26.9117611],[75.7873697,26.9117604],[75.7873681,26.9117604],[75.7873681,26.911759],[75.7873673,26.911759],[75.7873672,26.9117554],[75.7873664,26.9117554],[75.7873664,26.9117532],[75.7873672,26.9117532],[75.7873672,26.9117518],[75.7873664,26.9117518],[75.7873664,26.911751],[75.7873656,26.911751],[75.7873656,26.9117503],[75.7873648,26.9117503],[75.7873648,26.9117496],[75.787364,26.9117496],[75.787364,26.9117489],[75.7873551,26.9117489],[75.7873551,26.9117518],[75.7873543,26.9117518],[75.7873543,26.9117547],[75.7873535,26.9117547],[75.7873535,26.9117562],[75.7873527,26.9117562],[75.7873527,26.9117569],[75.7873519,26.9117569],[75.7873519,26.9117576],[75.7873511,26.9117576],[75.7873511,26.9117598],[75.7873503,26.9117598],[75.7873503,26.9117605],[75.7873495,26.9117605],[75.7873496,26.9117634],[75.7873488,26.9117634],[75.7873488,26.9117641],[75.787348,26.9117641],[75.787348,26.9117649],[75.7873472,26.9117649],[75.7873472,26.9117663],[75.7873464,26.9117663],[75.7873464,26.9117685],[75.7873456,26.9117685],[75.7873456,26.9117707],[75.7873448,26.9117707],[75.7873448,26.9117728],[75.787344,26.9117728],[75.787344,26.9117743],[75.7873424,26.9117743],[75.7873424,26.9117757],[75.7873416,26.9117757],[75.7873416,26.9117765],[75.7873408,26.9117765],[75.7873408,26.9117772],[75.78734,26.9117772],[75.78734,26.9117786],[75.7873392,26.9117786],[75.7873392,26.9117794],[75.7873376,26.9117794],[75.7873376,26.9117837],[75.7873392,26.9117837],[75.7873392,26.9117844],[75.7873417,26.9117844],[75.7873417,26.9117851],[75.7873497,26.9117851],[75.7873497,26.9117858],[75.7873513,26.9117858],[75.7873513,26.9117865],[75.7873546,26.9117865],[75.7873546,26.9117879],[75.7873554,26.9117879],[75.7873554,26.9117887],[75.7873562,26.9117887],[75.7873562,26.9117894],[75.7873578,26.9117894],[75.7873578,26.9117901],[75.7873594,26.9117901],[75.7873594,26.9117908],[75.787361,26.9117908],[75.787361,26.9117915],[75.7873635,26.9117915],[75.7873635,26.9117922],[75.7873651,26.9117922],[75.7873651,26.9117929],[75.7873667,26.9117929],[75.7873667,26.9117937],[75.7873683,26.9117936],[75.7873683,26.9117944],[75.7873699,26.9117944],[75.7873699,26.9117951],[75.7873723,26.9117951],[75.7873723,26.9117958],[75.7873748,26.9117958],[75.7873748,26.9117965],[75.787378,26.9117965],[75.787378,26.9117972],[75.7873796,26.9117972],[75.7873796,26.9117979],[75.787382,26.9117979],[75.787382,26.9117986],[75.7873836,26.9117986],[75.7873836,26.9117993],[75.7873869,26.9117993],[75.7873869,26.9118],[75.7873925,26.9118],[75.7873925,26.9118007],[75.7873949,26.9118007],[75.7873949,26.9118014],[75.7873966,26.9118014],[75.7873966,26.9118022],[75.7873982,26.9118021],[75.7873982,26.9118029],[75.7873998,26.9118029],[75.7873998,26.9118036],[75.7874006,26.9118036],[75.7874006,26.9118043],[75.787403,26.9118043],[75.787403,26.911805],[75.7874054,26.911805],[75.7874054,26.9118057],[75.7874079,26.9118057],[75.7874079,26.9118064],[75.7874095,26.9118064],[75.7874095,26.9118071],[75.7874103,26.9118071],[75.7874103,26.9118079],[75.7874127,26.9118078],[75.7874127,26.9118086],[75.7874159,26.9118085],[75.7874159,26.9118093],[75.7874184,26.9118093],[75.7874184,26.91181],[75.78742,26.91181],[75.78742,26.9118107],[75.7874248,26.9118107]]]}},{"type":"Feature","properties":{"building_id":"B-0091","vertices":164},"geometry":{"type":"Polygon","coordinates":[[[75.7881301,26.9117424],[75.7881301,26.9117417],[75.7881446,26.9117416],[75.7881446,26.9117424],[75.788147,26.9117424],[75.788147,26.9117416],[75.7881502,26.9117416],[75.7881502,26.9117409],[75.7881518,26.9117409],[75.7881518,26.9117402],[75.7881551,26.9117401],[75.7881551,26.9117394],[75.7881559,26.9117394],[75.7881559,26.9117387],[75.7881575,26.9117387],[75.7881575,26.911738],[75.7881583,26.911738],[75.7881583,26.9117372],[75.7881599,26.9117372],[75.7881599,26.9117365],[75.7881607,26.9117365],[75.7881607,26.9117358],[75.7881615,26.9117358],[75.7881615,26.9117351],[75.7881623,26.911735],[75.7881623,26.9117343],[75.7881631,26.9117343],[75.7881631,26.9117336],[75.7881639,26.9117336],[75.7881639,26.9117321],[75.7881647,26.9117321],[75.7881647,26.9117307],[75.7881655,26.9117307],[75.7881654,26.9117285],[75.7881663,26.9117285],[75.7881662,26.9117242],[75.788167,26.9117242],[75.788167,26.9117199],[75.7881678,26.9117198],[75.7881678,26.9117177],[75.7881686,26.9117177],[75.7881686,26.9117148],[75.7881694,26.9117148],[75.7881694,26.9117119],[75.7881702,26.9117119],[75.7881702,26.9117097],[75.788171,26.9117097],[75.7881709,26.9117076],[75.7881717,26.9117075],[75.7881717,26.9117047],[75.7881725,26.9117047],[75.7881725,26.9116945],[75.7881717,26.9116945],[75.7881716,26.9116931],[75.7881708,26.9116931],[75.7881708,26.9116917],[75.78817,26.9116917],[75.78817,26.9116909],[75.7881692,26.911691],[75.7881692,26.9116895],[75.7881684,26.9116895],[75.7881684,26.9116888],[75.7881676,26.9116888],[75.7881676,26.9116881],[75.7881668,26.9116881],[75.7881668,26.9116874],[75.788166,26.9116874],[75.788166,26.9116866],[75.7881652,26.9116866],[75.7881652,26.9116859],[75.7881643,26.9116859],[75.7881643,26.9116852],[75.7881635,26.9116852],[75.7881635,26.9116845],[75.7881627,26.9116845],[75.7881627,26.9116838],[75.7881619,26.9116838],[75.7881619,26.911683],[75.7881603,26.9116831],[75.7881603,26.9116823],[75.7881595,26.9116823],[75.7881595,26.9116816],[75.7881587,26.9116816],[75.7881587,26.9116809],[75.788149,26.911681],[75.788149,26.9116817],[75.7881466,26.9116817],[75.7881466,26.9116824],[75.7881442,26.9116824],[75.7881442,26.9116831],[75.7881426,26.9116832],[75.7881426,26.9116839],[75.7881394,26.9116839],[75.7881394,26.9116846],[75.7881378,26.9116846],[75.7881378,26.9116853],[75.7881353,26.9116854],[75.7881353,26.9116861],[75.7881337,26.9116861],[75.7881337,26.9116868],[75.7881329,26.9116868],[75.7881329,26.9116875],[75.7881321,26.9116875],[75.7881321,26.9116883],[75.7881313,26.9116883],[75.7881313,26.911689],[75.7881305,26.911689],[75.7881305,26.9116904],[75.7881297,26.9116904],[75.7881297,26.9116912],[75.7881289,26.9116912],[75.7881289,26.9116926],[75.7881281,26.9116926],[75.7881281,26.9116933],[75.7881273,26.9116934],[75.7881273,26.9116948],[75.7881265,26.9116948],[75.7881265,26.9116955],[75.7881257,26.9116955],[75.7881257,26.9116962],[75.7881241,26.9116963],[75.7881241,26.911697],[75.7881233,26.911697],[75.7881233,26.9116977],[75.7881217,26.9116977],[75.7881217,26.9116984],[75.7881209,26.9116984],[75.7881209,26.9116992],[75.7881201,26.9116992],[75.7881201,26.9116999],[75.7881193,26.9116999],[75.7881193,26.9117006],[75.7881185,26.9117006],[75.7881185,26.9117013],[75.7881177,26.9117013],[75.7881177,26.9117028],[75.7881169,26.9117028],[75.7881169,26.9117035],[75.7881161,26.9117035],[75.7881161,26.9117057],[75.7881153,26.9117057],[75.7881154,26.9117151],[75.7881162,26.9117151],[75.7881163,26.9117223],[75.7881171,26.9117223],[75.7881171,26.9117339],[75.788118,26.9117339],[75.788118,26.911736],[75.7881188,26.911736],[75.7881188,26.9117375],[75.7881196,26.9117375],[75.7881196,26.9117382],[75.7881204,26.9117382],[75.7881204,26.9117389],[75.7881212,26.9117389],[75.7881212,26.9117396],[75.788122,26.9117396],[75.788122,26.9117403],[75.7881228,26.9117403],[75.7881228,26.911741],[75.7881244,26.911741],[75.7881245,26.9117418],[75.7881269,26.9117417],[75.7881269,26.9117425],[75.7881301,26.9117424]]]}},{"type":"Feature","properties":{"building_id":"B-0042","vertices":216},"geometry":{"type":"Polygon","coordinates":[[[75.7879197,26.912073],[75.7879197,26.9120723],[75.7879205,26.9120722],[75.7879205,26.9120715],[75.7879213,26.9120715],[75.7879213,26.9120701],[75.7879221,26.9120701],[75.7879221,26.9120686],[75.7879229,26.9120686],[75.7879229,26.9120679],[75.7879237,26.9120679],[75.7879237,26.9120672],[75.7879245,26.9120672],[75.7879245,26.9120664],[75.7879253,26.9120664],[75.7879253,26.912065],[75.7879261,26.912065],[75.7879261,26.9120643],[75.7879269,26.9120643],[75.7879269,26.9120635],[75.7879277,26.9120635],[75.7879277,26.9120628],[75.7879285,26.9120628],[75.7879285,26.9120621],[75.7879293,26.9120621],[75.7879293,26.9120606],[75.7879301,26.9120606],[75.7879301,26.9120599],[75.7879309,26.9120599],[75.7879309,26.9120592],[75.7879317,26.9120592],[75.7879317,26.9120585],[75.7879333,26.9120585],[75.7879333,26.9120577],[75.7879365,26.9120577],[75.7879365,26.912057],[75.7879454,26.9120569],[75.7879454,26.9120577],[75.7879599,26.9120576],[75.7879599,26.9120569],[75.7879607,26.9120569],[75.7879607,26.9120561],[75.7879615,26.9120561],[75.7879615,26.912054],[75.7879623,26.912054],[75.7879623,26.9120518],[75.7879631,26.9120518],[75.787963,26.9120489],[75.7879638,26.9120489],[75.7879638,26.9120453],[75.7879646,26.9120453],[75.7879646,26.9120424],[75.7879654,26.9120424],[75.7879654,26.9120388],[75.7879646,26.9120388],[75.7879646,26.9120381],[75.7879638,26.9120381],[75.7879638,26.9120373],[75.787963,26.9120373],[75.787963,26.9120366],[75.7879597,26.9120366],[75.7879597,26.9120359],[75.7879581,26.9120359],[75.7879581,26.9120352],[75.7879565,26.9120352],[75.7879565,26.9120345],[75.7879533,26.9120345],[75.7879533,26.9120338],[75.7879508,26.9120338],[75.7879508,26.9120331],[75.7879484,26.9120331],[75.7879484,26.9120324],[75.787946,26.9120324],[75.787946,26.9120317],[75.7879436,26.9120317],[75.7879436,26.9120309],[75.787942,26.912031],[75.787942,26.9120302],[75.7879387,26.9120303],[75.7879387,26.9120295],[75.7879371,26.9120295],[75.7879371,26.9120288],[75.7879347,26.9120288],[75.7879347,26.9120281],[75.7879323,26.9120281],[75.7879323,26.9120274],[75.7879299,26.9120274],[75.7879299,26.9120267],[75.7879274,26.9120267],[75.7879274,26.912026],[75.787925,26.912026],[75.787925,26.9120253],[75.7879234,26.9120253],[75.7879234,26.9120246],[75.787921,26.9120246],[75.787921,26.9120239],[75.7879194,26.9120239],[75.7879194,26.9120231],[75.7879177,26.9120231],[75.7879177,26.9120224],[75.7879153,26.9120224],[75.7879153,26.9120217],[75.7879137,26.9120217],[75.7879137,26.912021],[75.7879113,26.912021],[75.7879113,26.9120203],[75.7879032,26.9120203],[75.7879032,26.9120211],[75.7879024,26.9120211],[75.7879024,26.9120218],[75.7879016,26.9120218],[75.7879016,26.9120232],[75.7879008,26.9120232],[75.7879008,26.9120247],[75.7879,26.9120247],[75.7879,26.9120261],[75.7878992,26.9120261],[75.7878992,26.9120276],[75.7878984,26.9120276],[75.7878984,26.912029],[75.7878976,26.912029],[75.7878976,26.9120298],[75.7878968,26.9120298],[75.7878969,26.9120312],[75.787896,26.9120312],[75.787896,26.9120319],[75.7878952,26.9120319],[75.7878952,26.9120327],[75.7878944,26.9120327],[75.7878945,26.9120341],[75.7878936,26.9120341],[75.7878937,26.9120348],[75.7878928,26.9120348],[75.7878929,26.9120363],[75.7878921,26.9120363],[75.7878921,26.912037],[75.7878913,26.912037],[75.7878913,26.9120377],[75.7878905,26.9120377],[75.7878905,26.9120385],[75.7878896,26.9120385],[75.7878897,26.9120392],[75.7878888,26.9120392],[75.7878889,26.9120406],[75.7878881,26.9120406],[75.7878881,26.9120414],[75.7878873,26.9120414],[75.7878873,26.9120428],[75.7878865,26.9120428],[75.7878865,26.9120443],[75.7878857,26.9120443],[75.7878857,26.9120457],[75.7878849,26.9120457],[75.7878849,26.9120464],[75.7878841,26.9120464],[75.7878841,26.9120472],[75.7878833,26.9120472],[75.7878833,26.9120486],[75.7878825,26.9120486],[75.7878825,26.9120493],[75.7878817,26.9120494],[75.7878817,26.9120508],[75.7878809,26.9120508],[75.7878809,26.9120522],[75.7878801,26.9120522],[75.7878801,26.912053],[75.7878793,26.912053],[75.7878793,26.9120544],[75.7878785,26.9120544],[75.7878785,26.9120559],[75.7878777,26.9120559],[75.7878777,26.9120573],[75.7878785,26.9120573],[75.7878785,26.912058],[75.7878801,26.912058],[75.7878801,26.9120587],[75.7878809,26.9120587],[75.7878809,26.9120595],[75.7878825,26.9120595],[75.7878825,26.9120602],[75.7878834,26.9120602],[75.7878834,26.9120609],[75.787885,26.9120609],[75.787885,26.9120616],[75.7878866,26.9120616],[75.7878866,26.9120623],[75.7878874,26.9120623],[75.7878874,26.912063],[75.7878898,26.912063],[75.7878898,26.9120637],[75.7878914,26.9120637],[75.7878914,26.9120645],[75.7878939,26.9120644],[75.7878939,26.9120652],[75.7878963,26.9120652],[75.7878963,26.9120659],[75.7878971,26.9120659],[75.7878971,26.9120666],[75.7878987,26.9120666],[75.7878987,26.9120673],[75.7879003,26.9120673],[75.7879003,26.912068],[75.7879019,26.912068],[75.7879019,26.9120687],[75.7879036,26.9120687],[75.7879036,26.9120695],[75.7879052,26.9120694],[75.7879052,26.9120702],[75.7879068,26.9120702],[75.7879068,26.9120709],[75.7879084,26.9120709],[75.7879084,26.9120716],[75.7879108,26.9120716],[75.7879108,26.9120723],[75.7879149,26.9120723],[75.7879149,26.912073],[75.7879197,26.912073]]]}},{"type":"Feature","properties":{"building_id":"B-0015","vertices":208},"geometry":{"type":"Polygon","coordinates":[[[75.7876564,26.9123215],[75.7876564,26.9123207],[75.7876596,26.9123207],[75.7876596,26.91232],[75.787662,26.91232],[75.787662,26.9123207],[75.7876692,26.9123207],[75.7876692,26.9123199],[75.78767,26.9123199],[75.7876701,26.9123207],[75.7876781,26.9123206],[75.7876781,26.9123199],[75.7876845,26.9123199],[75.7876845,26.9123191],[75.787687,26.9123191],[75.787687,26.9123184],[75.7876886,26.9123184],[75.7876886,26.9123177],[75.7876894,26.9123177],[75.7876894,26.9123169],[75.787691,26.9123169],[75.787691,26.9123162],[75.7876918,26.9123162],[75.7876918,26.9123155],[75.7876926,26.9123155],[75.7876926,26.912314],[75.7876934,26.912314],[75.7876934,26.9123126],[75.7876942,26.9123126],[75.7876942,26.9123111],[75.787695,26.9123111],[75.787695,26.9123104],[75.7876958,26.9123104],[75.7876958,26.9123097],[75.7876966,26.9123097],[75.7876966,26.912309],[75.7876974,26.9123089],[75.7876974,26.9123075],[75.7876982,26.9123075],[75.7876982,26.9123068],[75.7876973,26.9123068],[75.7876973,26.9123039],[75.7876965,26.9123039],[75.7876965,26.9123032],[75.7876973,26.9123032],[75.7876973,26.9123024],[75.7876981,26.9123024],[75.7876981,26.9122945],[75.7876957,26.9122945],[75.7876956,26.9122938],[75.7876948,26.9122938],[75.7876948,26.9122931],[75.7876932,26.9122931],[75.7876932,26.9122924],[75.7876916,26.9122924],[75.7876916,26.9122916],[75.7876908,26.9122916],[75.7876908,26.9122909],[75.7876892,26.9122909],[75.7876892,26.9122902],[75.7876876,26.9122902],[75.7876876,26.9122895],[75.7876868,26.9122895],[75.7876868,26.9122888],[75.7876859,26.9122888],[75.7876859,26.9122881],[75.7876835,26.9122881],[75.7876835,26.9122874],[75.7876819,26.9122874],[75.7876819,26.9122866],[75.7876803,26.9122867],[75.7876803,26.9122859],[75.7876787,26.9122859],[75.7876787,26.9122852],[75.7876771,26.9122852],[75.7876771,26.9122845],[75.7876754,26.9122845],[75.7876754,26.9122838],[75.7876738,26.9122838],[75.7876738,26.9122831],[75.787673,26.9122831],[75.787673,26.9122824],[75.7876714,26.9122824],[75.7876714,26.9122816],[75.7876706,26.9122816],[75.7876706,26.9122809],[75.787669,26.9122809],[75.787669,26.9122802],[75.7876674,26.9122802],[75.7876673,26.9122795],[75.7876657,26.9122795],[75.7876657,26.9122788],[75.7876641,26.9122788],[75.7876641,26.9122781],[75.7876633,26.9122781],[75.7876633,26.9122774],[75.7876609,26.9122774],[75.7876609,26.9122766],[75.7876593,26.9122767],[75.7876593,26.9122759],[75.7876577,26.9122759],[75.7876577,26.9122752],[75.787656,26.9122752],[75.787656,26.9122745],[75.7876544,26.9122745],[75.7876544,26.9122738],[75.7876536,26.9122738],[75.7876536,26.9122731],[75.7876528,26.9122731],[75.7876528,26.9122724],[75.7876512,26.9122724],[75.7876512,26.9122716],[75.7876496,26.9122717],[75.7876496,26.9122709],[75.787648,26.9122709],[75.7876479,26.9122702],[75.7876471,26.9122702],[75.7876471,26.9122695],[75.7876399,26.9122695],[75.7876399,26.9122703],[75.7876391,26.9122703],[75.7876391,26.912271],[75.7876383,26.912271],[75.7876383,26.9122717],[75.7876375,26.9122717],[75.7876375,26.9122732],[75.7876367,26.9122732],[75.7876367,26.9122761],[75.7876359,26.9122761],[75.7876359,26.9122782],[75.7876351,26.9122782],[75.7876351,26.9122797],[75.7876343,26.9122797],[75.7876343,26.9122811],[75.7876335,26.9122811],[75.7876335,26.9122826],[75.7876327,26.9122826],[75.7876327,26.9122833],[75.7876319,26.9122833],[75.7876319,26.9122855],[75.7876311,26.9122855],[75.7876311,26.9122862],[75.7876303,26.9122862],[75.7876303,26.9122877],[75.7876295,26.9122877],[75.7876296,26.9122891],[75.7876287,26.9122891],[75.7876288,26.9122906],[75.7876279,26.9122906],[75.787628,26.912292],[75.7876272,26.912292],[75.7876272,26.9122934],[75.7876264,26.9122935],[75.7876264,26.9122949],[75.7876256,26.9122949],[75.7876256,26.9122963],[75.7876248,26.9122964],[75.7876248,26.9122985],[75.787624,26.9122985],[75.787624,26.9123],[75.7876232,26.9123],[75.7876232,26.9123007],[75.7876224,26.9123007],[75.7876224,26.9123029],[75.7876216,26.9123029],[75.7876216,26.9123036],[75.7876208,26.9123036],[75.7876208,26.9123058],[75.78762,26.9123058],[75.78762,26.9123072],[75.7876192,26.9123072],[75.7876192,26.9123079],[75.78762,26.9123079],[75.78762,26.9123094],[75.7876208,26.9123094],[75.7876208,26.9123101],[75.7876224,26.9123101],[75.7876225,26.9123108],[75.7876233,26.9123108],[75.7876233,26.9123115],[75.7876241,26.9123115],[75.7876241,26.9123122],[75.7876257,26.9123122],[75.7876257,26.912313],[75.7876273,26.9123129],[75.7876273,26.9123137],[75.7876281,26.9123137],[75.7876281,26.9123144],[75.7876289,26.9123144],[75.7876289,26.9123151],[75.7876321,26.9123151],[75.7876322,26.9123158],[75.7876378,26.9123158],[75.7876378,26.9123165],[75.7876394,26.9123165],[75.7876394,26.9123172],[75.787641,26.9123172],[75.787641,26.9123179],[75.7876426,26.9123179],[75.7876426,26.9123186],[75.7876435,26.9123186],[75.7876435,26.9123194],[75.7876451,26.9123193],[75.7876451,26.9123201],[75.7876467,26.9123201],[75.7876467,26.9123208],[75.7876483,26.9123208],[75.7876483,26.9123215],[75.7876564,26.9123215]]]}},{"type":"Feature","properties":{"building_id":"B-0041","vertices":268},"geometry":{"type":"Polygon","coordinates":[[[75.7877103,26.9120806],[75.7877103,26.9120799],[75.7877199,26.9120799],[75.7877199,26.9120791],[75.7877232,26.9120791],[75.7877232,26.9120784],[75.787724,26.9120784],[75.787724,26.9120777],[75.7877248,26.9120777],[75.7877248,26.9120769],[75.7877256,26.9120769],[75.7877256,26.9120762],[75.7877264,26.9120762],[75.7877264,26.9120748],[75.7877272,26.9120748],[75.7877272,26.912074],[75.787728,26.912074],[75.7877279,26.9120726],[75.7877288,26.9120726],[75.7877287,26.9120704],[75.7877295,26.9120704],[75.7877295,26.9120697],[75.7877303,26.9120697],[75.7877303,26.9120683],[75.7877311,26.9120682],[75.7877311,26.9120668],[75.7877319,26.9120668],[75.7877319,26.9120661],[75.7877327,26.9120661],[75.7877327,26.9120646],[75.7877335,26.9120646],[75.7877335,26.9120632],[75.7877343,26.9120632],[75.7877343,26.9120625],[75.7877351,26.9120624],[75.7877351,26.912061],[75.7877359,26.912061],[75.7877359,26.9120603],[75.7877367,26.9120603],[75.7877367,26.9120588],[75.7877375,26.9120588],[75.7877375,26.9120581],[75.7877383,26.9120581],[75.7877383,26.9120567],[75.7877391,26.9120566],[75.7877391,26.9120552],[75.7877399,26.9120552],[75.7877399,26.9120538],[75.7877407,26.9120537],[75.7877407,26.912053],[75.7877415,26.912053],[75.7877415,26.9120516],[75.7877423,26.9120516],[75.7877423,26.9120501],[75.7877431,26.9120501],[75.7877431,26.9120487],[75.7877439,26.9120487],[75.7877439,26.9120472],[75.7877447,26.9120472],[75.7877447,26.9120458],[75.7877455,26.9120458],[75.7877455,26.9120451],[75.7877463,26.912045],[75.7877463,26.9120436],[75.7877471,26.9120436],[75.7877471,26.9120429],[75.7877479,26.9120429],[75.7877479,26.9120422],[75.7877487,26.9120421],[75.7877487,26.91204],[75.7877495,26.91204],[75.7877495,26.9120385],[75.7877503,26.9120385],[75.7877503,26.9120371],[75.7877511,26.9120371],[75.7877511,26.9120356],[75.7877519,26.9120356],[75.7877519,26.9120349],[75.7877527,26.9120349],[75.7877526,26.9120327],[75.7877543,26.9120327],[75.7877543,26.912032],[75.7877551,26.912032],[75.787755,26.9120306],[75.7877559,26.9120306],[75.7877558,26.9120291],[75.7877567,26.9120291],[75.7877566,26.9120284],[75.7877575,26.9120284],[75.7877574,26.9120277],[75.7877583,26.9120276],[75.7877582,26.9120269],[75.7877591,26.9120269],[75.787759,26.9120255],[75.7877598,26.9120255],[75.7877598,26.9120233],[75.7877606,26.9120233],[75.7877606,26.9120197],[75.7877598,26.9120197],[75.7877598,26.912019],[75.7877582,26.912019],[75.7877582,26.9120183],[75.7877574,26.9120183],[75.7877574,26.9120175],[75.7877566,26.9120175],[75.7877566,26.9120168],[75.7877558,26.9120168],[75.7877558,26.9120161],[75.7877549,26.9120161],[75.7877549,26.9120154],[75.7877517,26.9120154],[75.7877517,26.9120147],[75.7877501,26.9120147],[75.7877501,26.912014],[75.7877493,26.912014],[75.7877493,26.9120133],[75.7877485,26.9120133],[75.7877485,26.9120125],[75.7877477,26.9120125],[75.7877477,26.9120118],[75.7877461,26.9120118],[75.7877461,26.9120111],[75.7877452,26.9120111],[75.7877452,26.9120104],[75.7877436,26.9120104],[75.7877436,26.9120097],[75.7877428,26.9120097],[75.7877428,26.912009],[75.787742,26.912009],[75.787742,26.9120082],[75.7877364,26.9120083],[75.7877364,26.912009],[75.7877356,26.912009],[75.7877356,26.9120097],[75.7877348,26.9120097],[75.7877348,26.9120104],[75.787734,26.9120105],[75.787734,26.9120112],[75.7877332,26.9120112],[75.7877332,26.9120119],[75.7877324,26.9120119],[75.7877324,26.9120126],[75.7877316,26.9120126],[75.7877316,26.9120148],[75.7877308,26.9120148],[75.7877308,26.9120155],[75.7877284,26.9120155],[75.7877284,26.9120163],[75.7877268,26.9120163],[75.7877268,26.912017],[75.7877251,26.912017],[75.7877252,26.9120177],[75.7877243,26.9120177],[75.7877244,26.9120184],[75.7877235,26.9120185],[75.7877236,26.9120192],[75.7877227,26.9120192],[75.7877227,26.9120199],[75.7877219,26.9120199],[75.7877219,26.9120206],[75.7877211,26.9120206],[75.7877211,26.9120214],[75.7877203,26.9120214],[75.7877204,26.9120228],[75.7877195,26.9120228],[75.7877196,26.9120235],[75.7877187,26.9120235],[75.7877188,26.912025],[75.787718,26.912025],[75.787718,26.9120257],[75.7877172,26.9120257],[75.7877172,26.9120272],[75.7877164,26.9120272],[75.7877164,26.9120286],[75.7877156,26.9120286],[75.7877156,26.9120293],[75.7877148,26.9120293],[75.7877148,26.9120301],[75.787714,26.9120301],[75.787714,26.9120315],[75.7877132,26.9120315],[75.7877132,26.912033],[75.7877124,26.912033],[75.7877124,26.9120337],[75.7877116,26.9120337],[75.7877116,26.9120344],[75.7877108,26.9120344],[75.7877108,26.9120351],[75.7877092,26.9120351],[75.7877092,26.9120373],[75.7877084,26.9120373],[75.7877084,26.9120388],[75.7877076,26.9120388],[75.7877076,26.9120395],[75.7877068,26.9120395],[75.7877068,26.9120409],[75.787706,26.9120409],[75.787706,26.9120417],[75.7877052,26.9120417],[75.7877052,26.9120431],[75.7877044,26.9120431],[75.7877044,26.9120438],[75.7877036,26.9120438],[75.7877036,26.9120446],[75.7877028,26.9120446],[75.7877028,26.9120453],[75.787702,26.9120453],[75.787702,26.912046],[75.7877012,26.912046],[75.7877012,26.9120475],[75.7877004,26.9120475],[75.7877004,26.9120482],[75.7876996,26.9120482],[75.7876996,26.9120489],[75.7876988,26.9120489],[75.7876988,26.9120496],[75.787698,26.9120497],[75.787698,26.9120511],[75.7876972,26.9120511],[75.7876972,26.9120518],[75.7876964,26.9120518],[75.7876964,26.9120526],[75.7876956,26.9120526],[75.7876956,26.9120533],[75.7876948,26.9120533],[75.7876948,26.9120547],[75.787694,26.9120547],[75.787694,26.9120555],[75.7876932,26.9120555],[75.7876932,26.9120569],[75.7876924,26.9120569],[75.7876924,26.9120584],[75.7876916,26.9120584],[75.7876916,26.9120598],[75.7876908,26.9120598],[75.7876908,26.9120605],[75.78769,26.9120605],[75.78769,26.912062],[75.7876892,26.912062],[75.7876892,26.9120641],[75.7876884,26.9120642],[75.7876884,26.9120663],[75.7876876,26.9120663],[75.7876876,26.9120685],[75.7876868,26.9120685],[75.7876869,26.9120728],[75.7876877,26.9120728],[75.7876877,26.9120735],[75.7876885,26.9120735],[75.7876885,26.9120743],[75.7876901,26.9120743],[75.7876901,26.912075],[75.7876925,26.912075],[75.7876925,26.9120757],[75.7876941,26.9120757],[75.7876941,26.9120764],[75.7876949,26.9120764],[75.7876949,26.9120771],[75.7876966,26.9120771],[75.7876966,26.9120778],[75.787699,26.9120778],[75.787699,26.9120785],[75.787703,26.9120785],[75.787703,26.9120792],[75.7877054,26.9120792],[75.7877054,26.9120799],[75.7877079,26.9120799],[75.7877079,26.9120807],[75.7877103,26.9120806]]]}},{"type":"Feature","properties":{"building_id":"B-0038","vertices":296},"geometry":{"type":"Polygon","coordinates":[[[75.7880135,26.9121252],[75.7880135,26.9121245],[75.7880143,26.9121244],[75.7880143,26.9121237],[75.7880151,26.9121237],[75.7880151,26.9121208],[75.7880175,26.9121208],[75.7880175,26.9121201],[75.7880183,26.9121201],[75.7880183,26.9121194],[75.7880191,26.9121194],[75.7880191,26.9121186],[75.7880199,26.9121186],[75.7880199,26.9121179],[75.7880207,26.9121179],[75.7880207,26.9121172],[75.7880215,26.9121172],[75.7880215,26.9121157],[75.7880223,26.9121157],[75.7880223,26.9121143],[75.7880231,26.9121143],[75.7880231,26.9121128],[75.7880239,26.9121128],[75.7880239,26.9121114],[75.7880247,26.9121114],[75.7880247,26.9121107],[75.7880271,26.9121107],[75.7880271,26.9121063],[75.7880255,26.9121063],[75.7880255,26.9121056],[75.7880239,26.9121056],[75.7880238,26.9121042],[75.7880247,26.9121042],[75.7880246,26.9121034],[75.7880255,26.9121034],[75.7880255,26.9121042],[75.7880271,26.9121042],[75.7880271,26.9121034],[75.7880279,26.9121034],[75.7880278,26.9120998],[75.7880311,26.9120998],[75.7880311,26.912102],[75.7880319,26.912102],[75.7880319,26.9121034],[75.7880335,26.9121034],[75.7880335,26.9121041],[75.7880343,26.9121041],[75.7880343,26.9121048],[75.7880351,26.9121048],[75.7880351,26.9121056],[75.7880359,26.9121055],[75.7880359,26.912107],[75.7880368,26.912107],[75.7880368,26.9121077],[75.7880376,26.9121077],[75.7880376,26.9121091],[75.78804,26.9121091],[75.78804,26.9121099],[75.7880408,26.9121099],[75.7880408,26.9121106],[75.7880416,26.9121106],[75.7880416,26.9121113],[75.7880424,26.9121113],[75.7880424,26.912112],[75.7880448,26.912112],[75.7880449,26.9121127],[75.7880465,26.9121127],[75.7880465,26.9121134],[75.7880473,26.9121134],[75.7880473,26.9121142],[75.7880489,26.9121141],[75.7880489,26.9121149],[75.7880505,26.9121149],[75.7880505,26.9121156],[75.7880529,26.9121156],[75.7880529,26.9121163],[75.7880545,26.9121163],[75.7880545,26.912117],[75.788057,26.912117],[75.788057,26.9121177],[75.7880586,26.9121177],[75.7880586,26.912117],[75.788061,26.912117],[75.788061,26.9121162],[75.7880626,26.9121162],[75.7880626,26.9121155],[75.7880634,26.9121155],[75.7880634,26.9121148],[75.7880642,26.9121148],[75.7880642,26.9121126],[75.788065,26.9121126],[75.788065,26.9121119],[75.7880658,26.9121119],[75.7880658,26.9121112],[75.7880666,26.9121112],[75.7880666,26.9121104],[75.7880674,26.9121104],[75.7880674,26.9121097],[75.7880682,26.9121097],[75.7880682,26.912109],[75.788069,26.912109],[75.788069,26.9121083],[75.7880698,26.9121082],[75.7880698,26.9121075],[75.7880706,26.9121075],[75.7880706,26.9121068],[75.7880714,26.9121068],[75.7880714,26.9121061],[75.7880722,26.9121061],[75.7880722,26.9121017],[75.7880714,26.9121017],[75.7880714,26.9121003],[75.7880705,26.9121003],[75.7880705,26.9120996],[75.7880689,26.9120996],[75.7880689,26.9120989],[75.7880673,26.9120989],[75.7880673,26.9120981],[75.7880657,26.9120982],[75.7880657,26.9120974],[75.7880641,26.9120974],[75.7880641,26.9120967],[75.7880617,26.9120967],[75.7880617,26.912096],[75.7880552,26.9120961],[75.7880552,26.9120953],[75.7880512,26.9120954],[75.7880512,26.9120946],[75.7880504,26.9120946],[75.7880504,26.9120939],[75.7880487,26.9120939],[75.7880487,26.9120932],[75.7880471,26.9120932],[75.7880471,26.9120925],[75.7880455,26.9120925],[75.7880455,26.9120918],[75.7880439,26.9120918],[75.7880439,26.9120911],[75.7880423,26.9120911],[75.7880423,26.9120903],[75.7880407,26.9120904],[75.7880407,26.9120896],[75.7880399,26.9120896],[75.7880399,26.9120889],[75.7880382,26.9120889],[75.7880382,26.9120882],[75.7880374,26.9120882],[75.7880374,26.9120875],[75.7880358,26.9120875],[75.7880358,26.9120868],[75.7880334,26.9120868],[75.7880334,26.9120861],[75.7880326,26.9120861],[75.7880326,26.9120853],[75.788031,26.9120854],[75.788031,26.9120846],[75.7880302,26.9120846],[75.7880301,26.9120839],[75.7880285,26.9120839],[75.7880285,26.9120832],[75.7880269,26.9120832],[75.7880269,26.9120825],[75.7880253,26.9120825],[75.7880253,26.9120818],[75.7880237,26.9120818],[75.7880237,26.9120811],[75.7880229,26.9120811],[75.7880229,26.9120803],[75.7880213,26.9120804],[75.7880213,26.9120796],[75.7880196,26.9120796],[75.7880196,26.9120789],[75.788018,26.9120789],[75.788018,26.9120782],[75.788014,26.9120782],[75.788014,26.9120775],[75.78801,26.9120775],[75.78801,26.9120768],[75.7880059,26.9120768],[75.7880059,26.9120761],[75.7879946,26.9120762],[75.7879947,26.9120769],[75.7879938,26.9120769],[75.7879939,26.9120776],[75.787993,26.9120776],[75.7879931,26.9120783],[75.7879922,26.9120783],[75.7879922,26.9120791],[75.7879914,26.9120791],[75.7879915,26.9120805],[75.7879906,26.9120805],[75.7879907,26.9120812],[75.7879898,26.9120812],[75.7879899,26.9120827],[75.7879891,26.9120827],[75.7879891,26.9120834],[75.7879883,26.9120834],[75.7879883,26.9120841],[75.7879875,26.9120842],[75.7879875,26.9120849],[75.7879867,26.9120849],[75.7879867,26.9120856],[75.7879859,26.9120856],[75.7879859,26.912087],[75.7879851,26.9120871],[75.7879851,26.9120878],[75.7879843,26.9120878],[75.7879843,26.9120885],[75.7879835,26.9120885],[75.7879835,26.9120892],[75.7879827,26.9120892],[75.7879827,26.91209],[75.7879819,26.91209],[75.7879819,26.9120907],[75.7879811,26.9120907],[75.7879811,26.9120914],[75.7879803,26.9120914],[75.7879803,26.9120921],[75.7879795,26.9120921],[75.7879795,26.9120929],[75.7879786,26.9120929],[75.7879787,26.9120936],[75.7879778,26.9120936],[75.7879779,26.9120943],[75.787977,26.9120943],[75.7879771,26.9120958],[75.7879763,26.9120958],[75.7879763,26.9120965],[75.7879755,26.9120965],[75.7879755,26.9120972],[75.7879747,26.9120972],[75.7879747,26.9120979],[75.7879739,26.9120979],[75.7879739,26.9120994],[75.7879731,26.9120994],[75.7879731,26.912103],[75.7879739,26.912103],[75.7879739,26.9121037],[75.7879747,26.9121037],[75.7879747,26.9121044],[75.7879755,26.9121044],[75.7879755,26.9121052],[75.7879763,26.9121052],[75.7879763,26.9121059],[75.7879771,26.9121059],[75.7879771,26.9121066],[75.7879779,26.9121066],[75.7879779,26.9121073],[75.7879787,26.9121073],[75.7879788,26.912108],[75.7879804,26.912108],[75.7879804,26.9121087],[75.7879812,26.9121087],[75.7879812,26.9121095],[75.787982,26.9121095],[75.787982,26.9121102],[75.7879828,26.9121102],[75.7879828,26.9121109],[75.7879836,26.9121109],[75.7879836,26.9121116],[75.7879844,26.9121116],[75.7879844,26.9121123],[75.787986,26.9121123],[75.787986,26.912113],[75.7879868,26.912113],[75.7879869,26.9121138],[75.7879877,26.9121138],[75.7879877,26.9121145],[75.7879885,26.9121145],[75.7879885,26.9121152],[75.7879893,26.9121152],[75.7879893,26.9121159],[75.7879901,26.9121159],[75.7879901,26.9121166],[75.7879917,26.9121166],[75.7879917,26.9121174],[75.7879925,26.9121173],[75.7879925,26.9121181],[75.7879941,26.9121181],[75.7879941,26.9121188],[75.7879957,26.9121188],[75.7879958,26.9121195],[75.7879966,26.9121195],[75.7879966,26.9121202],[75.7879982,26.9121202],[75.7879982,26.9121209],[75.787999,26.9121209],[75.787999,26.9121216],[75.7879998,26.9121216],[75.7879998,26.9121224],[75.7880006,26.9121224],[75.7880006,26.9121231],[75.7880014,26.9121231],[75.7880014,26.9121245],[75.788003,26.9121245],[75.788003,26.9121252],[75.7880135,26.9121252]]]}},{"type":"Feature","properties":{"building_id":"B-0005","vertices":112},"geometry":{"type":"Polygon","coordinates":[[[75.7882006,26.9123762],[75.7882006,26.9123755],[75.7882126,26.9123754],[75.7882126,26.9123761],[75.7882215,26.9123761],[75.7882215,26.9123754],[75.7882231,26.9123753],[75.7882231,26.9123746],[75.7882239,26.9123746],[75.7882239,26.9123725],[75.7882247,26.9123725],[75.7882247,26.9123703],[75.7882239,26.9123703],[75.7882239,26.9123688],[75.7882247,26.9123688],[75.7882246,26.9123515],[75.7882238,26.9123515],[75.7882237,26.9123493],[75.7882229,26.9123493],[75.7882228,26.9123233],[75.7882236,26.9123233],[75.7882235,26.9123183],[75.7882227,26.9123183],[75.7882227,26.9123161],[75.7882219,26.9123161],[75.7882219,26.912314],[75.7882203,26.912314],[75.7882203,26.9123133],[75.7882187,26.9123133],[75.7882186,26.9123125],[75.7882017,26.9123126],[75.7882017,26.9123119],[75.7881985,26.9123119],[75.7881985,26.9123112],[75.7881969,26.9123112],[75.7881969,26.9123105],[75.7881929,26.9123105],[75.7881928,26.9123098],[75.788184,26.9123098],[75.788184,26.9123106],[75.7881832,26.9123106],[75.7881832,26.9123098],[75.78818,26.9123099],[75.78818,26.9123091],[75.7881759,26.9123092],[75.7881759,26.9123106],[75.7881751,26.9123106],[75.7881752,26.91232],[75.7881744,26.91232],[75.7881744,26.9123215],[75.7881752,26.9123214],[75.7881752,26.9123229],[75.7881768,26.9123229],[75.7881768,26.9123222],[75.7881776,26.9123222],[75.7881776,26.9123214],[75.7881784,26.9123214],[75.7881784,26.9123185],[75.7881792,26.9123185],[75.7881792,26.9123156],[75.7881784,26.9123157],[75.7881784,26.9123149],[75.7881792,26.9123149],[75.7881792,26.9123135],[75.78818,26.9123135],[75.78818,26.9123128],[75.7881848,26.9123127],[75.7881848,26.9123134],[75.7881856,26.9123134],[75.7881856,26.9123142],[75.7881864,26.9123142],[75.7881864,26.9123149],[75.7881872,26.9123149],[75.7881873,26.9123163],[75.7881864,26.9123163],[75.7881865,26.9123171],[75.7881873,26.912317],[75.7881874,26.9123344],[75.7881866,26.9123344],[75.7881866,26.912338],[75.7881858,26.912338],[75.7881858,26.9123394],[75.788185,26.9123394],[75.788185,26.9123402],[75.7881834,26.9123402],[75.7881834,26.9123409],[75.7881818,26.9123409],[75.7881818,26.9123416],[75.7881834,26.9123416],[75.7881834,26.912346],[75.7881826,26.912346],[75.7881826,26.9123481],[75.7881818,26.9123481],[75.7881819,26.912351],[75.7881811,26.912351],[75.7881811,26.9123546],[75.7881803,26.9123546],[75.7881803,26.912359],[75.7881795,26.912359],[75.7881795,26.9123611],[75.7881787,26.9123612],[75.7881787,26.9123633],[75.7881779,26.9123633],[75.7881779,26.9123655],[75.7881771,26.9123655],[75.7881772,26.9123705],[75.7881764,26.9123706],[75.7881764,26.9123713],[75.7881756,26.9123713],[75.7881756,26.9123756],[75.7881981,26.9123755],[75.7881981,26.9123762],[75.7882006,26.9123762]]]}},{"type":"Feature","properties":{"building_id":"B-0002","vertices":182},"geometry":{"type":"Polygon","coordinates":[[[75.7878509,26.9123789],[75.7878509,26.9123781],[75.7878549,26.9123781],[75.787855,26.9123788],[75.787859,26.9123788],[75.787859,26.9123781],[75.787863,26.9123781],[75.787863,26.9123774],[75.7878646,26.9123773],[75.7878646,26.9123766],[75.7878662,26.9123766],[75.7878662,26.9123745],[75.7878654,26.9123745],[75.7878654,26.9123737],[75.7878646,26.9123737],[75.7878646,26.912373],[75.787863,26.912373],[75.787863,26.9123723],[75.7878622,26.9123723],[75.7878622,26.9123716],[75.7878605,26.9123716],[75.7878605,26.9123709],[75.7878597,26.9123709],[75.7878597,26.9123694],[75.7878589,26.9123694],[75.7878589,26.912368],[75.7878565,26.912368],[75.7878565,26.9123673],[75.7878557,26.9123673],[75.7878557,26.9123666],[75.7878549,26.9123666],[75.7878549,26.9123658],[75.7878541,26.9123659],[75.7878541,26.9123651],[75.7878524,26.9123651],[75.7878524,26.9123644],[75.7878516,26.9123644],[75.7878516,26.9123637],[75.7878508,26.9123637],[75.7878508,26.9123623],[75.78785,26.9123623],[75.78785,26.9123608],[75.7878492,26.9123608],[75.7878492,26.9123587],[75.7878484,26.9123587],[75.7878484,26.9123572],[75.7878476,26.9123572],[75.7878475,26.9123565],[75.7878467,26.9123565],[75.7878467,26.9123558],[75.7878459,26.9123558],[75.7878459,26.9123551],[75.7878451,26.9123551],[75.7878451,26.9123543],[75.7878435,26.9123544],[75.7878435,26.9123536],[75.7878427,26.9123536],[75.7878427,26.9123529],[75.7878419,26.9123529],[75.7878419,26.9123522],[75.7878403,26.9123522],[75.7878403,26.9123515],[75.7878395,26.9123515],[75.7878395,26.9123508],[75.787837,26.9123508],[75.787837,26.9123501],[75.7878354,26.9123501],[75.7878354,26.9123493],[75.7878338,26.9123494],[75.7878338,26.9123486],[75.7878322,26.9123486],[75.7878322,26.9123479],[75.7878306,26.9123479],[75.7878306,26.9123472],[75.7878298,26.9123472],[75.7878298,26.9123465],[75.7878281,26.9123465],[75.7878281,26.9123458],[75.7878273,26.9123458],[75.7878273,26.9123451],[75.7878265,26.9123451],[75.7878265,26.9123443],[75.7878249,26.9123443],[75.7878249,26.9123436],[75.7878241,26.9123436],[75.7878241,26.9123429],[75.7878225,26.9123429],[75.7878225,26.9123422],[75.7878217,26.9123422],[75.7878217,26.9123415],[75.78782,26.9123415],[75.78782,26.9123408],[75.7878192,26.9123408],[75.7878192,26.9123393],[75.7878184,26.9123393],[75.7878184,26.9123379],[75.7878176,26.9123379],[75.7878176,26.9123328],[75.7878184,26.9123328],[75.7878184,26.9123314],[75.7878192,26.9123314],[75.7878192,26.9123307],[75.78782,26.9123307],[75.78782,26.9123299],[75.7878208,26.9123299],[75.7878208,26.912327],[75.7878151,26.9123271],[75.7878151,26.9123278],[75.7878143,26.9123278],[75.7878143,26.9123285],[75.7878135,26.9123285],[75.7878135,26.9123292],[75.7878127,26.9123292],[75.7878127,26.9123314],[75.7878111,26.9123314],[75.7878111,26.9123321],[75.7878079,26.9123322],[75.7878079,26.9123329],[75.7878063,26.9123329],[75.7878063,26.9123351],[75.7878047,26.9123351],[75.7878047,26.9123358],[75.7878023,26.9123358],[75.7878023,26.9123365],[75.7877999,26.9123365],[75.7877999,26.9123373],[75.7877983,26.9123373],[75.7877983,26.912338],[75.7877975,26.912338],[75.7877975,26.9123387],[75.7877967,26.9123387],[75.7877967,26.9123394],[75.7877951,26.9123395],[75.7877951,26.9123402],[75.7877943,26.9123402],[75.7877943,26.9123409],[75.7877935,26.9123409],[75.7877935,26.9123416],[75.7877927,26.9123416],[75.7877927,26.9123431],[75.7877919,26.9123431],[75.7877919,26.9123453],[75.7877911,26.9123453],[75.7877911,26.9123467],[75.7877903,26.9123467],[75.7877903,26.9123482],[75.7877895,26.9123482],[75.7877895,26.9123496],[75.7877887,26.9123496],[75.7877887,26.912351],[75.7877871,26.9123511],[75.7877871,26.9123518],[75.7877855,26.9123518],[75.7877855,26.9123525],[75.7877823,26.9123525],[75.7877823,26.9123533],[75.7877807,26.9123533],[75.7877807,26.912354],[75.7877799,26.912354],[75.7877799,26.9123554],[75.7877791,26.9123554],[75.7877791,26.9123562],[75.7877783,26.9123562],[75.7877783,26.9123569],[75.7877767,26.9123569],[75.7877767,26.9123576],[75.7877759,26.9123576],[75.7877759,26.9123677],[75.7877767,26.9123677],[75.7877768,26.9123764],[75.7877792,26.9123764],[75.7877792,26.9123771],[75.7877816,26.9123771],[75.7877816,26.9123778],[75.7877913,26.9123778],[75.7877913,26.9123785],[75.7878066,26.9123784],[75.7878066,26.9123777],[75.7878114,26.9123776],[75.7878114,26.9123784],[75.7878372,26.9123782],[75.7878372,26.9123789],[75.7878509,26.9123789]]]}},{"type":"Feature","properties":{"building_id":"B-0072","vertices":112},"geometry":{"type":"Polygon","coordinates":[[[75.7873721,26.9118825],[75.7873721,26.9118817],[75.7873737,26.9118817],[75.7873737,26.911881],[75.7873745,26.911881],[75.7873745,26.9118803],[75.7873762,26.9118803],[75.7873761,26.9118796],[75.787377,26.9118795],[75.7873769,26.9118788],[75.7873778,26.9118788],[75.7873778,26.9118781],[75.7873786,26.9118781],[75.7873786,26.9118774],[75.7873794,26.9118774],[75.7873793,26.9118759],[75.7873802,26.9118759],[75.7873801,26.9118745],[75.7873809,26.9118745],[75.7873809,26.911873],[75.7873817,26.911873],[75.7873817,26.9118709],[75.7873825,26.9118708],[75.7873825,26.9118694],[75.7873833,26.9118694],[75.7873833,26.9118672],[75.7873841,26.9118672],[75.7873841,26.9118665],[75.7873849,26.9118665],[75.7873849,26.9118651],[75.7873857,26.9118651],[75.7873857,26.9118636],[75.7873865,26.9118636],[75.7873864,26.9118499],[75.7873856,26.9118499],[75.7873856,26.9118456],[75.7873848,26.9118456],[75.7873848,26.9118434],[75.787384,26.9118434],[75.7873839,26.911842],[75.7873831,26.911842],[75.7873831,26.9118398],[75.7873823,26.9118398],[75.7873823,26.9118391],[75.7873815,26.9118391],[75.7873815,26.9118384],[75.7873799,26.9118384],[75.7873799,26.9118376],[75.7873751,26.9118377],[75.787375,26.9118369],[75.7873734,26.911837],[75.7873734,26.9118362],[75.7873718,26.9118362],[75.7873718,26.9118355],[75.7873702,26.9118355],[75.7873702,26.9118348],[75.7873412,26.911835],[75.7873412,26.9118357],[75.7873356,26.9118357],[75.7873356,26.9118364],[75.7873291,26.9118365],[75.7873291,26.9118372],[75.7873275,26.9118372],[75.7873275,26.9118379],[75.7873259,26.9118379],[75.7873259,26.9118387],[75.7873251,26.9118387],[75.7873251,26.9118408],[75.7873243,26.9118408],[75.7873244,26.9118481],[75.7873236,26.9118481],[75.7873236,26.9118502],[75.7873228,26.9118502],[75.7873228,26.9118531],[75.787322,26.9118531],[75.787322,26.9118604],[75.7873228,26.9118603],[75.7873229,26.9118625],[75.7873237,26.9118625],[75.7873237,26.911864],[75.7873245,26.9118639],[75.7873245,26.9118647],[75.7873253,26.9118647],[75.7873253,26.9118661],[75.7873261,26.9118661],[75.7873261,26.9118668],[75.7873269,26.9118668],[75.7873269,26.9118683],[75.7873277,26.9118683],[75.7873277,26.9118704],[75.7873286,26.9118704],[75.7873286,26.9118726],[75.7873294,26.9118726],[75.7873294,26.9118748],[75.7873302,26.9118748],[75.7873302,26.9118769],[75.787331,26.9118769],[75.787331,26.9118776],[75.7873318,26.9118776],[75.7873318,26.9118784],[75.7873334,26.9118783],[75.7873334,26.9118791],[75.7873351,26.9118791],[75.7873351,26.9118798],[75.7873375,26.9118798],[75.7873375,26.9118805],[75.7873472,26.9118804],[75.7873472,26.9118812],[75.7873512,26.9118811],[75.7873512,26.9118819],[75.7873552,26.9118818],[75.7873552,26.9118826],[75.7873721,26.9118825]]]}},{"type":"Feature","properties":{"building_id":"B-0022","vertices":214},"geometry":{"type":"Polygon","coordinates":[[[75.7882005,26.9122527],[75.7882005,26.912252],[75.7882142,26.9122519],[75.7882142,26.9122512],[75.7882158,26.9122512],[75.7882158,26.9122504],[75.7882166,26.9122504],[75.7882166,26.9122497],[75.7882174,26.9122497],[75.7882174,26.912249],[75.7882182,26.912249],[75.7882182,26.9122432],[75.788219,26.9122432],[75.788219,26.9122425],[75.7882214,26.9122425],[75.7882214,26.9122417],[75.7882262,26.9122417],[75.7882262,26.9122424],[75.788227,26.9122424],[75.788227,26.9122417],[75.7882302,26.9122417],[75.7882302,26.912241],[75.7882327,26.912241],[75.7882327,26.9122417],[75.7882351,26.9122417],[75.7882351,26.9122409],[75.7882415,26.9122409],[75.7882415,26.9122416],[75.7882447,26.9122416],[75.7882447,26.9122409],[75.788248,26.9122409],[75.788248,26.9122401],[75.7882544,26.9122401],[75.7882544,26.9122394],[75.7882552,26.9122394],[75.7882552,26.9122387],[75.7882576,26.9122386],[75.7882576,26.9122379],[75.7882592,26.9122379],[75.7882592,26.9122372],[75.78826,26.9122372],[75.7882599,26.9122206],[75.7882591,26.9122206],[75.7882591,26.9122191],[75.7882583,26.9122191],[75.7882583,26.9122177],[75.7882575,26.9122177],[75.7882575,26.912217],[75.7882567,26.912217],[75.7882567,26.9122163],[75.7882558,26.9122163],[75.7882558,26.9122155],[75.788255,26.9122156],[75.788255,26.9122148],[75.7882542,26.9122148],[75.7882542,26.9122134],[75.7882534,26.9122134],[75.7882534,26.9122119],[75.7882526,26.912212],[75.7882526,26.9122112],[75.7882518,26.9122112],[75.7882517,26.9122004],[75.7882509,26.9122004],[75.7882509,26.9121997],[75.7882501,26.9121997],[75.7882501,26.9121968],[75.7882493,26.9121968],[75.7882492,26.9121925],[75.7882484,26.9121925],[75.7882484,26.912191],[75.7882476,26.912191],[75.7882476,26.9121881],[75.7882468,26.9121882],[75.7882468,26.9121874],[75.788246,26.9121874],[75.788246,26.9121838],[75.7882411,26.9121839],[75.7882411,26.9121846],[75.7882395,26.9121846],[75.7882395,26.912186],[75.7882387,26.912186],[75.7882387,26.9121868],[75.7882371,26.9121868],[75.7882371,26.9121875],[75.7882363,26.9121875],[75.7882363,26.9121882],[75.7882355,26.9121882],[75.7882355,26.9121889],[75.7882347,26.9121889],[75.7882347,26.9121897],[75.7882339,26.9121897],[75.7882339,26.9121904],[75.7882331,26.9121904],[75.7882331,26.9121911],[75.7882323,26.9121911],[75.7882323,26.9121918],[75.7882315,26.9121918],[75.7882315,26.9121926],[75.7882307,26.9121926],[75.7882307,26.912194],[75.7882299,26.912194],[75.7882299,26.9121947],[75.7882291,26.9121948],[75.7882291,26.9121955],[75.7882283,26.9121955],[75.7882283,26.9121962],[75.7882275,26.9121962],[75.7882275,26.9121969],[75.7882267,26.9121969],[75.7882267,26.9121984],[75.7882259,26.9121984],[75.7882259,26.9121991],[75.7882251,26.9121991],[75.7882251,26.9121998],[75.7882235,26.9121998],[75.7882235,26.9122006],[75.7882227,26.9122006],[75.7882227,26.9122027],[75.7882219,26.9122027],[75.7882219,26.9122035],[75.7882203,26.9122035],[75.7882203,26.9122042],[75.7882195,26.9122042],[75.7882195,26.9122049],[75.7882187,26.9122049],[75.7882187,26.9122071],[75.7882171,26.9122071],[75.7882171,26.9122078],[75.7882155,26.9122078],[75.7882155,26.9122086],[75.7882147,26.9122086],[75.7882147,26.9122093],[75.7882139,26.9122093],[75.7882139,26.9122107],[75.7882131,26.9122107],[75.7882131,26.9122122],[75.7882123,26.9122122],[75.7882123,26.9122129],[75.7882115,26.9122129],[75.7882115,26.9122158],[75.7882107,26.9122158],[75.7882107,26.9122165],[75.7882099,26.9122165],[75.7882099,26.912218],[75.7882107,26.912218],[75.7882108,26.9122194],[75.7882099,26.9122194],[75.78821,26.9122209],[75.7882092,26.9122209],[75.7882092,26.9122223],[75.7882084,26.9122223],[75.7882084,26.9122238],[75.7882076,26.9122238],[75.7882076,26.9122245],[75.7882068,26.9122245],[75.7882068,26.9122252],[75.788206,26.9122252],[75.788206,26.9122259],[75.7882052,26.9122259],[75.7882052,26.9122267],[75.7882044,26.9122267],[75.7882044,26.9122274],[75.7882036,26.9122274],[75.7882036,26.9122281],[75.7882028,26.9122281],[75.7882028,26.9122288],[75.788202,26.9122288],[75.788202,26.9122296],[75.7882012,26.9122296],[75.7882012,26.912231],[75.7882004,26.912231],[75.7882004,26.9122317],[75.7881996,26.9122318],[75.7881996,26.9122325],[75.7881988,26.9122325],[75.7881988,26.9122332],[75.7881972,26.9122332],[75.7881972,26.9122347],[75.7881964,26.9122347],[75.7881964,26.9122354],[75.7881956,26.9122354],[75.7881956,26.9122368],[75.788194,26.9122368],[75.788194,26.9122376],[75.7881923,26.9122376],[75.7881924,26.9122383],[75.7881915,26.9122383],[75.7881916,26.912239],[75.7881907,26.912239],[75.7881908,26.9122397],[75.7881899,26.9122397],[75.78819,26.9122405],[75.7881891,26.9122405],[75.7881892,26.9122412],[75.7881883,26.9122412],[75.7881884,26.9122419],[75.7881875,26.9122419],[75.7881876,26.9122434],[75.7881867,26.9122434],[75.7881868,26.9122441],[75.7881876,26.9122441],[75.7881876,26.9122455],[75.7881884,26.9122455],[75.7881884,26.9122477],[75.7881876,26.9122477],[75.7881876,26.9122484],[75.7881884,26.9122484],[75.7881884,26.9122506],[75.7881892,26.9122506],[75.7881892,26.9122513],[75.78819,26.9122513],[75.78819,26.912252],[75.7881973,26.912252],[75.7881973,26.9122527],[75.7882005,26.9122527]]]}},{"type":"Feature","properties":{"building_id":"B-0003","vertices":178},"geometry":{"type":"Polygon","coordinates":[[[75.7878791,26.9123787],[75.7878791,26.912378],[75.7878823,26.912378],[75.7878823,26.9123787],[75.7878848,26.9123787],[75.7878848,26.912378],[75.7878952,26.9123779],[75.7878952,26.9123772],[75.7878993,26.9123772],[75.7878992,26.9123764],[75.7879049,26.9123764],[75.7879049,26.9123757],[75.7879073,26.9123757],[75.7879073,26.9123749],[75.7879081,26.9123749],[75.7879081,26.9123742],[75.7879121,26.9123742],[75.7879121,26.9123735],[75.7879137,26.9123735],[75.7879137,26.9123727],[75.7879145,26.9123727],[75.7879145,26.9123706],[75.7879153,26.9123706],[75.7879153,26.9123698],[75.7879161,26.9123698],[75.7879161,26.9123691],[75.7879169,26.9123691],[75.7879169,26.9123684],[75.7879177,26.9123684],[75.7879177,26.9123677],[75.7879185,26.9123677],[75.7879185,26.9123662],[75.7879193,26.9123662],[75.7879193,26.9123655],[75.7879209,26.9123655],[75.7879209,26.9123648],[75.7879225,26.9123647],[75.7879225,26.912364],[75.7879233,26.912364],[75.7879233,26.9123633],[75.7879241,26.9123633],[75.7879241,26.9123626],[75.7879257,26.9123626],[75.7879257,26.9123618],[75.7879265,26.9123618],[75.7879265,26.9123611],[75.7879273,26.9123611],[75.7879273,26.9123604],[75.7879281,26.9123604],[75.7879281,26.9123582],[75.7879289,26.9123582],[75.7879289,26.912356],[75.7879265,26.9123561],[75.7879265,26.9123546],[75.7879257,26.9123546],[75.7879257,26.912351],[75.7879249,26.912351],[75.7879248,26.9123503],[75.787924,26.9123503],[75.787924,26.9123496],[75.7879232,26.9123496],[75.7879232,26.9123489],[75.7879216,26.9123489],[75.7879216,26.9123481],[75.7879208,26.9123481],[75.7879208,26.9123474],[75.7879184,26.9123474],[75.7879184,26.9123467],[75.7879168,26.9123467],[75.7879168,26.912346],[75.787916,26.912346],[75.7879159,26.9123453],[75.7879151,26.9123453],[75.7879151,26.9123446],[75.7879143,26.9123446],[75.7879143,26.9123438],[75.7879127,26.9123439],[75.7879127,26.9123431],[75.7879111,26.9123431],[75.7879111,26.9123424],[75.7879087,26.9123424],[75.7879087,26.9123417],[75.7879046,26.9123417],[75.7879046,26.912341],[75.7879006,26.912341],[75.7879006,26.9123403],[75.787899,26.9123403],[75.787899,26.9123396],[75.7878974,26.9123396],[75.7878974,26.9123389],[75.7878958,26.9123389],[75.7878958,26.9123382],[75.787895,26.9123382],[75.7878949,26.9123375],[75.7878941,26.9123375],[75.7878941,26.912336],[75.7878933,26.912336],[75.7878933,26.9123353],[75.7878917,26.9123353],[75.7878917,26.9123346],[75.7878909,26.9123346],[75.7878909,26.9123331],[75.7878861,26.9123332],[75.7878861,26.9123339],[75.7878796,26.9123339],[75.7878796,26.9123347],[75.7878683,26.9123347],[75.7878683,26.9123354],[75.7878603,26.9123355],[75.7878603,26.9123362],[75.7878579,26.9123362],[75.7878579,26.9123369],[75.7878547,26.912337],[75.7878547,26.9123377],[75.7878531,26.9123377],[75.7878531,26.9123384],[75.7878523,26.9123384],[75.7878523,26.9123399],[75.7878515,26.9123399],[75.7878515,26.9123413],[75.7878507,26.9123413],[75.7878507,26.9123428],[75.7878499,26.9123428],[75.7878499,26.9123449],[75.7878491,26.9123449],[75.7878491,26.9123464],[75.7878483,26.9123464],[75.7878483,26.9123478],[75.7878499,26.9123478],[75.7878499,26.9123485],[75.7878507,26.9123485],[75.7878507,26.9123529],[75.7878499,26.9123529],[75.78785,26.9123558],[75.7878508,26.9123558],[75.7878508,26.9123565],[75.7878516,26.9123565],[75.7878516,26.9123579],[75.7878524,26.9123579],[75.7878524,26.9123594],[75.7878532,26.9123594],[75.7878532,26.9123601],[75.787854,26.9123601],[75.787854,26.9123608],[75.7878548,26.9123608],[75.7878548,26.9123615],[75.7878556,26.9123615],[75.7878556,26.9123622],[75.7878564,26.9123622],[75.7878565,26.912363],[75.7878573,26.9123629],[75.7878573,26.9123637],[75.7878581,26.9123637],[75.7878581,26.9123651],[75.7878589,26.9123651],[75.7878589,26.9123665],[75.7878597,26.9123665],[75.7878597,26.9123694],[75.7878605,26.9123694],[75.7878605,26.9123709],[75.7878613,26.9123709],[75.7878613,26.9123716],[75.7878622,26.9123716],[75.7878622,26.9123723],[75.787863,26.9123723],[75.787863,26.912373],[75.7878646,26.912373],[75.7878646,26.9123737],[75.7878654,26.9123737],[75.7878654,26.9123745],[75.7878662,26.9123745],[75.7878662,26.9123766],[75.7878646,26.9123766],[75.7878646,26.9123773],[75.7878686,26.9123773],[75.7878686,26.912378],[75.7878783,26.912378],[75.7878783,26.9123787],[75.7878791,26.9123787]]]}},{"type":"Feature","properties":{"building_id":"B-0096","vertices":228},"geometry":{"type":"Polygon","coordinates":[[[75.7877973,26.9117385],[75.7877973,26.9117378],[75.7877981,26.9117378],[75.7877981,26.9117371],[75.7877989,26.9117371],[75.7877989,26.9117364],[75.7877997,26.9117363],[75.7877997,26.9117356],[75.7878005,26.9117356],[75.7878005,26.9117335],[75.7878013,26.9117335],[75.7878013,26.9117313],[75.7878021,26.9117313],[75.7878021,26.9117298],[75.7878029,26.9117298],[75.7878029,26.9117284],[75.7878037,26.9117284],[75.7878037,26.9117262],[75.7878045,26.9117262],[75.7878045,26.9117233],[75.7878053,26.9117233],[75.7878053,26.9117197],[75.7878045,26.9117197],[75.7878044,26.911719],[75.7878036,26.911719],[75.7878036,26.9117175],[75.7878028,26.9117176],[75.7878028,26.9117168],[75.787802,26.9117168],[75.787802,26.9117161],[75.7878012,26.9117161],[75.7878012,26.9117154],[75.7878004,26.9117154],[75.7878004,26.911714],[75.7877996,26.911714],[75.7877996,26.9117111],[75.7878004,26.9117111],[75.7878003,26.9117082],[75.7878012,26.9117082],[75.7878011,26.9117067],[75.7878019,26.9117067],[75.7878019,26.9117038],[75.7878027,26.9117038],[75.7878027,26.9117017],[75.7878035,26.9117017],[75.7878035,26.9116988],[75.7878043,26.9116988],[75.7878043,26.9116959],[75.7878051,26.9116959],[75.7878051,26.9116937],[75.7878059,26.9116937],[75.7878059,26.911693],[75.7878067,26.911693],[75.7878067,26.9116923],[75.7878075,26.9116922],[75.7878075,26.9116915],[75.7878083,26.9116915],[75.7878083,26.9116908],[75.7878091,26.9116908],[75.7878091,26.9116901],[75.7878107,26.9116901],[75.7878107,26.9116893],[75.7878115,26.9116893],[75.7878115,26.9116886],[75.7878139,26.9116886],[75.7878139,26.9116893],[75.7878155,26.9116893],[75.7878155,26.9116886],[75.7878163,26.9116886],[75.7878163,26.9116871],[75.7878171,26.9116871],[75.7878171,26.9116864],[75.7878179,26.9116864],[75.7878179,26.9116842],[75.7878187,26.9116842],[75.7878187,26.9116835],[75.7878195,26.9116835],[75.7878195,26.9116806],[75.7878203,26.9116806],[75.7878203,26.911677],[75.7878211,26.911677],[75.7878211,26.9116756],[75.7878219,26.9116756],[75.7878219,26.9116734],[75.7878227,26.9116734],[75.7878226,26.9116705],[75.7878234,26.9116705],[75.7878234,26.9116683],[75.7878242,26.9116683],[75.7878242,26.9116597],[75.7878226,26.9116597],[75.7878226,26.9116589],[75.787821,26.9116589],[75.7878209,26.9116582],[75.7878201,26.9116582],[75.7878201,26.9116575],[75.7878193,26.9116575],[75.7878193,26.9116568],[75.7878177,26.9116568],[75.7878177,26.9116561],[75.7878145,26.9116561],[75.7878145,26.9116554],[75.7878129,26.9116554],[75.7878129,26.9116547],[75.7878121,26.9116547],[75.787812,26.9116532],[75.7878112,26.9116532],[75.7878112,26.9116525],[75.7878104,26.9116525],[75.7878104,26.9116518],[75.7878,26.9116518],[75.7878,26.9116526],[75.7877983,26.9116526],[75.7877984,26.9116533],[75.7877975,26.9116533],[75.7877976,26.911654],[75.7877967,26.911654],[75.7877968,26.9116569],[75.787796,26.9116569],[75.787796,26.9116584],[75.7877952,26.9116584],[75.7877952,26.9116598],[75.7877944,26.9116598],[75.7877944,26.9116605],[75.7877936,26.9116605],[75.7877936,26.911662],[75.7877928,26.911662],[75.7877928,26.9116634],[75.787792,26.9116634],[75.787792,26.9116656],[75.7877912,26.9116656],[75.7877912,26.9116671],[75.7877904,26.9116671],[75.7877904,26.9116685],[75.7877896,26.9116685],[75.7877896,26.9116692],[75.7877888,26.9116692],[75.7877888,26.9116707],[75.787788,26.9116707],[75.787788,26.9116721],[75.7877872,26.9116721],[75.7877872,26.9116743],[75.7877864,26.9116743],[75.7877864,26.9116758],[75.7877856,26.9116758],[75.7877856,26.9116772],[75.7877848,26.9116772],[75.7877848,26.9116801],[75.787784,26.9116801],[75.7877841,26.9116837],[75.7877833,26.9116837],[75.7877833,26.9116866],[75.7877825,26.9116866],[75.7877825,26.9116895],[75.7877817,26.9116895],[75.7877817,26.9116909],[75.7877809,26.911691],[75.7877809,26.9116917],[75.7877801,26.9116917],[75.7877801,26.9116924],[75.7877793,26.9116924],[75.7877793,26.9116931],[75.7877785,26.9116931],[75.7877785,26.9116939],[75.7877777,26.9116939],[75.7877777,26.9116953],[75.7877769,26.9116953],[75.7877769,26.9116968],[75.7877761,26.9116968],[75.7877761,26.9116982],[75.7877753,26.9116982],[75.7877753,26.9117004],[75.7877745,26.9117004],[75.7877745,26.9117033],[75.7877737,26.9117033],[75.7877737,26.9117047],[75.7877729,26.9117047],[75.7877729,26.9117062],[75.7877721,26.9117062],[75.7877721,26.9117083],[75.7877713,26.9117083],[75.7877714,26.9117098],[75.7877705,26.9117098],[75.7877706,26.9117112],[75.7877698,26.9117112],[75.7877698,26.9117127],[75.787769,26.9117127],[75.787769,26.9117141],[75.7877682,26.9117141],[75.7877682,26.9117163],[75.7877674,26.9117163],[75.7877674,26.9117178],[75.7877666,26.9117178],[75.7877666,26.9117206],[75.7877658,26.9117206],[75.7877658,26.9117221],[75.787765,26.9117221],[75.787765,26.9117279],[75.7877658,26.9117279],[75.7877658,26.9117286],[75.7877675,26.9117286],[75.7877675,26.9117293],[75.7877683,26.9117293],[75.7877683,26.91173],[75.7877699,26.91173],[75.7877699,26.9117307],[75.7877723,26.9117307],[75.7877723,26.9117314],[75.7877739,26.9117314],[75.7877739,26.9117322],[75.7877771,26.9117321],[75.7877772,26.9117329],[75.7877788,26.9117329],[75.7877788,26.9117336],[75.7877812,26.9117336],[75.7877812,26.9117343],[75.7877836,26.9117343],[75.7877836,26.911735],[75.7877876,26.911735],[75.7877876,26.9117357],[75.7877901,26.9117357],[75.7877901,26.9117364],[75.7877925,26.9117364],[75.7877925,26.9117371],[75.7877949,26.9117371],[75.7877949,26.9117378],[75.7877965,26.9117378],[75.7877965,26.9117385],[75.7877973,26.9117385]]]}},{"type":"Feature","properties":{"building_id":"B-0110","vertices":204},"geometry":{"type":"Polygon","coordinates":[[[75.7878258,26.9116582],[75.7878258,26.9116575],[75.7878274,26.9116575],[75.7878274,26.9116567],[75.7878282,26.9116567],[75.7878282,26.9116553],[75.787829,26.9116553],[75.787829,26.9116538],[75.7878298,26.9116538],[75.7878298,26.9116517],[75.7878306,26.9116517],[75.7878306,26.9116502],[75.7878322,26.9116502],[75.7878322,26.9116495],[75.7878386,26.9116495],[75.7878386,26.9116487],[75.7878394,26.9116487],[75.7878394,26.911648],[75.7878402,26.911648],[75.7878402,26.9116473],[75.787841,26.9116473],[75.787841,26.9116458],[75.7878418,26.9116458],[75.7878418,26.9116451],[75.7878426,26.9116451],[75.7878426,26.9116437],[75.7878434,26.9116437],[75.7878434,26.9116422],[75.7878442,26.9116422],[75.7878442,26.9116415],[75.787845,26.9116415],[75.787845,26.9116386],[75.7878458,26.9116386],[75.7878458,26.9116371],[75.7878466,26.9116371],[75.7878466,26.9116357],[75.7878474,26.9116357],[75.7878474,26.9116342],[75.7878482,26.9116342],[75.7878482,26.9116335],[75.787849,26.9116335],[75.787849,26.9116321],[75.7878498,26.9116321],[75.7878498,26.9116313],[75.7878506,26.9116313],[75.7878506,26.9116299],[75.7878514,26.9116299],[75.7878514,26.9116284],[75.7878522,26.9116284],[75.7878521,26.911627],[75.787853,26.911627],[75.7878529,26.9116255],[75.7878538,26.9116255],[75.7878537,26.9116241],[75.7878545,26.9116241],[75.7878545,26.9116219],[75.7878553,26.9116219],[75.7878553,26.9116198],[75.7878561,26.9116198],[75.7878561,26.9116183],[75.7878569,26.9116183],[75.7878569,26.9116169],[75.7878577,26.9116169],[75.7878577,26.9116154],[75.7878585,26.9116154],[75.7878585,26.9116147],[75.7878593,26.9116147],[75.7878593,26.9116132],[75.7878601,26.9116132],[75.7878601,26.9116118],[75.7878609,26.9116118],[75.7878609,26.9116067],[75.7878601,26.9116067],[75.7878601,26.911606],[75.7878584,26.911606],[75.7878584,26.9116053],[75.7878552,26.9116053],[75.7878552,26.9116046],[75.7878528,26.9116046],[75.7878528,26.9116039],[75.787852,26.9116039],[75.787852,26.9116032],[75.7878504,26.9116032],[75.7878504,26.9116024],[75.7878496,26.9116025],[75.7878496,26.911601],[75.7878487,26.911601],[75.7878487,26.9115981],[75.7878495,26.9115981],[75.7878495,26.9115938],[75.7878487,26.9115938],[75.7878487,26.9115931],[75.7878479,26.9115931],[75.7878479,26.9115924],[75.7878471,26.9115924],[75.7878471,26.9115916],[75.7878463,26.9115916],[75.7878463,26.9115909],[75.7878446,26.9115909],[75.7878446,26.9115902],[75.787843,26.9115902],[75.787843,26.9115895],[75.7878414,26.9115895],[75.7878414,26.9115888],[75.7878398,26.9115888],[75.7878398,26.9115881],[75.7878374,26.9115881],[75.7878374,26.9115888],[75.7878342,26.9115888],[75.7878342,26.9115881],[75.7878333,26.9115881],[75.7878333,26.9115874],[75.7878317,26.9115874],[75.7878317,26.9115867],[75.7878261,26.9115867],[75.7878261,26.911586],[75.7878253,26.911586],[75.7878253,26.9115853],[75.7878245,26.9115853],[75.7878245,26.9115845],[75.7878212,26.9115846],[75.7878212,26.9115853],[75.7878204,26.9115853],[75.7878204,26.911586],[75.7878188,26.911586],[75.7878188,26.9115875],[75.787818,26.9115875],[75.787818,26.9115889],[75.7878172,26.9115889],[75.7878172,26.9115896],[75.7878164,26.9115896],[75.7878165,26.9115911],[75.7878156,26.9115911],[75.7878157,26.9115918],[75.7878148,26.9115918],[75.7878149,26.9115933],[75.787814,26.9115933],[75.7878141,26.9115962],[75.7878133,26.9115962],[75.7878133,26.9116034],[75.7878141,26.9116034],[75.7878141,26.9116048],[75.7878149,26.9116048],[75.787815,26.9116178],[75.7878142,26.9116178],[75.7878142,26.91162],[75.7878134,26.91162],[75.7878134,26.9116214],[75.7878126,26.9116214],[75.7878126,26.9116229],[75.7878118,26.9116229],[75.7878118,26.9116243],[75.787811,26.9116243],[75.7878111,26.9116265],[75.7878103,26.9116265],[75.7878103,26.911628],[75.7878095,26.911628],[75.7878095,26.9116294],[75.7878087,26.9116294],[75.7878087,26.9116308],[75.7878079,26.9116309],[75.7878079,26.9116323],[75.7878071,26.9116323],[75.7878071,26.9116345],[75.7878063,26.9116345],[75.7878063,26.9116359],[75.7878055,26.9116359],[75.7878055,26.9116381],[75.7878047,26.9116381],[75.7878047,26.9116417],[75.7878039,26.9116417],[75.7878039,26.911646],[75.7878031,26.911646],[75.7878032,26.9116489],[75.787804,26.9116489],[75.787804,26.9116504],[75.7878048,26.9116504],[75.7878048,26.9116511],[75.7878064,26.9116511],[75.7878064,26.9116504],[75.787808,26.9116504],[75.787808,26.9116496],[75.7878088,26.9116496],[75.7878088,26.9116503],[75.7878104,26.9116503],[75.7878104,26.9116518],[75.7878112,26.9116518],[75.7878112,26.9116525],[75.787812,26.9116525],[75.787812,26.9116532],[75.7878129,26.9116532],[75.7878129,26.9116539],[75.7878145,26.9116539],[75.7878145,26.9116547],[75.7878161,26.9116546],[75.7878161,26.9116554],[75.7878177,26.9116554],[75.7878177,26.9116561],[75.7878193,26.9116561],[75.7878193,26.9116568],[75.7878209,26.9116568],[75.7878209,26.9116575],[75.7878234,26.9116575],[75.7878234,26.9116582],[75.7878258,26.9116582]]]}},{"type":"Feature","properties":{"building_id":"B-0049","vertices":264},"geometry":{"type":"Polygon","coordinates":[[[75.7875087,26.912055],[75.7875087,26.9120543],[75.7875167,26.9120543],[75.7875167,26.9120536],[75.7875183,26.9120535],[75.7875183,26.9120528],[75.7875208,26.9120528],[75.7875208,26.9120521],[75.787524,26.9120521],[75.787524,26.9120513],[75.787528,26.9120513],[75.787528,26.912052],[75.787532,26.912052],[75.787532,26.9120513],[75.7875336,26.9120513],[75.7875336,26.9120506],[75.7875352,26.9120506],[75.7875352,26.9120498],[75.787536,26.9120498],[75.787536,26.9120491],[75.7875368,26.9120491],[75.7875368,26.9120484],[75.7875376,26.9120484],[75.7875376,26.9120477],[75.7875384,26.9120477],[75.7875384,26.9120469],[75.7875392,26.9120469],[75.7875392,26.9120455],[75.78754,26.9120455],[75.78754,26.9120448],[75.7875408,26.9120448],[75.7875408,26.9120433],[75.7875416,26.9120433],[75.7875416,26.9120397],[75.7875424,26.9120397],[75.7875424,26.9120375],[75.7875432,26.9120375],[75.7875432,26.9120361],[75.787544,26.9120361],[75.787544,26.9120353],[75.7875448,26.9120353],[75.7875448,26.9120339],[75.7875456,26.9120339],[75.7875456,26.9120332],[75.7875464,26.9120332],[75.7875464,26.9120324],[75.7875472,26.9120324],[75.7875472,26.9120317],[75.787548,26.9120317],[75.787548,26.912031],[75.7875488,26.912031],[75.7875488,26.9120295],[75.7875496,26.9120295],[75.7875496,26.9120288],[75.7875504,26.9120288],[75.7875504,26.9120281],[75.7875512,26.9120281],[75.7875512,26.9120274],[75.787552,26.9120274],[75.787552,26.9120266],[75.7875528,26.9120266],[75.7875528,26.9120259],[75.7875536,26.9120259],[75.7875536,26.9120252],[75.7875544,26.9120252],[75.7875544,26.9120245],[75.7875568,26.9120244],[75.7875568,26.9120237],[75.7875584,26.9120237],[75.7875584,26.912023],[75.7875592,26.912023],[75.7875592,26.9120208],[75.78756,26.9120208],[75.78756,26.9120165],[75.7875592,26.9120165],[75.7875592,26.9120158],[75.7875584,26.9120158],[75.7875584,26.912015],[75.7875576,26.912015],[75.7875576,26.9120143],[75.7875567,26.9120143],[75.7875567,26.9120129],[75.7875559,26.9120129],[75.7875559,26.9120122],[75.7875551,26.9120122],[75.7875551,26.9120114],[75.7875543,26.9120115],[75.7875543,26.91201],[75.7875535,26.91201],[75.7875535,26.9120086],[75.7875527,26.9120086],[75.7875527,26.9120079],[75.7875519,26.9120079],[75.7875519,26.9120071],[75.7875511,26.9120071],[75.7875511,26.9120064],[75.7875502,26.9120064],[75.7875502,26.912005],[75.7875494,26.912005],[75.7875494,26.9120043],[75.7875486,26.9120043],[75.7875486,26.9120035],[75.787547,26.9120035],[75.787547,26.9120028],[75.7875462,26.9120028],[75.7875462,26.9120021],[75.7875446,26.9120021],[75.7875446,26.9120014],[75.7875438,26.9120014],[75.7875438,26.9120007],[75.7875421,26.9120007],[75.7875421,26.912],[75.7875413,26.912],[75.7875413,26.9119992],[75.7875405,26.9119993],[75.7875405,26.9119985],[75.7875397,26.9119985],[75.7875397,26.9119978],[75.7875389,26.9119978],[75.7875389,26.9119971],[75.7875381,26.9119971],[75.7875381,26.9119957],[75.7875373,26.9119957],[75.7875373,26.9119942],[75.7875357,26.9119942],[75.7875357,26.9119935],[75.7875348,26.9119935],[75.7875348,26.9119928],[75.787534,26.9119928],[75.787534,26.9119921],[75.7875332,26.9119921],[75.7875332,26.9119913],[75.7875324,26.9119914],[75.7875324,26.9119906],[75.7875316,26.9119906],[75.7875316,26.9119899],[75.7875308,26.9119899],[75.7875308,26.9119892],[75.78753,26.9119892],[75.78753,26.9119885],[75.7875203,26.9119885],[75.7875203,26.9119893],[75.7875179,26.9119893],[75.7875179,26.91199],[75.7875147,26.91199],[75.7875147,26.9119907],[75.7875139,26.9119907],[75.7875139,26.9119915],[75.7875131,26.9119915],[75.7875131,26.9119922],[75.7875123,26.9119922],[75.7875123,26.9119929],[75.7875115,26.9119929],[75.7875115,26.9119958],[75.7875107,26.9119958],[75.7875107,26.9120001],[75.7875099,26.9120001],[75.7875099,26.9120009],[75.7875107,26.9120009],[75.7875107,26.912003],[75.7875116,26.912003],[75.7875116,26.9120037],[75.7875124,26.9120037],[75.7875124,26.9120045],[75.7875132,26.9120045],[75.7875132,26.9120059],[75.787514,26.9120059],[75.787514,26.9120066],[75.7875148,26.9120066],[75.7875148,26.9120088],[75.7875156,26.9120088],[75.7875156,26.9120102],[75.7875164,26.9120102],[75.7875164,26.9120124],[75.7875173,26.9120124],[75.7875173,26.9120131],[75.7875181,26.9120131],[75.7875181,26.9120189],[75.7875173,26.9120189],[75.7875173,26.9120203],[75.7875165,26.9120203],[75.7875165,26.9120211],[75.7875157,26.9120211],[75.7875157,26.9120225],[75.7875149,26.9120225],[75.7875149,26.912024],[75.7875141,26.912024],[75.7875141,26.9120254],[75.7875133,26.9120254],[75.7875133,26.9120261],[75.7875125,26.9120261],[75.7875125,26.9120276],[75.7875117,26.9120276],[75.7875117,26.9120283],[75.7875101,26.9120283],[75.7875101,26.912029],[75.7875093,26.912029],[75.7875093,26.9120298],[75.7875077,26.9120298],[75.7875077,26.9120305],[75.7875069,26.9120305],[75.7875069,26.9120312],[75.7875053,26.9120312],[75.7875053,26.9120319],[75.7875045,26.912032],[75.7875045,26.9120327],[75.7875037,26.9120327],[75.7875037,26.9120334],[75.7875029,26.9120334],[75.7875029,26.9120341],[75.7875013,26.9120341],[75.7875013,26.9120349],[75.7874997,26.9120349],[75.7874997,26.9120356],[75.7874989,26.9120356],[75.7874989,26.9120363],[75.7874973,26.9120363],[75.7874973,26.912037],[75.7874965,26.9120371],[75.7874965,26.9120378],[75.7874957,26.9120378],[75.7874957,26.9120385],[75.7874941,26.9120385],[75.7874941,26.9120392],[75.7874933,26.9120392],[75.7874933,26.91204],[75.7874925,26.91204],[75.7874925,26.9120407],[75.7874917,26.9120407],[75.7874917,26.9120414],[75.7874909,26.9120414],[75.7874909,26.9120429],[75.7874901,26.9120429],[75.7874901,26.9120436],[75.7874885,26.9120436],[75.7874885,26.9120443],[75.7874877,26.9120443],[75.7874877,26.912045],[75.7874869,26.9120451],[75.7874869,26.9120458],[75.7874861,26.9120458],[75.7874861,26.9120465],[75.7874845,26.9120465],[75.7874845,26.9120472],[75.7874837,26.9120472],[75.7874837,26.912048],[75.7874829,26.912048],[75.7874829,26.9120487],[75.7874837,26.9120487],[75.7874837,26.9120494],[75.7874869,26.9120494],[75.7874869,26.9120501],[75.7874877,26.9120501],[75.7874877,26.9120515],[75.7874885,26.9120515],[75.7874885,26.9120523],[75.7874918,26.9120522],[75.7874918,26.912053],[75.7874934,26.912053],[75.7874934,26.9120537],[75.787495,26.9120537],[75.787495,26.9120544],[75.7874966,26.9120544],[75.7874966,26.9120551],[75.7875087,26.912055]]]}},{"type":"Feature","properties":{"building_id":"B-0020","vertices":132},"geometry":{"type":"Polygon","coordinates":[[[75.7880105,26.9122754],[75.7880105,26.9122747],[75.7880129,26.9122747],[75.7880129,26.912274],[75.7880137,26.912274],[75.7880137,26.9122732],[75.7880154,26.9122732],[75.7880153,26.9122725],[75.7880162,26.9122725],[75.7880161,26.9122674],[75.7880169,26.9122674],[75.7880169,26.9122602],[75.7880177,26.9122602],[75.7880177,26.9122588],[75.7880185,26.9122588],[75.7880185,26.912258],[75.7880201,26.912258],[75.7880201,26.9122573],[75.7880209,26.9122573],[75.7880209,26.9122566],[75.7880217,26.9122566],[75.7880216,26.9122436],[75.7880208,26.9122436],[75.7880208,26.9122429],[75.7880192,26.9122429],[75.7880192,26.9122421],[75.7880176,26.9122422],[75.7880175,26.9122414],[75.7880159,26.9122414],[75.7880159,26.9122407],[75.7880143,26.9122407],[75.7880143,26.91224],[75.7880119,26.91224],[75.7880119,26.9122393],[75.7880111,26.9122393],[75.7880111,26.9122386],[75.7880087,26.9122386],[75.7880087,26.9122379],[75.7880054,26.9122379],[75.7880054,26.9122372],[75.7880022,26.9122372],[75.7880022,26.9122365],[75.7880006,26.9122365],[75.7880006,26.9122358],[75.7879998,26.9122358],[75.7879998,26.912235],[75.787999,26.912235],[75.787999,26.9122343],[75.7879982,26.9122343],[75.7879982,26.9122336],[75.7879917,26.9122336],[75.7879917,26.9122329],[75.7879885,26.9122329],[75.7879885,26.9122337],[75.7879853,26.9122337],[75.7879853,26.9122329],[75.787982,26.912233],[75.787982,26.9122322],[75.787974,26.9122323],[75.787974,26.9122316],[75.7879724,26.9122316],[75.7879724,26.9122309],[75.7879716,26.9122309],[75.7879716,26.9122316],[75.7879708,26.9122316],[75.7879707,26.9122309],[75.7879667,26.9122309],[75.7879667,26.9122323],[75.7879659,26.9122323],[75.7879659,26.9122352],[75.7879651,26.9122352],[75.7879651,26.9122367],[75.7879643,26.9122367],[75.7879643,26.9122374],[75.7879635,26.9122374],[75.7879636,26.9122403],[75.7879628,26.9122403],[75.7879628,26.9122425],[75.787962,26.9122425],[75.787962,26.9122454],[75.7879604,26.9122454],[75.7879604,26.9122446],[75.7879596,26.9122446],[75.7879596,26.9122468],[75.7879588,26.9122468],[75.7879588,26.9122504],[75.7879596,26.9122504],[75.7879596,26.9122511],[75.7879588,26.9122512],[75.7879588,26.9122526],[75.787958,26.9122526],[75.787958,26.9122533],[75.7879572,26.9122533],[75.7879572,26.912254],[75.787954,26.9122541],[75.787954,26.9122548],[75.78795,26.9122548],[75.78795,26.9122555],[75.7879492,26.9122555],[75.7879492,26.9122563],[75.7879484,26.9122563],[75.7879484,26.9122584],[75.7879492,26.9122584],[75.7879492,26.9122606],[75.7879484,26.9122606],[75.7879484,26.9122613],[75.7879492,26.9122613],[75.7879492,26.9122628],[75.78795,26.9122628],[75.78795,26.9122656],[75.7879492,26.9122657],[75.7879492,26.9122671],[75.7879484,26.9122671],[75.7879485,26.9122693],[75.7879493,26.9122693],[75.7879493,26.91227],[75.7879501,26.91227],[75.7879501,26.9122707],[75.7879509,26.9122707],[75.7879509,26.9122714],[75.7879517,26.9122714],[75.7879517,26.9122721],[75.7879525,26.9122721],[75.7879525,26.9122729],[75.7879638,26.9122728],[75.7879638,26.9122735],[75.7879855,26.9122734],[75.7879855,26.9122741],[75.7879912,26.9122741],[75.7879912,26.9122748],[75.7880025,26.9122747],[75.7880025,26.9122755],[75.7880105,26.9122754]]]}},{"type":"Feature","properties":{"building_id":"B-0032","vertices":262},"geometry":{"type":"Polygon","coordinates":[[[75.7880679,26.9121769],[75.7880679,26.9121762],[75.7880695,26.9121761],[75.7880695,26.9121754],[75.7880703,26.9121754],[75.7880703,26.9121747],[75.7880711,26.9121747],[75.7880711,26.912174],[75.7880719,26.912174],[75.7880719,26.9121732],[75.7880727,26.9121732],[75.7880727,26.9121725],[75.7880735,26.9121725],[75.7880735,26.9121711],[75.7880743,26.9121711],[75.7880743,26.9121703],[75.7880751,26.9121703],[75.7880751,26.9121689],[75.7880759,26.9121689],[75.7880758,26.9121674],[75.7880767,26.9121674],[75.7880766,26.9121667],[75.7880775,26.9121667],[75.7880774,26.912166],[75.7880783,26.912166],[75.7880782,26.9121653],[75.7880799,26.9121652],[75.7880799,26.9121645],[75.7880807,26.9121645],[75.7880807,26.9121638],[75.7880815,26.9121638],[75.7880815,26.9121631],[75.7880823,26.9121631],[75.7880823,26.9121616],[75.7880831,26.9121616],[75.788083,26.9121595],[75.7880838,26.9121594],[75.7880838,26.912158],[75.7880846,26.912158],[75.7880846,26.9121566],[75.7880854,26.9121566],[75.7880854,26.9121558],[75.7880862,26.9121558],[75.7880862,26.9121544],[75.788087,26.9121544],[75.788087,26.9121529],[75.7880878,26.9121529],[75.7880878,26.9121522],[75.7880886,26.9121522],[75.7880886,26.9121515],[75.7880894,26.9121515],[75.7880894,26.9121508],[75.7880902,26.9121507],[75.7880902,26.91215],[75.788091,26.91215],[75.788091,26.9121493],[75.7880918,26.9121493],[75.7880918,26.9121486],[75.7880926,26.9121486],[75.7880926,26.9121478],[75.7880934,26.9121478],[75.7880934,26.9121471],[75.7880942,26.9121471],[75.7880942,26.9121464],[75.788095,26.9121464],[75.788095,26.9121449],[75.7880958,26.9121449],[75.7880958,26.9121435],[75.7880966,26.9121435],[75.7880966,26.9121428],[75.7880974,26.9121428],[75.7880974,26.9121413],[75.7880982,26.9121413],[75.7880982,26.9121406],[75.788099,26.9121406],[75.788099,26.9121399],[75.7880998,26.9121399],[75.7880998,26.9121384],[75.7881006,26.9121384],[75.7881006,26.9121377],[75.7881014,26.9121377],[75.7881014,26.9121326],[75.7881006,26.9121326],[75.7881006,26.9121319],[75.7880998,26.9121319],[75.7880998,26.9121312],[75.788099,26.9121312],[75.788099,26.9121305],[75.7880973,26.9121305],[75.7880973,26.9121298],[75.7880965,26.9121298],[75.7880965,26.912129],[75.7880957,26.912129],[75.7880957,26.9121283],[75.7880949,26.9121283],[75.7880949,26.9121276],[75.7880941,26.9121276],[75.7880941,26.9121269],[75.7880933,26.9121269],[75.7880933,26.9121262],[75.7880925,26.9121262],[75.7880925,26.9121255],[75.7880917,26.9121255],[75.7880917,26.9121247],[75.7880909,26.9121247],[75.7880909,26.912124],[75.7880892,26.912124],[75.7880892,26.9121233],[75.7880884,26.9121233],[75.7880884,26.9121226],[75.7880868,26.9121226],[75.7880868,26.9121219],[75.788086,26.9121219],[75.788086,26.9121212],[75.7880852,26.9121212],[75.7880852,26.9121204],[75.7880844,26.9121204],[75.7880844,26.9121197],[75.7880836,26.9121197],[75.7880836,26.912119],[75.7880828,26.912119],[75.7880828,26.9121183],[75.7880811,26.9121183],[75.7880811,26.9121176],[75.7880803,26.9121176],[75.7880803,26.9121169],[75.7880795,26.9121169],[75.7880795,26.9121161],[75.7880787,26.9121161],[75.7880787,26.9121154],[75.7880707,26.9121155],[75.7880707,26.9121162],[75.788069,26.9121162],[75.7880691,26.9121169],[75.7880674,26.9121169],[75.7880674,26.9121177],[75.7880658,26.9121177],[75.7880658,26.9121184],[75.7880642,26.9121184],[75.7880642,26.9121191],[75.7880626,26.9121191],[75.7880626,26.9121198],[75.788061,26.9121199],[75.788061,26.9121206],[75.7880602,26.9121206],[75.7880602,26.9121213],[75.7880594,26.9121213],[75.7880594,26.912122],[75.7880578,26.912122],[75.7880578,26.9121228],[75.7880562,26.9121228],[75.7880562,26.9121235],[75.7880546,26.9121235],[75.7880546,26.9121242],[75.7880538,26.9121242],[75.7880538,26.9121249],[75.788053,26.912125],[75.788053,26.9121257],[75.7880522,26.9121257],[75.7880522,26.9121271],[75.7880514,26.9121271],[75.7880514,26.9121279],[75.7880506,26.9121279],[75.7880506,26.9121286],[75.7880498,26.9121286],[75.7880498,26.9121293],[75.788049,26.9121293],[75.788049,26.91213],[75.7880482,26.91213],[75.7880482,26.9121308],[75.7880474,26.9121308],[75.7880474,26.9121315],[75.7880466,26.9121315],[75.7880466,26.9121322],[75.7880458,26.9121322],[75.7880458,26.9121337],[75.788045,26.9121337],[75.788045,26.9121344],[75.7880442,26.9121344],[75.7880442,26.9121351],[75.7880434,26.9121351],[75.7880434,26.9121358],[75.7880426,26.9121358],[75.7880426,26.9121366],[75.7880418,26.9121366],[75.7880418,26.9121373],[75.788041,26.9121373],[75.788041,26.9121387],[75.7880402,26.9121387],[75.7880402,26.9121395],[75.7880394,26.9121395],[75.7880394,26.9121402],[75.7880386,26.9121402],[75.7880386,26.9121409],[75.7880378,26.9121409],[75.7880378,26.9121424],[75.788037,26.9121424],[75.788037,26.9121438],[75.7880362,26.9121438],[75.7880362,26.912146],[75.7880354,26.912146],[75.7880355,26.9121525],[75.7880347,26.9121525],[75.7880347,26.9121532],[75.7880355,26.9121532],[75.7880355,26.9121547],[75.7880363,26.9121547],[75.7880363,26.9121561],[75.7880371,26.9121561],[75.7880371,26.9121568],[75.7880387,26.9121568],[75.7880387,26.9121575],[75.7880395,26.9121575],[75.7880395,26.9121583],[75.7880403,26.9121582],[75.7880403,26.912159],[75.7880419,26.912159],[75.788042,26.9121597],[75.7880436,26.9121597],[75.7880436,26.9121604],[75.7880444,26.9121604],[75.7880444,26.9121611],[75.7880452,26.9121611],[75.7880452,26.9121618],[75.788046,26.9121618],[75.788046,26.9121625],[75.7880468,26.9121625],[75.7880468,26.9121633],[75.7880476,26.9121633],[75.7880476,26.912164],[75.7880492,26.912164],[75.7880492,26.9121647],[75.78805,26.9121647],[75.7880501,26.9121654],[75.7880509,26.9121654],[75.7880509,26.9121661],[75.7880525,26.9121661],[75.7880525,26.9121668],[75.7880533,26.9121668],[75.7880533,26.9121676],[75.7880541,26.9121676],[75.7880541,26.912169],[75.7880549,26.912169],[75.7880549,26.9121697],[75.7880565,26.9121697],[75.7880565,26.9121704],[75.7880573,26.9121704],[75.7880573,26.9121712],[75.7880581,26.9121711],[75.7880582,26.9121719],[75.788059,26.9121719],[75.788059,26.9121726],[75.7880598,26.9121726],[75.7880598,26.9121733],[75.7880606,26.9121733],[75.7880606,26.912174],[75.7880622,26.912174],[75.7880622,26.9121755],[75.7880638,26.9121755],[75.7880638,26.9121762],[75.7880654,26.9121762],[75.7880654,26.9121769],[75.7880679,26.9121769]]]}},{"type":"Feature","properties":{"building_id":"B-0074","vertices":250},"geometry":{"type":"Polygon","coordinates":[[[75.7874364,26.9118489],[75.7874364,26.9118482],[75.7874372,26.9118482],[75.7874372,26.9118474],[75.787438,26.9118474],[75.787438,26.9118467],[75.7874388,26.9118467],[75.7874388,26.9118453],[75.7874396,26.9118453],[75.7874395,26.9118438],[75.7874404,26.9118438],[75.7874403,26.9118424],[75.7874411,26.9118424],[75.7874411,26.9118308],[75.7874395,26.9118308],[75.7874395,26.9118301],[75.7874386,26.9118301],[75.7874386,26.9118294],[75.7874354,26.9118294],[75.7874354,26.9118287],[75.787433,26.9118287],[75.787433,26.911828],[75.7874314,26.911828],[75.7874314,26.9118272],[75.7874306,26.9118272],[75.7874306,26.9118265],[75.7874298,26.9118265],[75.7874298,26.9118258],[75.7874289,26.9118258],[75.7874289,26.9118251],[75.7874273,26.9118251],[75.7874273,26.9118244],[75.7874265,26.9118244],[75.7874265,26.9118237],[75.7874257,26.9118237],[75.7874257,26.9118229],[75.7874241,26.9118229],[75.7874241,26.9118222],[75.7874217,26.9118222],[75.7874217,26.9118215],[75.7874193,26.9118215],[75.7874192,26.9118208],[75.7874176,26.9118208],[75.7874176,26.9118201],[75.787416,26.9118201],[75.787416,26.9118194],[75.7874144,26.9118194],[75.7874144,26.9118187],[75.7874128,26.9118187],[75.7874128,26.911818],[75.7874112,26.911818],[75.7874112,26.9118172],[75.7874087,26.9118173],[75.7874087,26.9118165],[75.7874071,26.9118165],[75.7874071,26.9118158],[75.7874055,26.9118158],[75.7874055,26.9118151],[75.7874023,26.9118151],[75.7874023,26.9118144],[75.7874015,26.9118144],[75.7874015,26.9118137],[75.7873999,26.9118137],[75.7873999,26.911813],[75.7873982,26.911813],[75.7873982,26.9118123],[75.7873974,26.9118123],[75.7873974,26.9118115],[75.7873966,26.9118115],[75.7873966,26.9118108],[75.7873958,26.9118108],[75.7873958,26.9118094],[75.7873966,26.9118094],[75.7873966,26.9118087],[75.7873974,26.9118087],[75.7873974,26.9118072],[75.7873982,26.9118072],[75.7873982,26.9118065],[75.7873966,26.9118065],[75.7873966,26.9118058],[75.7873958,26.9118058],[75.7873958,26.9118043],[75.787395,26.9118043],[75.787395,26.9118036],[75.7873942,26.9118036],[75.7873941,26.9118029],[75.7873917,26.9118029],[75.7873917,26.9118022],[75.7873901,26.9118022],[75.7873901,26.9118015],[75.7873885,26.9118015],[75.7873885,26.9118008],[75.7873861,26.9118008],[75.7873861,26.9118],[75.7873837,26.9118001],[75.7873836,26.9117993],[75.7873812,26.9117994],[75.7873812,26.9117986],[75.7873796,26.9117986],[75.7873796,26.9117979],[75.7873772,26.9117979],[75.7873772,26.9117972],[75.787374,26.9117972],[75.787374,26.9117965],[75.7873724,26.9117965],[75.7873723,26.9117958],[75.7873699,26.9117958],[75.7873699,26.9117951],[75.7873691,26.9117951],[75.7873691,26.9117944],[75.7873675,26.9117944],[75.7873675,26.9117937],[75.7873659,26.9117937],[75.7873659,26.9117929],[75.7873635,26.911793],[75.7873635,26.9117922],[75.787361,26.9117922],[75.787361,26.9117915],[75.7873586,26.9117915],[75.7873586,26.9117908],[75.7873522,26.9117908],[75.7873522,26.9117923],[75.7873514,26.9117923],[75.7873514,26.9117937],[75.7873506,26.9117937],[75.7873506,26.9117966],[75.7873498,26.9117966],[75.7873498,26.9117981],[75.787349,26.9117981],[75.787349,26.9117988],[75.7873482,26.9117988],[75.7873482,26.911801],[75.7873466,26.911801],[75.7873466,26.9118017],[75.7873458,26.9118017],[75.7873458,26.9118024],[75.787345,26.9118024],[75.787345,26.9118039],[75.7873442,26.9118039],[75.7873442,26.9118053],[75.7873434,26.9118053],[75.7873434,26.9118068],[75.7873426,26.9118068],[75.7873426,26.911809],[75.7873434,26.911809],[75.7873434,26.9118104],[75.7873442,26.9118104],[75.7873443,26.9118111],[75.7873451,26.9118111],[75.7873451,26.9118118],[75.7873459,26.9118118],[75.7873459,26.9118125],[75.7873475,26.9118125],[75.7873475,26.9118133],[75.7873491,26.9118133],[75.7873491,26.911814],[75.7873539,26.9118139],[75.7873539,26.9118147],[75.787358,26.9118146],[75.787358,26.9118154],[75.7873588,26.9118154],[75.7873588,26.9118168],[75.7873596,26.9118168],[75.7873596,26.9118175],[75.7873604,26.9118175],[75.7873604,26.9118182],[75.787362,26.9118182],[75.787362,26.911819],[75.7873636,26.911819],[75.7873636,26.9118197],[75.7873653,26.9118197],[75.7873653,26.9118204],[75.7873669,26.9118204],[75.7873669,26.9118211],[75.7873677,26.9118211],[75.7873677,26.9118218],[75.7873693,26.9118218],[75.7873693,26.9118225],[75.7873709,26.9118225],[75.7873709,26.9118232],[75.7873733,26.9118232],[75.7873733,26.911824],[75.787375,26.9118239],[75.787375,26.9118247],[75.7873766,26.9118247],[75.7873766,26.9118254],[75.7873774,26.9118254],[75.7873774,26.9118261],[75.787379,26.9118261],[75.787379,26.9118268],[75.7873806,26.9118268],[75.7873806,26.9118275],[75.7873814,26.9118275],[75.7873814,26.9118282],[75.787383,26.9118282],[75.787383,26.911829],[75.7873847,26.9118289],[75.7873847,26.9118297],[75.7873855,26.9118297],[75.7873855,26.9118304],[75.7873871,26.9118304],[75.7873871,26.9118311],[75.7873887,26.9118311],[75.7873887,26.9118318],[75.7873895,26.9118318],[75.7873895,26.9118325],[75.7873911,26.9118325],[75.7873911,26.9118332],[75.7873927,26.9118332],[75.7873928,26.911834],[75.7873936,26.911834],[75.7873936,26.9118347],[75.7873952,26.9118347],[75.7873952,26.9118354],[75.7873968,26.9118354],[75.7873968,26.9118361],[75.7873976,26.9118361],[75.7873976,26.9118368],[75.7873984,26.9118368],[75.7873984,26.9118375],[75.7874,26.9118375],[75.7874,26.9118382],[75.7874008,26.9118382],[75.7874008,26.911839],[75.7874025,26.911839],[75.7874025,26.9118397],[75.7874041,26.9118397],[75.7874041,26.9118411],[75.7874049,26.9118411],[75.7874049,26.9118418],[75.7874065,26.9118418],[75.7874065,26.9118425],[75.7874089,26.9118425],[75.7874089,26.9118433],[75.7874105,26.9118432],[75.7874105,26.911844],[75.7874122,26.911844],[75.7874122,26.9118447],[75.7874138,26.9118447],[75.7874138,26.9118454],[75.7874162,26.9118454],[75.7874162,26.9118461],[75.7874194,26.9118461],[75.7874194,26.9118468],[75.7874235,26.9118468],[75.7874235,26.9118475],[75.7874259,26.9118475],[75.7874259,26.9118482],[75.7874275,26.9118482],[75.7874275,26.9118489],[75.7874364,26.9118489]]]}},{"type":"Feature","properties":{"building_id":"B-0138","vertices":274},"geometry":{"type":"Polygon","coordinates":[[[75.7881548,26.9114642],[75.7881547,26.9114635],[75.7881572,26.9114635],[75.7881572,26.9114628],[75.788158,26.9114628],[75.788158,26.9114621],[75.7881588,26.9114621],[75.7881588,26.9114613],[75.7881596,26.9114613],[75.7881596,26.9114606],[75.7881604,26.9114606],[75.7881604,26.9114599],[75.788162,26.9114599],[75.788162,26.9114591],[75.7881636,26.9114591],[75.7881636,26.9114584],[75.7881652,26.9114584],[75.7881652,26.9114577],[75.788166,26.9114577],[75.788166,26.911457],[75.7881668,26.911457],[75.7881668,26.9114562],[75.7881676,26.9114562],[75.7881676,26.9114555],[75.7881684,26.9114555],[75.7881684,26.9114548],[75.78817,26.9114548],[75.78817,26.911454],[75.7881708,26.911454],[75.7881708,26.9114533],[75.7881716,26.9114533],[75.7881716,26.9114526],[75.7881724,26.9114526],[75.7881724,26.9114519],[75.7881732,26.9114519],[75.7881732,26.9114511],[75.788174,26.9114511],[75.788174,26.9114504],[75.7881748,26.9114504],[75.7881748,26.9114497],[75.7881756,26.9114497],[75.7881756,26.911449],[75.7881764,26.911449],[75.7881764,26.9114482],[75.7881772,26.9114482],[75.7881772,26.9114475],[75.7881804,26.9114475],[75.7881804,26.9114482],[75.7881812,26.9114482],[75.7881812,26.9114489],[75.788182,26.9114489],[75.788182,26.9114496],[75.7881837,26.9114496],[75.7881837,26.9114504],[75.7881853,26.9114504],[75.7881853,26.9114511],[75.7881869,26.9114511],[75.7881869,26.9114518],[75.7881877,26.9114518],[75.7881877,26.9114511],[75.7881885,26.9114511],[75.7881885,26.9114503],[75.7881893,26.9114503],[75.7881893,26.9114496],[75.7881901,26.9114496],[75.7881901,26.9114489],[75.7881909,26.9114489],[75.7881909,26.9114474],[75.7881917,26.9114474],[75.7881917,26.9114467],[75.7881925,26.9114467],[75.7881925,26.9114453],[75.7881933,26.9114452],[75.7881933,26.9114445],[75.7881941,26.9114445],[75.7881941,26.9114431],[75.7881949,26.9114431],[75.7881949,26.9114424],[75.7881957,26.9114423],[75.7881957,26.9114409],[75.7881965,26.9114409],[75.7881965,26.9114402],[75.7881973,26.9114402],[75.7881973,26.9114394],[75.7881981,26.9114394],[75.7881981,26.9114387],[75.7881989,26.9114387],[75.7881989,26.9114373],[75.7881997,26.9114373],[75.7881997,26.9114365],[75.7882005,26.9114365],[75.7882005,26.9114351],[75.7882029,26.9114351],[75.7882029,26.9114344],[75.7882061,26.9114343],[75.7882061,26.9114336],[75.7882069,26.9114336],[75.7882069,26.9114329],[75.7882077,26.9114329],[75.7882077,26.9114322],[75.7882085,26.9114322],[75.7882085,26.9114257],[75.7882077,26.9114257],[75.7882077,26.9114249],[75.7882068,26.911425],[75.7882068,26.9114242],[75.788206,26.9114242],[75.788206,26.9114235],[75.7882052,26.9114235],[75.7882052,26.9114228],[75.7882044,26.9114228],[75.7882044,26.9114221],[75.7882036,26.9114221],[75.7882036,26.9114214],[75.7882028,26.9114214],[75.7882028,26.9114206],[75.788202,26.9114206],[75.788202,26.9114199],[75.7882012,26.9114199],[75.7882012,26.9114192],[75.7882004,26.9114192],[75.7882004,26.9114185],[75.7881987,26.9114185],[75.7881987,26.9114178],[75.7881979,26.9114178],[75.7881979,26.9114171],[75.7881971,26.9114171],[75.7881971,26.9114163],[75.7881963,26.9114163],[75.7881963,26.9114156],[75.7881955,26.9114156],[75.7881955,26.9114149],[75.7881947,26.9114149],[75.7881947,26.9114142],[75.7881939,26.9114142],[75.7881939,26.9114135],[75.7881931,26.9114135],[75.7881931,26.9114127],[75.7881923,26.9114128],[75.7881923,26.911412],[75.7881914,26.911412],[75.7881914,26.9114113],[75.7881906,26.9114113],[75.7881906,26.9114106],[75.788189,26.9114106],[75.788189,26.9114099],[75.7881882,26.9114099],[75.7881882,26.9114092],[75.7881866,26.9114092],[75.7881866,26.9114085],[75.7881858,26.9114085],[75.7881858,26.911407],[75.7881842,26.911407],[75.7881842,26.9114063],[75.7881834,26.9114063],[75.7881833,26.9114056],[75.7881825,26.9114056],[75.7881825,26.9114049],[75.7881817,26.9114049],[75.7881817,26.9114041],[75.7881809,26.9114041],[75.7881809,26.9114034],[75.7881793,26.9114034],[75.7881793,26.9114027],[75.7881737,26.9114027],[75.7881737,26.9114035],[75.7881729,26.9114035],[75.7881729,26.9114049],[75.7881721,26.9114049],[75.7881721,26.9114056],[75.7881713,26.9114056],[75.7881713,26.9114085],[75.7881705,26.9114085],[75.7881705,26.9114093],[75.7881697,26.9114093],[75.7881697,26.91141],[75.7881689,26.91141],[75.7881689,26.9114114],[75.7881681,26.9114114],[75.7881681,26.9114122],[75.7881673,26.9114122],[75.7881673,26.9114129],[75.7881665,26.9114129],[75.7881665,26.9114136],[75.7881657,26.9114136],[75.7881657,26.9114165],[75.7881649,26.9114165],[75.7881649,26.9114172],[75.7881641,26.9114172],[75.7881641,26.9114187],[75.7881633,26.9114187],[75.7881633,26.9114201],[75.7881625,26.9114201],[75.7881625,26.9114209],[75.7881617,26.9114209],[75.7881617,26.9114223],[75.7881601,26.9114223],[75.7881601,26.911423],[75.7881593,26.911423],[75.7881593,26.9114245],[75.7881585,26.9114245],[75.7881585,26.9114252],[75.7881577,26.9114252],[75.7881577,26.9114259],[75.7881569,26.911426],[75.7881569,26.9114267],[75.7881561,26.9114267],[75.7881561,26.9114274],[75.7881553,26.9114274],[75.7881553,26.9114281],[75.7881545,26.9114281],[75.7881545,26.9114289],[75.7881537,26.9114289],[75.7881537,26.9114296],[75.7881529,26.9114296],[75.7881529,26.9114303],[75.7881521,26.9114303],[75.7881521,26.911431],[75.7881513,26.911431],[75.7881513,26.9114318],[75.7881505,26.9114318],[75.7881505,26.9114325],[75.7881497,26.9114325],[75.7881497,26.9114339],[75.7881489,26.9114339],[75.7881489,26.9114347],[75.7881481,26.9114347],[75.7881481,26.9114354],[75.7881473,26.9114354],[75.7881473,26.9114361],[75.7881457,26.9114361],[75.7881457,26.9114368],[75.7881449,26.9114369],[75.7881449,26.9114376],[75.7881441,26.9114376],[75.7881441,26.9114383],[75.7881425,26.9114383],[75.7881425,26.911439],[75.7881417,26.911439],[75.7881417,26.9114398],[75.7881401,26.9114398],[75.7881401,26.9114412],[75.7881393,26.9114412],[75.7881393,26.9114419],[75.7881385,26.9114419],[75.7881385,26.9114427],[75.7881369,26.9114427],[75.7881369,26.9114441],[75.7881361,26.9114441],[75.7881361,26.9114513],[75.7881369,26.9114513],[75.788137,26.9114542],[75.7881378,26.9114542],[75.7881378,26.9114557],[75.7881386,26.9114557],[75.7881386,26.9114564],[75.7881394,26.9114564],[75.7881394,26.9114571],[75.7881402,26.9114571],[75.7881402,26.9114585],[75.788141,26.9114585],[75.788141,26.9114593],[75.7881426,26.9114593],[75.7881426,26.91146],[75.7881442,26.91146],[75.7881443,26.9114607],[75.7881451,26.9114607],[75.7881451,26.9114614],[75.7881459,26.9114614],[75.7881459,26.9114628],[75.7881475,26.9114628],[75.7881475,26.9114636],[75.7881483,26.9114636],[75.7881483,26.9114643],[75.7881548,26.9114642]]]}},{"type":"Feature","properties":{"building_id":"B-0065","vertices":184},"geometry":{"type":"Polygon","coordinates":[[[75.7874121,26.9119537],[75.7874121,26.911953],[75.7874169,26.911953],[75.7874169,26.9119523],[75.7874177,26.9119523],[75.7874177,26.9119515],[75.7874185,26.9119515],[75.7874185,26.9119508],[75.7874193,26.9119508],[75.7874193,26.9119501],[75.7874209,26.9119501],[75.7874209,26.9119494],[75.7874226,26.9119494],[75.7874226,26.9119486],[75.7874306,26.9119486],[75.7874306,26.9119479],[75.7874314,26.9119479],[75.7874314,26.9119471],[75.787433,26.9119471],[75.787433,26.9119464],[75.7874338,26.9119464],[75.7874338,26.9119457],[75.7874346,26.9119457],[75.7874346,26.911945],[75.7874362,26.9119449],[75.7874362,26.9119442],[75.7874378,26.9119442],[75.7874378,26.9119435],[75.7874386,26.9119435],[75.7874386,26.9119428],[75.7874402,26.9119428],[75.7874402,26.911942],[75.7874418,26.911942],[75.7874418,26.9119413],[75.7874434,26.9119413],[75.7874434,26.9119406],[75.7874442,26.9119406],[75.7874442,26.9119398],[75.787445,26.9119398],[75.787445,26.9119391],[75.7874458,26.9119391],[75.7874458,26.9119384],[75.7874466,26.9119384],[75.7874466,26.9119369],[75.7874474,26.9119369],[75.7874474,26.9119362],[75.7874491,26.9119362],[75.787449,26.9119355],[75.7874507,26.9119355],[75.7874507,26.9119347],[75.7874515,26.9119347],[75.7874515,26.911934],[75.7874531,26.911934],[75.7874531,26.9119333],[75.7874539,26.9119333],[75.7874539,26.9119326],[75.7874555,26.9119326],[75.7874555,26.9119318],[75.7874563,26.9119318],[75.7874563,26.9119311],[75.7874571,26.9119311],[75.7874571,26.9119304],[75.7874579,26.9119304],[75.7874579,26.9119289],[75.7874587,26.9119289],[75.7874587,26.9119282],[75.7874595,26.9119282],[75.7874595,26.9119275],[75.7874603,26.9119275],[75.7874602,26.9119152],[75.7874594,26.9119152],[75.7874594,26.911913],[75.7874586,26.911913],[75.7874585,26.9119109],[75.7874577,26.9119109],[75.7874577,26.9119094],[75.7874569,26.9119094],[75.7874569,26.911908],[75.7874561,26.911908],[75.7874561,26.9119073],[75.7874553,26.9119073],[75.7874553,26.9119058],[75.7874545,26.9119058],[75.7874545,26.9119044],[75.7874537,26.9119044],[75.7874537,26.9119037],[75.7874529,26.9119037],[75.7874528,26.911903],[75.787452,26.911903],[75.787452,26.9119015],[75.7874512,26.9119015],[75.7874512,26.9119001],[75.7874496,26.9119001],[75.7874496,26.9118994],[75.787448,26.9118994],[75.787448,26.9118987],[75.7874464,26.9118987],[75.7874464,26.9118979],[75.787444,26.911898],[75.7874439,26.9118972],[75.7874319,26.9118973],[75.7874319,26.911898],[75.7874311,26.911898],[75.7874311,26.9118987],[75.7874303,26.9118988],[75.7874303,26.9118995],[75.7874295,26.9118995],[75.7874295,26.9119002],[75.7874287,26.9119002],[75.7874287,26.9119009],[75.7874279,26.9119009],[75.7874279,26.9119031],[75.7874271,26.9119031],[75.7874271,26.9119053],[75.7874263,26.9119053],[75.7874263,26.9119074],[75.7874255,26.9119074],[75.7874255,26.9119082],[75.7874247,26.9119082],[75.7874247,26.9119089],[75.7874239,26.9119089],[75.7874239,26.9119096],[75.7874231,26.9119096],[75.7874231,26.9119103],[75.7874207,26.9119104],[75.7874207,26.9119111],[75.7874158,26.9119111],[75.7874159,26.9119118],[75.7874134,26.9119118],[75.7874134,26.9119126],[75.7874118,26.9119126],[75.7874118,26.9119133],[75.7874094,26.9119133],[75.7874094,26.911914],[75.7874078,26.911914],[75.7874078,26.9119148],[75.787407,26.9119148],[75.787407,26.9119169],[75.7874062,26.9119169],[75.7874062,26.9119177],[75.7874054,26.9119177],[75.7874054,26.9119191],[75.7874046,26.9119191],[75.7874046,26.9119213],[75.7874038,26.9119213],[75.7874038,26.9119235],[75.787403,26.9119235],[75.7874031,26.9119256],[75.7874022,26.9119256],[75.7874023,26.9119271],[75.7874015,26.9119271],[75.7874015,26.9119285],[75.7874007,26.9119285],[75.7874007,26.9119292],[75.7873999,26.9119293],[75.7873999,26.9119314],[75.7873991,26.9119314],[75.7873991,26.9119336],[75.7873983,26.9119336],[75.7873983,26.9119372],[75.7873991,26.9119372],[75.7873991,26.9119379],[75.7873999,26.9119379],[75.7873999,26.9119386],[75.7874007,26.9119386],[75.7874007,26.9119408],[75.7874015,26.9119408],[75.7874016,26.9119437],[75.7874024,26.9119437],[75.7874024,26.9119444],[75.7874032,26.9119444],[75.7874032,26.9119451],[75.787404,26.9119451],[75.787404,26.9119473],[75.7874048,26.9119473],[75.7874048,26.9119502],[75.7874056,26.9119502],[75.7874057,26.9119516],[75.7874065,26.9119516],[75.7874065,26.9119523],[75.7874073,26.9119523],[75.7874073,26.911953],[75.7874105,26.911953],[75.7874105,26.9119538],[75.7874121,26.9119537]]]}},{"type":"Feature","properties":{"building_id":"B-0066","vertices":302},"geometry":{"type":"Polygon","coordinates":[[[75.7877294,26.9119382],[75.7877294,26.9119375],[75.787731,26.9119375],[75.787731,26.9119368],[75.7877326,26.9119368],[75.7877326,26.9119361],[75.7877351,26.9119361],[75.7877351,26.9119353],[75.7877383,26.9119353],[75.7877383,26.9119346],[75.7877399,26.9119346],[75.7877399,26.9119339],[75.7877415,26.9119338],[75.7877415,26.9119331],[75.7877423,26.9119331],[75.7877423,26.9119317],[75.7877431,26.9119317],[75.7877431,26.911931],[75.7877439,26.9119309],[75.7877439,26.9119302],[75.7877447,26.9119302],[75.7877447,26.9119288],[75.7877455,26.9119288],[75.7877455,26.9119273],[75.7877463,26.9119273],[75.7877463,26.9119266],[75.7877471,26.9119266],[75.7877471,26.9119252],[75.7877479,26.9119251],[75.7877479,26.9119244],[75.7877487,26.9119244],[75.7877487,26.911923],[75.7877495,26.911923],[75.7877495,26.9119222],[75.7877503,26.9119222],[75.7877503,26.9119208],[75.7877511,26.9119208],[75.7877511,26.9119201],[75.7877519,26.9119201],[75.7877518,26.9119136],[75.787751,26.9119136],[75.787751,26.9119129],[75.7877502,26.9119129],[75.7877502,26.9119121],[75.7877494,26.9119121],[75.7877494,26.9119114],[75.7877486,26.9119114],[75.7877486,26.9119107],[75.7877478,26.9119107],[75.7877478,26.91191],[75.787747,26.91191],[75.787747,26.9119093],[75.7877462,26.9119093],[75.7877461,26.9119085],[75.7877453,26.9119085],[75.7877453,26.9119078],[75.7877445,26.9119078],[75.7877445,26.9119071],[75.7877429,26.9119071],[75.7877429,26.9119064],[75.7877413,26.9119064],[75.7877413,26.9119057],[75.7877389,26.9119057],[75.7877389,26.911905],[75.7877373,26.911905],[75.7877373,26.9119043],[75.7877356,26.9119043],[75.7877356,26.9119035],[75.787734,26.9119036],[75.787734,26.9119028],[75.7877332,26.9119028],[75.7877332,26.9119021],[75.7877316,26.9119021],[75.7877316,26.9119014],[75.7877308,26.9119014],[75.7877308,26.9119007],[75.7877292,26.9119007],[75.7877292,26.9119],[75.7877284,26.9119],[75.7877284,26.9118993],[75.7877276,26.9118993],[75.7877275,26.9118985],[75.7877267,26.9118985],[75.7877267,26.9118978],[75.7877259,26.9118978],[75.7877259,26.9118971],[75.7877243,26.9118971],[75.7877243,26.9118964],[75.7877235,26.9118964],[75.7877235,26.9118957],[75.7877219,26.9118957],[75.7877219,26.911895],[75.7877211,26.911895],[75.7877211,26.9118942],[75.7877203,26.9118942],[75.7877203,26.9118935],[75.7877186,26.9118935],[75.7877186,26.9118928],[75.7877178,26.9118928],[75.7877178,26.9118921],[75.787717,26.9118921],[75.787717,26.9118914],[75.7877154,26.9118914],[75.7877154,26.9118907],[75.7877146,26.9118907],[75.7877146,26.9118899],[75.7877138,26.9118899],[75.7877138,26.9118892],[75.7877122,26.9118892],[75.7877122,26.9118885],[75.7877114,26.9118885],[75.7877114,26.9118878],[75.7877106,26.9118878],[75.7877105,26.9118871],[75.7877089,26.9118871],[75.7877089,26.9118864],[75.7877081,26.9118864],[75.7877081,26.9118856],[75.7877065,26.9118857],[75.7877065,26.9118849],[75.7877041,26.9118849],[75.7877041,26.9118842],[75.7877033,26.9118842],[75.7877033,26.9118835],[75.7877017,26.9118835],[75.7877017,26.9118828],[75.7877009,26.9118828],[75.7877008,26.9118821],[75.7877,26.9118821],[75.7877,26.9118814],[75.7876992,26.9118814],[75.7876992,26.9118806],[75.7876976,26.9118806],[75.7876976,26.9118799],[75.7876968,26.9118799],[75.7876968,26.9118792],[75.787696,26.9118792],[75.787696,26.9118778],[75.7876952,26.9118778],[75.7876952,26.911877],[75.7876944,26.9118771],[75.7876944,26.9118756],[75.7876936,26.9118756],[75.7876935,26.9118749],[75.7876927,26.9118749],[75.7876927,26.9118742],[75.7876919,26.9118742],[75.7876919,26.9118735],[75.7876911,26.9118735],[75.7876911,26.9118727],[75.7876903,26.9118727],[75.7876903,26.911872],[75.7876887,26.911872],[75.7876887,26.9118713],[75.7876871,26.9118713],[75.7876871,26.9118706],[75.7876863,26.9118706],[75.7876863,26.9118692],[75.7876774,26.9118692],[75.7876774,26.9118699],[75.7876766,26.9118699],[75.7876766,26.9118728],[75.7876774,26.9118728],[75.7876774,26.9118735],[75.7876782,26.9118735],[75.7876782,26.9118743],[75.787679,26.9118743],[75.787679,26.911875],[75.7876798,26.911875],[75.7876799,26.9118757],[75.7876815,26.9118757],[75.7876815,26.9118764],[75.7876831,26.9118764],[75.7876831,26.9118771],[75.7876839,26.9118771],[75.7876839,26.9118778],[75.7876847,26.9118778],[75.7876847,26.9118786],[75.7876855,26.9118785],[75.7876855,26.9118793],[75.7876863,26.9118793],[75.7876863,26.91188],[75.7876871,26.91188],[75.7876871,26.9118807],[75.7876879,26.9118807],[75.787688,26.9118821],[75.7876888,26.9118821],[75.7876888,26.9118829],[75.7876896,26.9118829],[75.7876896,26.9118836],[75.7876904,26.9118836],[75.7876904,26.9118843],[75.7876912,26.9118843],[75.7876912,26.911885],[75.787692,26.911885],[75.787692,26.9118857],[75.7876928,26.9118857],[75.7876928,26.9118872],[75.7876936,26.9118872],[75.7876936,26.9118879],[75.7876944,26.9118879],[75.7876945,26.9118893],[75.7876953,26.9118893],[75.7876953,26.9118915],[75.7876945,26.9118915],[75.7876945,26.9118929],[75.7876937,26.9118929],[75.7876937,26.9118944],[75.7876929,26.9118944],[75.7876929,26.9118951],[75.7876921,26.9118951],[75.7876921,26.9118958],[75.7876913,26.9118958],[75.7876913,26.9118966],[75.7876905,26.9118966],[75.7876905,26.9118973],[75.7876897,26.9118973],[75.7876897,26.9118987],[75.7876889,26.9118988],[75.7876889,26.9118995],[75.7876881,26.9118995],[75.7876881,26.9119002],[75.7876873,26.9119002],[75.7876873,26.9119024],[75.7876865,26.9119024],[75.7876865,26.9119038],[75.7876857,26.9119038],[75.7876857,26.9119053],[75.7876849,26.9119053],[75.7876849,26.9119118],[75.7876857,26.9119118],[75.7876858,26.9119132],[75.7876866,26.9119132],[75.7876866,26.9119139],[75.7876882,26.9119139],[75.7876882,26.9119146],[75.787689,26.9119146],[75.787689,26.9119154],[75.7876906,26.9119154],[75.7876906,26.9119161],[75.7876914,26.9119161],[75.7876914,26.9119168],[75.787693,26.9119168],[75.787693,26.9119175],[75.7876938,26.9119175],[75.7876938,26.9119182],[75.7876947,26.9119182],[75.7876947,26.9119189],[75.7876971,26.9119189],[75.7876971,26.9119197],[75.7876987,26.9119196],[75.7876987,26.9119204],[75.7876995,26.9119204],[75.7876995,26.9119211],[75.7877003,26.9119211],[75.7877003,26.9119218],[75.7877019,26.9119218],[75.7877019,26.9119225],[75.7877027,26.9119225],[75.7877027,26.9119232],[75.7877044,26.9119232],[75.7877044,26.9119239],[75.7877068,26.9119239],[75.7877068,26.9119247],[75.7877076,26.9119246],[75.7877076,26.9119254],[75.7877084,26.9119254],[75.7877084,26.9119261],[75.78771,26.9119261],[75.78771,26.9119268],[75.7877116,26.9119268],[75.7877116,26.9119275],[75.7877124,26.9119275],[75.7877124,26.9119282],[75.7877141,26.9119282],[75.7877141,26.9119289],[75.7877157,26.9119289],[75.7877157,26.9119297],[75.7877165,26.9119297],[75.7877165,26.9119304],[75.7877181,26.9119304],[75.7877181,26.9119311],[75.7877197,26.9119311],[75.7877197,26.9119318],[75.7877205,26.9119318],[75.7877205,26.9119325],[75.7877221,26.9119325],[75.7877221,26.9119332],[75.787723,26.9119332],[75.787723,26.911934],[75.7877238,26.9119339],[75.7877238,26.9119347],[75.7877246,26.9119347],[75.7877246,26.9119354],[75.7877254,26.9119354],[75.7877254,26.9119361],[75.7877262,26.9119361],[75.7877262,26.9119368],[75.787727,26.9119368],[75.787727,26.9119375],[75.7877278,26.9119375],[75.7877278,26.9119383],[75.7877294,26.9119382]]]}},{"type":"Feature","properties":{"building_id":"B-0087","vertices":90},"geometry":{"type":"Polygon","coordinates":[[[75.7881946,26.9117544],[75.7881946,26.9117536],[75.7882011,26.9117536],[75.7882011,26.9117529],[75.7882148,26.9117528],[75.7882148,26.9117521],[75.788218,26.9117521],[75.788218,26.9117513],[75.7882204,26.9117513],[75.7882204,26.9117506],[75.7882228,26.9117506],[75.7882228,26.9117499],[75.7882236,26.9117499],[75.7882236,26.9117484],[75.7882244,26.9117484],[75.7882244,26.9117441],[75.7882252,26.9117441],[75.7882252,26.9117419],[75.788226,26.9117419],[75.788226,26.9117412],[75.7882268,26.9117412],[75.7882267,26.9117296],[75.7882259,26.9117296],[75.7882258,26.9117239],[75.788225,26.9117239],[75.788225,26.911721],[75.7882242,26.911721],[75.7882242,26.9117174],[75.7882234,26.9117174],[75.7882234,26.9117166],[75.7882226,26.9117167],[75.7882226,26.9117159],[75.7882218,26.9117159],[75.7882218,26.9117152],[75.7882201,26.9117152],[75.7882201,26.9117145],[75.7882177,26.9117145],[75.7882177,26.9117138],[75.7882153,26.9117138],[75.7882153,26.9117131],[75.7882113,26.9117131],[75.7882113,26.9117124],[75.788208,26.9117124],[75.788208,26.9117117],[75.7882048,26.9117117],[75.7882048,26.911711],[75.7881992,26.911711],[75.7881992,26.9117103],[75.7881798,26.9117104],[75.7881798,26.9117111],[75.7881774,26.9117111],[75.7881774,26.9117119],[75.7881758,26.9117119],[75.7881758,26.9117126],[75.7881742,26.9117126],[75.7881742,26.9117133],[75.7881734,26.9117133],[75.7881734,26.911714],[75.7881726,26.911714],[75.7881726,26.9117148],[75.7881718,26.9117148],[75.7881718,26.9117155],[75.788171,26.9117155],[75.788171,26.9117162],[75.7881702,26.9117162],[75.7881702,26.9117191],[75.7881694,26.9117191],[75.7881695,26.9117285],[75.7881703,26.9117285],[75.7881703,26.9117364],[75.7881711,26.9117364],[75.7881712,26.9117458],[75.788172,26.9117458],[75.788172,26.9117487],[75.7881728,26.9117487],[75.7881728,26.9117494],[75.7881753,26.9117494],[75.7881753,26.9117501],[75.7881817,26.9117501],[75.7881817,26.9117508],[75.7881833,26.9117508],[75.7881833,26.9117515],[75.7881841,26.9117515],[75.7881841,26.9117523],[75.7881858,26.9117523],[75.7881858,26.911753],[75.7881874,26.911753],[75.7881874,26.9117537],[75.7881914,26.9117537],[75.7881914,26.9117544],[75.7881946,26.9117544]]]}},{"type":"Feature","properties":{"building_id":"B-0145","vertices":78},"geometry":{"type":"Polygon","coordinates":[[[75.7873004,26.9114163],[75.7873004,26.9114156],[75.787302,26.9114156],[75.787302,26.9114148],[75.7873036,26.9114148],[75.7873036,26.9114141],[75.7873044,26.9114141],[75.7873044,26.9114134],[75.787306,26.9114134],[75.787306,26.9114126],[75.7873077,26.9114126],[75.7873076,26.9114119],[75.7873101,26.9114119],[75.7873101,26.9114112],[75.7873141,26.9114112],[75.7873141,26.9114104],[75.7873173,26.9114104],[75.7873173,26.9114097],[75.7873189,26.9114097],[75.7873189,26.911409],[75.7873213,26.9114089],[75.7873213,26.9114082],[75.7873229,26.9114082],[75.7873229,26.9114075],[75.7873253,26.9114075],[75.7873253,26.9114068],[75.7873286,26.9114067],[75.7873286,26.911406],[75.7873302,26.911406],[75.7873302,26.9114046],[75.787331,26.9114046],[75.787331,26.9114038],[75.7873318,26.9114038],[75.7873318,26.9114031],[75.7873326,26.9114031],[75.7873326,26.9114024],[75.7873334,26.9114024],[75.7873334,26.9114009],[75.7873342,26.9114009],[75.7873341,26.9113995],[75.787335,26.9113995],[75.7873349,26.911398],[75.7873357,26.911398],[75.7873357,26.9113951],[75.7873365,26.9113951],[75.7873365,26.9113894],[75.7873357,26.9113894],[75.7873357,26.9113879],[75.7873349,26.9113879],[75.7873349,26.9113865],[75.7873341,26.9113865],[75.7873341,26.9113858],[75.7873332,26.9113858],[75.7873332,26.9113843],[75.7873324,26.9113843],[75.7873324,26.91138],[75.7873332,26.91138],[75.7873332,26.9113778],[75.787334,26.9113778],[75.787334,26.9113742],[75.7873348,26.9113742],[75.7873348,26.9113706],[75.7873356,26.9113706],[75.7873356,26.9113699],[75.7873364,26.9113699],[75.7873363,26.9113677],[75.7873371,26.9113677],[75.7873371,26.9113655],[75.7873387,26.9113655],[75.7873387,26.9113641],[75.787342,26.9113641],[75.7873419,26.9113604],[75.7873395,26.9113605],[75.7873395,26.911359],[75.7872928,26.9113593],[75.7872932,26.9114156],[75.7872956,26.9114156],[75.7872956,26.9114163],[75.7873004,26.9114163]]]}},{"type":"Feature","properties":{"building_id":"B-0068","vertices":276},"geometry":{"type":"Polygon","coordinates":[[[75.7874781,26.9119389],[75.7874781,26.9119382],[75.7874797,26.9119382],[75.7874797,26.9119375],[75.7874821,26.9119375],[75.7874821,26.9119367],[75.7874853,26.9119367],[75.7874853,26.911936],[75.7874861,26.911936],[75.7874861,26.9119353],[75.7874869,26.9119353],[75.7874869,26.9119324],[75.7874877,26.9119324],[75.7874877,26.9119295],[75.7874885,26.9119295],[75.7874885,26.9119288],[75.7874893,26.9119288],[75.7874893,26.9119295],[75.7874909,26.9119295],[75.7874909,26.9119287],[75.7874933,26.9119287],[75.7874933,26.911928],[75.7874941,26.911928],[75.7874941,26.9119273],[75.7874949,26.9119273],[75.7874949,26.9119266],[75.7874957,26.9119266],[75.7874957,26.9119258],[75.7874965,26.9119258],[75.7874965,26.9119251],[75.7874973,26.9119251],[75.7874973,26.9119222],[75.7874965,26.9119222],[75.7874965,26.9119208],[75.7875005,26.9119207],[75.7875005,26.9119215],[75.7875013,26.9119215],[75.7875013,26.9119207],[75.7875029,26.9119207],[75.7875029,26.91192],[75.7875045,26.91192],[75.7875045,26.9119193],[75.7875053,26.9119193],[75.7875053,26.9119186],[75.7875069,26.9119185],[75.7875069,26.9119178],[75.7875077,26.9119178],[75.7875077,26.9119171],[75.7875085,26.9119171],[75.7875085,26.9119164],[75.7875093,26.9119164],[75.7875093,26.9119156],[75.7875101,26.9119156],[75.7875101,26.9119142],[75.7875117,26.9119142],[75.7875117,26.9119135],[75.7875133,26.9119135],[75.7875133,26.9119077],[75.7875125,26.9119077],[75.7875125,26.911907],[75.7875101,26.911907],[75.7875101,26.9119048],[75.7875093,26.9119048],[75.7875092,26.9119012],[75.7875084,26.9119012],[75.7875084,26.9118998],[75.7875076,26.9118998],[75.7875076,26.911899],[75.7875068,26.911899],[75.7875068,26.9118983],[75.787506,26.9118983],[75.787506,26.9118969],[75.7875052,26.9118969],[75.7875052,26.9118954],[75.7875044,26.9118954],[75.7875043,26.9118933],[75.7875035,26.9118933],[75.7875035,26.9118926],[75.7875027,26.9118926],[75.7875027,26.9118918],[75.7875019,26.9118919],[75.7875019,26.9118911],[75.7875011,26.9118911],[75.7875011,26.9118919],[75.7875003,26.9118919],[75.7875003,26.911894],[75.7875011,26.911894],[75.7875011,26.9118947],[75.7875019,26.9118947],[75.7875019,26.9118962],[75.7874995,26.9118962],[75.7874995,26.9118969],[75.7874987,26.9118969],[75.7874987,26.9118976],[75.7874979,26.9118977],[75.7874979,26.9118984],[75.7874947,26.9118984],[75.7874947,26.9118991],[75.7874931,26.9118991],[75.7874931,26.9118998],[75.7874915,26.9118999],[75.7874915,26.9119006],[75.7874907,26.9119006],[75.7874907,26.9119013],[75.7874899,26.9119013],[75.7874899,26.911902],[75.7874891,26.911902],[75.7874891,26.9119028],[75.7874883,26.9119028],[75.7874883,26.9119035],[75.7874875,26.9119035],[75.7874875,26.9119028],[75.7874843,26.9119028],[75.7874843,26.9119035],[75.7874827,26.9119035],[75.7874827,26.9119042],[75.7874811,26.9119042],[75.7874811,26.911905],[75.7874803,26.911905],[75.7874803,26.9119057],[75.787477,26.9119057],[75.787477,26.911905],[75.7874762,26.911905],[75.7874762,26.9119057],[75.7874746,26.9119057],[75.7874746,26.9119064],[75.7874738,26.9119065],[75.7874738,26.9119072],[75.7874722,26.9119072],[75.7874722,26.9119079],[75.7874714,26.9119079],[75.7874714,26.9119086],[75.787469,26.9119086],[75.787469,26.9119079],[75.7874682,26.9119079],[75.7874682,26.9119058],[75.787469,26.9119058],[75.787469,26.911905],[75.7874722,26.911905],[75.7874722,26.9119043],[75.7874746,26.9119043],[75.7874746,26.9119036],[75.7874762,26.9119035],[75.7874762,26.9119028],[75.7874778,26.9119028],[75.7874778,26.9119021],[75.7874786,26.9119021],[75.7874786,26.9119014],[75.7874818,26.9119014],[75.7874818,26.9119006],[75.7874834,26.9119006],[75.7874834,26.9118999],[75.7874851,26.9118999],[75.787485,26.9118992],[75.7874883,26.9118991],[75.7874883,26.9118984],[75.7874899,26.9118984],[75.7874899,26.9118977],[75.7874907,26.9118977],[75.7874907,26.911897],[75.7874923,26.911897],[75.7874923,26.9118962],[75.7874939,26.9118962],[75.7874939,26.9118955],[75.7874947,26.9118955],[75.7874947,26.9118948],[75.7874955,26.9118948],[75.7874955,26.9118941],[75.7874963,26.911894],[75.7874963,26.9118926],[75.7874955,26.9118926],[75.7874955,26.9118919],[75.7874947,26.9118919],[75.7874947,26.9118904],[75.7874939,26.9118905],[75.7874938,26.9118897],[75.787493,26.9118897],[75.787493,26.9118883],[75.7874922,26.9118883],[75.7874922,26.9118868],[75.7874914,26.9118869],[75.7874914,26.9118847],[75.7874906,26.9118847],[75.7874906,26.9118818],[75.7874898,26.9118818],[75.7874897,26.9118796],[75.7874889,26.9118796],[75.7874889,26.9118782],[75.7874881,26.9118782],[75.7874881,26.9118775],[75.7874873,26.9118775],[75.7874873,26.9118768],[75.7874728,26.9118768],[75.7874728,26.9118776],[75.7874688,26.9118776],[75.7874688,26.9118783],[75.7874672,26.9118783],[75.7874672,26.911879],[75.7874664,26.911879],[75.7874664,26.9118798],[75.7874648,26.9118798],[75.7874648,26.9118805],[75.787464,26.9118805],[75.787464,26.9118812],[75.7874624,26.9118812],[75.7874624,26.911882],[75.7874608,26.911882],[75.7874608,26.9118827],[75.78746,26.9118827],[75.78746,26.9118834],[75.7874592,26.9118834],[75.7874592,26.9118849],[75.7874584,26.9118849],[75.7874584,26.9118863],[75.7874576,26.9118863],[75.7874576,26.911887],[75.7874568,26.911887],[75.7874568,26.9118878],[75.787456,26.9118878],[75.787456,26.9118885],[75.7874552,26.9118885],[75.7874552,26.9118892],[75.7874544,26.9118892],[75.7874544,26.9118907],[75.7874536,26.9118907],[75.7874536,26.9118957],[75.7874544,26.9118957],[75.7874544,26.9118986],[75.7874552,26.9118986],[75.7874552,26.9119001],[75.7874561,26.9119001],[75.7874561,26.9119022],[75.7874569,26.9119022],[75.7874569,26.9119037],[75.7874577,26.9119037],[75.7874577,26.9119051],[75.7874585,26.9119051],[75.7874585,26.9119065],[75.7874593,26.9119065],[75.7874593,26.9119073],[75.7874601,26.9119073],[75.7874601,26.9119087],[75.7874609,26.9119087],[75.787461,26.9119109],[75.7874618,26.9119109],[75.7874618,26.9119123],[75.7874626,26.9119123],[75.7874626,26.9119152],[75.7874634,26.9119152],[75.7874634,26.9119173],[75.7874642,26.9119173],[75.7874642,26.9119202],[75.7874651,26.9119202],[75.7874651,26.9119224],[75.7874659,26.9119224],[75.7874659,26.9119238],[75.7874667,26.9119238],[75.7874667,26.9119253],[75.7874675,26.9119253],[75.7874675,26.9119267],[75.7874683,26.9119267],[75.7874683,26.9119282],[75.7874691,26.9119281],[75.7874692,26.911931],[75.78747,26.911931],[75.78747,26.9119325],[75.7874708,26.9119325],[75.7874708,26.9119339],[75.7874716,26.9119339],[75.7874716,26.9119354],[75.7874724,26.9119354],[75.7874724,26.9119368],[75.7874732,26.9119368],[75.7874732,26.9119375],[75.787474,26.9119375],[75.787474,26.911939],[75.7874781,26.9119389]]]}},{"type":"Feature","properties":{"building_id":"B-0107","vertices":162},"geometry":{"type":"Polygon","coordinates":[[[75.787705,26.9116726],[75.787705,26.9116719],[75.7877066,26.9116719],[75.7877066,26.9116711],[75.7877074,26.9116711],[75.7877074,26.9116654],[75.7877082,26.9116654],[75.7877082,26.9116646],[75.7877106,26.9116646],[75.7877106,26.9116653],[75.7877114,26.9116653],[75.7877114,26.9116661],[75.7877122,26.9116661],[75.7877122,26.9116668],[75.787713,26.9116668],[75.787713,26.9116661],[75.7877138,26.911666],[75.7877138,26.9116653],[75.7877146,26.9116653],[75.7877146,26.9116646],[75.7877154,26.9116646],[75.7877154,26.9116639],[75.7877162,26.9116639],[75.7877162,26.9116631],[75.7877171,26.9116631],[75.787717,26.9116624],[75.7877179,26.9116624],[75.7877178,26.9116595],[75.7877186,26.9116595],[75.7877186,26.9116588],[75.7877194,26.9116588],[75.7877194,26.9116581],[75.7877202,26.9116581],[75.7877202,26.9116573],[75.787721,26.9116573],[75.787721,26.9116559],[75.7877218,26.9116559],[75.7877218,26.9116537],[75.7877226,26.9116537],[75.7877226,26.9116523],[75.7877234,26.9116523],[75.7877234,26.9116501],[75.7877242,26.9116501],[75.7877242,26.9116472],[75.787725,26.9116472],[75.787725,26.9116414],[75.7877258,26.9116414],[75.7877257,26.9116385],[75.7877265,26.9116385],[75.7877264,26.9116212],[75.7877256,26.9116212],[75.7877256,26.9116205],[75.7877248,26.9116205],[75.7877248,26.9116198],[75.787724,26.9116198],[75.787724,26.911619],[75.7877232,26.911619],[75.7877232,26.9116183],[75.7877224,26.9116183],[75.7877224,26.9116176],[75.7877167,26.9116176],[75.7877167,26.9116169],[75.7877135,26.9116169],[75.7877135,26.9116162],[75.7877111,26.9116162],[75.7877111,26.9116155],[75.7877103,26.9116155],[75.7877103,26.9116148],[75.7877087,26.9116148],[75.7877087,26.9116141],[75.7877078,26.9116141],[75.7877078,26.9116134],[75.787707,26.9116134],[75.787707,26.9116126],[75.7877054,26.9116126],[75.7877054,26.9116119],[75.7877038,26.9116119],[75.7877038,26.9116112],[75.7877022,26.9116112],[75.7877022,26.9116105],[75.7876998,26.9116105],[75.7876998,26.9116098],[75.7876941,26.9116098],[75.7876941,26.9116105],[75.7876933,26.9116105],[75.7876933,26.9116113],[75.7876925,26.9116113],[75.7876925,26.911612],[75.7876917,26.911612],[75.7876917,26.9116127],[75.7876901,26.9116127],[75.7876901,26.9116135],[75.7876893,26.9116135],[75.7876893,26.9116142],[75.7876877,26.9116142],[75.7876877,26.9116149],[75.7876853,26.9116149],[75.7876853,26.9116156],[75.7876829,26.9116157],[75.7876829,26.9116164],[75.7876821,26.9116164],[75.7876821,26.9116171],[75.7876813,26.9116171],[75.7876813,26.9116193],[75.7876805,26.9116193],[75.7876805,26.9116243],[75.7876797,26.9116243],[75.7876798,26.9116287],[75.7876789,26.9116287],[75.787679,26.9116316],[75.7876782,26.9116316],[75.7876782,26.911633],[75.7876774,26.911633],[75.7876774,26.9116345],[75.7876766,26.9116345],[75.7876766,26.9116352],[75.7876758,26.9116352],[75.7876758,26.9116366],[75.787675,26.9116367],[75.7876751,26.9116518],[75.7876759,26.9116518],[75.7876759,26.9116533],[75.7876767,26.9116533],[75.7876767,26.9116576],[75.7876808,26.9116576],[75.7876808,26.9116568],[75.7876816,26.9116568],[75.7876816,26.9116576],[75.787688,26.9116575],[75.787688,26.9116582],[75.7876896,26.9116582],[75.7876896,26.911659],[75.7876929,26.9116589],[75.7876928,26.9116582],[75.7876937,26.9116582],[75.7876936,26.9116575],[75.7876953,26.9116575],[75.7876953,26.9116568],[75.7877001,26.9116567],[75.7877001,26.9116575],[75.7877017,26.9116574],[75.7877017,26.9116582],[75.7877049,26.9116582],[75.7877049,26.9116589],[75.7877065,26.9116589],[75.7877066,26.911661],[75.7877074,26.911661],[75.7877074,26.9116625],[75.7877066,26.9116625],[75.7877066,26.9116632],[75.7877058,26.9116632],[75.7877058,26.9116639],[75.787705,26.9116639],[75.787705,26.9116668],[75.7877042,26.9116668],[75.7877042,26.9116675],[75.7877034,26.9116675],[75.7877034,26.911669],[75.7877026,26.911669],[75.7877026,26.9116719],[75.7877034,26.9116719],[75.7877034,26.9116726],[75.787705,26.9116726]]]}},{"type":"Feature","properties":{"building_id":"B-0058","vertices":226},"geometry":{"type":"Polygon","coordinates":[[[75.7877646,26.9120197],[75.7877646,26.9120189],[75.7877654,26.9120189],[75.7877654,26.9120182],[75.7877662,26.9120182],[75.7877662,26.9120168],[75.787767,26.9120168],[75.787767,26.912016],[75.7877678,26.912016],[75.7877678,26.9120146],[75.7877686,26.9120146],[75.7877686,26.9120139],[75.7877694,26.9120139],[75.7877694,26.9120124],[75.7877702,26.9120124],[75.7877702,26.9120117],[75.787771,26.9120117],[75.787771,26.9120102],[75.7877718,26.9120102],[75.7877718,26.9120088],[75.7877726,26.9120088],[75.7877726,26.9120073],[75.7877734,26.9120073],[75.7877734,26.9120059],[75.7877742,26.9120059],[75.7877742,26.9120044],[75.787775,26.9120044],[75.787775,26.9120037],[75.7877758,26.9120037],[75.7877758,26.9120023],[75.7877766,26.9120023],[75.7877766,26.9120008],[75.7877774,26.9120008],[75.7877774,26.9119994],[75.7877782,26.9119994],[75.7877782,26.9119986],[75.787779,26.9119986],[75.787779,26.9119979],[75.7877798,26.9119979],[75.7877798,26.9119972],[75.7877806,26.9119972],[75.7877806,26.9119957],[75.7877814,26.9119957],[75.7877814,26.9119943],[75.7877822,26.9119943],[75.7877822,26.9119928],[75.787783,26.9119928],[75.787783,26.9119921],[75.7877838,26.9119921],[75.7877838,26.9119907],[75.7877846,26.9119907],[75.7877846,26.9119899],[75.7877854,26.9119899],[75.7877854,26.9119885],[75.7877862,26.9119885],[75.7877862,26.911987],[75.787787,26.911987],[75.787787,26.9119863],[75.7877878,26.9119863],[75.7877878,26.9119849],[75.7877886,26.9119849],[75.7877886,26.9119841],[75.7877902,26.9119841],[75.7877902,26.9119834],[75.787791,26.9119834],[75.787791,26.9119827],[75.7877918,26.9119827],[75.7877918,26.9119798],[75.7877926,26.9119798],[75.7877926,26.9119783],[75.7877934,26.9119783],[75.7877933,26.9119762],[75.7877941,26.9119762],[75.7877941,26.9119747],[75.7877949,26.9119747],[75.7877949,26.9119711],[75.7877957,26.9119711],[75.7877957,26.9119603],[75.7877948,26.9119603],[75.7877948,26.9119596],[75.787794,26.9119596],[75.787794,26.9119581],[75.7877924,26.9119581],[75.7877924,26.9119574],[75.7877916,26.9119574],[75.7877916,26.9119567],[75.7877908,26.9119567],[75.7877908,26.911956],[75.78779,26.911956],[75.78779,26.9119552],[75.7877892,26.9119553],[75.7877892,26.9119545],[75.7877884,26.9119545],[75.7877884,26.9119538],[75.7877875,26.9119538],[75.7877875,26.9119531],[75.7877859,26.9119531],[75.7877859,26.9119524],[75.7877851,26.9119524],[75.7877851,26.9119517],[75.7877843,26.9119517],[75.7877843,26.9119509],[75.7877835,26.9119509],[75.7877835,26.9119502],[75.7877827,26.9119502],[75.7877827,26.9119495],[75.7877819,26.9119495],[75.7877819,26.9119488],[75.7877795,26.9119488],[75.7877795,26.9119481],[75.7877778,26.9119481],[75.7877778,26.9119474],[75.787773,26.9119474],[75.787773,26.9119488],[75.7877722,26.9119488],[75.7877722,26.9119496],[75.7877706,26.9119496],[75.7877706,26.9119503],[75.7877698,26.9119503],[75.7877698,26.911951],[75.787769,26.911951],[75.787769,26.9119525],[75.7877682,26.9119525],[75.7877682,26.9119539],[75.7877674,26.9119539],[75.7877674,26.9119554],[75.7877666,26.9119554],[75.7877666,26.9119568],[75.7877658,26.9119568],[75.7877658,26.9119575],[75.787765,26.9119576],[75.787765,26.911959],[75.7877642,26.911959],[75.7877642,26.9119604],[75.7877634,26.9119605],[75.7877634,26.9119619],[75.7877626,26.9119619],[75.7877626,26.9119641],[75.7877618,26.9119641],[75.7877618,26.9119655],[75.787761,26.9119655],[75.787761,26.9119662],[75.7877602,26.9119662],[75.7877602,26.911967],[75.7877594,26.911967],[75.7877595,26.9119684],[75.7877586,26.9119684],[75.7877587,26.9119706],[75.7877579,26.9119706],[75.7877579,26.911972],[75.7877571,26.911972],[75.7877571,26.9119735],[75.7877563,26.9119735],[75.7877563,26.9119749],[75.7877555,26.9119749],[75.7877555,26.9119771],[75.7877547,26.9119771],[75.7877547,26.9119786],[75.7877539,26.9119786],[75.7877539,26.91198],[75.7877531,26.91198],[75.7877531,26.9119822],[75.7877523,26.9119822],[75.7877523,26.9119836],[75.7877515,26.9119836],[75.7877515,26.9119851],[75.7877507,26.9119851],[75.7877507,26.9119858],[75.7877499,26.9119858],[75.7877499,26.9119872],[75.7877491,26.9119873],[75.7877491,26.9119894],[75.7877483,26.9119894],[75.7877483,26.9119901],[75.7877475,26.9119902],[75.7877475,26.9119909],[75.7877467,26.9119909],[75.7877467,26.9119916],[75.7877459,26.9119916],[75.7877459,26.911993],[75.7877451,26.9119931],[75.7877451,26.9119945],[75.7877443,26.9119945],[75.7877443,26.9119952],[75.7877435,26.9119952],[75.7877435,26.9119967],[75.7877427,26.9119967],[75.7877427,26.9119988],[75.7877419,26.9119988],[75.787742,26.9120046],[75.7877428,26.9120046],[75.7877428,26.9120061],[75.7877436,26.9120061],[75.7877436,26.9120068],[75.7877444,26.9120068],[75.7877444,26.9120075],[75.7877452,26.9120075],[75.7877452,26.9120089],[75.787746,26.9120089],[75.787746,26.9120097],[75.7877468,26.9120097],[75.7877469,26.9120111],[75.7877485,26.9120111],[75.7877485,26.9120118],[75.7877493,26.9120118],[75.7877493,26.9120125],[75.7877501,26.9120125],[75.7877501,26.9120132],[75.7877517,26.9120132],[75.7877517,26.912014],[75.7877525,26.912014],[75.7877525,26.9120147],[75.7877541,26.9120147],[75.7877541,26.9120154],[75.7877549,26.9120154],[75.7877549,26.9120161],[75.7877574,26.9120161],[75.7877574,26.9120168],[75.7877582,26.9120168],[75.7877582,26.9120175],[75.787759,26.9120175],[75.787759,26.9120183],[75.7877598,26.9120183],[75.7877598,26.912019],[75.7877622,26.912019],[75.7877622,26.9120197],[75.7877646,26.9120197]]]}},{"type":"Feature","properties":{"building_id":"B-0064","vertices":98},"geometry":{"type":"Polygon","coordinates":[[[75.7873597,26.9119533],[75.7873597,26.9119511],[75.7873605,26.9119511],[75.7873605,26.9119468],[75.7873613,26.9119468],[75.7873613,26.9119396],[75.7873621,26.9119396],[75.787362,26.9119374],[75.7873629,26.9119374],[75.7873628,26.9119352],[75.787362,26.9119352],[75.787362,26.9119345],[75.7873628,26.9119345],[75.7873627,26.9119215],[75.7873619,26.9119215],[75.7873619,26.9119201],[75.7873611,26.9119201],[75.7873611,26.9119194],[75.7873603,26.9119194],[75.7873603,26.9119186],[75.7873595,26.9119186],[75.7873595,26.9119179],[75.7873579,26.9119179],[75.7873579,26.9119172],[75.7873547,26.9119172],[75.7873547,26.9119165],[75.7873458,26.9119166],[75.7873458,26.9119158],[75.7873426,26.9119159],[75.7873426,26.9119151],[75.7873393,26.9119151],[75.7873393,26.9119144],[75.7873369,26.9119144],[75.7873369,26.9119137],[75.7873305,26.9119138],[75.7873305,26.911913],[75.787328,26.911913],[75.787328,26.9119123],[75.7873256,26.9119123],[75.7873256,26.9119116],[75.7873224,26.9119116],[75.7873224,26.9119109],[75.7873192,26.9119109],[75.7873192,26.9119102],[75.7873175,26.9119102],[75.7873175,26.9119095],[75.7873151,26.9119095],[75.7873151,26.9119088],[75.7873143,26.9119088],[75.7873143,26.9119081],[75.7873135,26.9119081],[75.7873135,26.9119073],[75.7873127,26.9119074],[75.7873127,26.9119066],[75.7873111,26.9119066],[75.7873111,26.9119059],[75.7873103,26.9119059],[75.7873103,26.9119045],[75.7873086,26.9119045],[75.7873086,26.9119038],[75.7873054,26.9119038],[75.7873054,26.9119031],[75.7873014,26.9119031],[75.7873014,26.9119024],[75.7873006,26.9119024],[75.7873006,26.9119016],[75.7872965,26.9119017],[75.7872968,26.9119356],[75.7872984,26.9119356],[75.7872984,26.9119363],[75.7873,26.9119363],[75.7873,26.911937],[75.7873016,26.911937],[75.7873016,26.9119377],[75.7873048,26.9119377],[75.7873049,26.9119385],[75.7873065,26.9119384],[75.7873065,26.9119392],[75.7873089,26.9119392],[75.7873089,26.9119399],[75.7873113,26.9119399],[75.7873113,26.9119406],[75.7873137,26.9119406],[75.7873137,26.9119413],[75.7873226,26.9119412],[75.7873226,26.911942],[75.7873331,26.9119419],[75.7873331,26.9119412],[75.7873387,26.9119412],[75.7873387,26.9119419],[75.7873403,26.9119419],[75.7873404,26.9119505],[75.7873412,26.9119505],[75.7873412,26.911952],[75.7873428,26.911952],[75.7873428,26.9119527],[75.7873444,26.9119527],[75.7873444,26.9119534],[75.7873597,26.9119533]]]}},{"type":"Feature","properties":{"building_id":"B-0130","vertices":306},"geometry":{"type":"Polygon","coordinates":[[[75.7881246,26.9115258],[75.7881246,26.9115251],[75.7881262,26.9115251],[75.7881262,26.9115244],[75.788127,26.9115243],[75.788127,26.9115236],[75.7881278,26.9115236],[75.7881278,26.9115215],[75.7881286,26.9115214],[75.7881286,26.9115207],[75.7881294,26.9115207],[75.7881294,26.91152],[75.7881302,26.91152],[75.7881302,26.9115193],[75.788131,26.9115193],[75.788131,26.9115185],[75.7881318,26.9115185],[75.7881318,26.9115178],[75.7881326,26.9115178],[75.7881326,26.9115171],[75.7881334,26.9115171],[75.7881334,26.9115164],[75.7881358,26.9115164],[75.7881358,26.9115156],[75.7881366,26.9115156],[75.7881366,26.9115135],[75.7881374,26.9115135],[75.7881374,26.911512],[75.7881382,26.911512],[75.7881382,26.9115106],[75.788139,26.9115106],[75.788139,26.9115098],[75.7881406,26.9115098],[75.7881406,26.9115084],[75.7881414,26.9115084],[75.7881414,26.9115069],[75.788143,26.9115069],[75.788143,26.9115062],[75.7881438,26.9115062],[75.7881438,26.9115055],[75.7881446,26.9115055],[75.7881446,26.911504],[75.7881454,26.911504],[75.7881454,26.9115033],[75.7881462,26.9115033],[75.7881461,26.9115018],[75.788147,26.9115018],[75.788147,26.9115011],[75.7881478,26.9115011],[75.7881478,26.9115004],[75.7881486,26.9115004],[75.7881486,26.9114997],[75.7881494,26.9114997],[75.7881494,26.9114989],[75.7881502,26.9114989],[75.7881502,26.9114982],[75.788151,26.9114982],[75.788151,26.9114975],[75.7881518,26.9114975],[75.7881518,26.9114968],[75.7881526,26.9114968],[75.7881526,26.911496],[75.7881534,26.911496],[75.7881534,26.9114953],[75.7881542,26.9114953],[75.7881542,26.9114939],[75.788155,26.9114939],[75.7881549,26.9114924],[75.7881558,26.9114924],[75.7881557,26.9114917],[75.7881566,26.9114917],[75.7881565,26.911491],[75.7881574,26.911491],[75.7881573,26.9114902],[75.7881582,26.9114902],[75.7881581,26.9114895],[75.788159,26.9114895],[75.7881589,26.9114888],[75.7881598,26.9114888],[75.7881597,26.911488],[75.7881606,26.911488],[75.7881606,26.9114873],[75.7881614,26.9114873],[75.7881614,26.9114866],[75.7881622,26.9114866],[75.7881621,26.9114851],[75.788163,26.9114851],[75.7881629,26.9114844],[75.7881638,26.9114844],[75.7881637,26.9114837],[75.7881646,26.9114837],[75.7881645,26.911483],[75.7881654,26.911483],[75.7881653,26.9114822],[75.7881662,26.9114822],[75.7881661,26.9114815],[75.788167,26.9114815],[75.788167,26.9114808],[75.7881678,26.9114808],[75.7881678,26.9114801],[75.7881686,26.9114801],[75.7881685,26.9114786],[75.7881694,26.9114786],[75.7881693,26.9114779],[75.7881702,26.9114779],[75.7881701,26.9114764],[75.7881709,26.9114764],[75.7881709,26.911475],[75.7881717,26.911475],[75.7881717,26.9114743],[75.7881725,26.9114743],[75.7881725,26.9114735],[75.7881733,26.9114735],[75.7881733,26.9114721],[75.7881741,26.9114721],[75.7881741,26.9114714],[75.7881749,26.9114714],[75.7881749,26.9114706],[75.7881757,26.9114706],[75.7881757,26.9114699],[75.7881765,26.9114699],[75.7881765,26.9114692],[75.7881773,26.9114692],[75.7881773,26.9114677],[75.7881781,26.9114677],[75.7881781,26.9114663],[75.7881789,26.9114663],[75.7881789,26.9114648],[75.7881797,26.9114648],[75.7881797,26.9114641],[75.7881805,26.9114641],[75.7881805,26.9114634],[75.7881813,26.9114634],[75.7881813,26.9114576],[75.7881805,26.9114576],[75.7881805,26.9114562],[75.7881781,26.9114562],[75.7881781,26.9114554],[75.7881772,26.9114555],[75.7881772,26.9114547],[75.7881724,26.9114548],[75.7881724,26.9114555],[75.7881708,26.9114555],[75.7881708,26.9114562],[75.78817,26.9114562],[75.78817,26.9114569],[75.7881692,26.9114569],[75.7881692,26.9114577],[75.7881684,26.9114577],[75.7881684,26.9114584],[75.7881668,26.9114584],[75.7881668,26.9114591],[75.7881636,26.9114591],[75.7881636,26.9114599],[75.7881628,26.9114599],[75.7881628,26.9114606],[75.788162,26.9114606],[75.788162,26.9114613],[75.7881612,26.9114613],[75.7881612,26.911462],[75.7881596,26.911462],[75.7881596,26.9114628],[75.7881588,26.9114628],[75.7881588,26.9114635],[75.788158,26.9114635],[75.788158,26.9114642],[75.7881572,26.9114642],[75.7881572,26.911465],[75.7881556,26.911465],[75.7881556,26.9114657],[75.788154,26.9114657],[75.788154,26.9114664],[75.7881532,26.9114664],[75.7881532,26.9114671],[75.7881491,26.9114672],[75.7881491,26.9114679],[75.7881475,26.9114679],[75.7881475,26.9114686],[75.7881467,26.9114686],[75.7881467,26.9114693],[75.7881459,26.9114693],[75.7881459,26.9114701],[75.7881451,26.9114701],[75.7881451,26.9114708],[75.7881443,26.9114708],[75.7881443,26.9114715],[75.7881427,26.9114715],[75.7881427,26.9114723],[75.7881419,26.9114723],[75.7881419,26.911473],[75.7881411,26.911473],[75.7881411,26.9114737],[75.7881403,26.9114737],[75.7881403,26.9114744],[75.7881395,26.9114744],[75.7881395,26.9114752],[75.7881379,26.9114752],[75.7881379,26.9114759],[75.7881371,26.9114759],[75.7881371,26.9114766],[75.7881363,26.9114766],[75.7881363,26.9114773],[75.7881355,26.9114774],[75.7881355,26.9114781],[75.7881347,26.9114781],[75.7881347,26.9114788],[75.7881331,26.9114788],[75.7881331,26.9114795],[75.7881323,26.9114795],[75.7881323,26.9114803],[75.7881315,26.9114803],[75.7881315,26.911481],[75.7881307,26.911481],[75.7881307,26.9114817],[75.7881299,26.9114817],[75.7881299,26.9114824],[75.7881283,26.9114824],[75.7881283,26.9114832],[75.7881275,26.9114832],[75.7881275,26.9114839],[75.7881267,26.9114839],[75.7881267,26.9114846],[75.7881259,26.9114846],[75.7881259,26.9114853],[75.7881251,26.9114854],[75.7881251,26.9114861],[75.7881243,26.9114861],[75.7881243,26.9114868],[75.7881227,26.9114868],[75.7881227,26.9114875],[75.7881219,26.9114875],[75.7881219,26.9114883],[75.7881211,26.9114883],[75.7881211,26.911489],[75.7881195,26.911489],[75.7881195,26.9114897],[75.7881179,26.9114897],[75.7881179,26.9114912],[75.7881163,26.9114912],[75.7881163,26.9114919],[75.7881147,26.9114919],[75.7881147,26.9114926],[75.7881139,26.9114926],[75.7881139,26.9114934],[75.7881131,26.9114934],[75.7881131,26.9114941],[75.7881123,26.9114941],[75.7881123,26.9114955],[75.7881115,26.9114955],[75.7881115,26.9114963],[75.7881082,26.9114963],[75.7881083,26.911497],[75.7881074,26.911497],[75.7881074,26.9114977],[75.7881066,26.9114977],[75.7881066,26.9114985],[75.7881058,26.9114985],[75.7881058,26.9114992],[75.788105,26.9114992],[75.7881051,26.9115006],[75.7881042,26.9115006],[75.7881043,26.9115021],[75.7881035,26.9115021],[75.7881035,26.9115064],[75.7881043,26.9115064],[75.7881043,26.9115071],[75.7881051,26.9115071],[75.7881051,26.9115079],[75.7881067,26.9115078],[75.7881067,26.9115086],[75.7881083,26.9115086],[75.7881083,26.9115093],[75.7881091,26.9115093],[75.7881091,26.91151],[75.7881108,26.91151],[75.7881108,26.9115107],[75.7881116,26.9115107],[75.7881116,26.9115114],[75.7881124,26.9115114],[75.7881124,26.9115129],[75.7881132,26.9115129],[75.7881132,26.9115136],[75.788114,26.9115136],[75.788114,26.9115143],[75.7881148,26.9115143],[75.7881148,26.911515],[75.7881156,26.911515],[75.7881156,26.9115157],[75.7881164,26.9115157],[75.7881164,26.9115165],[75.7881172,26.9115165],[75.7881173,26.9115172],[75.7881181,26.9115172],[75.7881181,26.9115193],[75.7881189,26.9115193],[75.7881189,26.9115208],[75.7881197,26.9115208],[75.7881197,26.9115215],[75.7881205,26.9115215],[75.7881205,26.9115222],[75.7881213,26.9115222],[75.7881213,26.9115237],[75.7881221,26.9115237],[75.7881221,26.9115244],[75.7881229,26.9115244],[75.788123,26.9115258],[75.7881246,26.9115258]]]}},{"type":"Feature","properties":{"building_id":"B-0052","vertices":230},"geometry":{"type":"Polygon","coordinates":[[[75.787888,26.9120378],[75.787888,26.912037],[75.7878888,26.912037],[75.7878888,26.9120363],[75.7878904,26.9120363],[75.7878904,26.9120356],[75.7878912,26.9120356],[75.7878912,26.9120349],[75.787892,26.9120348],[75.787892,26.9120341],[75.7878928,26.9120341],[75.7878928,26.9120327],[75.7878936,26.9120327],[75.7878936,26.9120319],[75.7878944,26.9120319],[75.7878944,26.9120312],[75.7878952,26.9120312],[75.7878952,26.9120298],[75.787896,26.9120298],[75.787896,26.912029],[75.7878968,26.912029],[75.7878968,26.9120276],[75.7878976,26.9120276],[75.7878976,26.9120269],[75.7878984,26.9120269],[75.7878984,26.9120247],[75.7878992,26.9120247],[75.7878992,26.9120233],[75.7879,26.9120232],[75.7879,26.9120211],[75.7879008,26.9120211],[75.7879008,26.9120196],[75.7879016,26.9120196],[75.7879016,26.9120182],[75.7879024,26.9120182],[75.7879024,26.9120175],[75.7879032,26.9120175],[75.7879032,26.9120153],[75.787904,26.9120153],[75.7879039,26.9120044],[75.7879031,26.9120045],[75.7879031,26.9120037],[75.7879023,26.9120037],[75.7879023,26.9120023],[75.7879015,26.9120023],[75.7879015,26.9120016],[75.7879007,26.9120016],[75.7879007,26.9120009],[75.7878999,26.9120009],[75.7878999,26.9120001],[75.7878991,26.9120001],[75.787899,26.9119994],[75.7878982,26.9119994],[75.7878982,26.9119987],[75.7878974,26.9119987],[75.7878974,26.911998],[75.7878966,26.911998],[75.7878966,26.9119973],[75.7878958,26.9119973],[75.7878958,26.9119965],[75.787895,26.9119966],[75.787895,26.9119951],[75.7878942,26.9119951],[75.7878942,26.9119944],[75.7878934,26.9119944],[75.7878934,26.9119937],[75.7878926,26.9119937],[75.7878926,26.911993],[75.7878918,26.911993],[75.7878917,26.9119922],[75.7878901,26.9119922],[75.7878901,26.9119915],[75.7878893,26.9119915],[75.7878893,26.9119908],[75.7878885,26.9119908],[75.7878885,26.9119901],[75.7878869,26.9119901],[75.7878869,26.9119887],[75.7878861,26.9119887],[75.7878861,26.9119879],[75.7878853,26.9119879],[75.7878853,26.9119872],[75.7878845,26.9119872],[75.7878845,26.9119865],[75.7878836,26.9119865],[75.7878836,26.9119858],[75.787882,26.9119858],[75.787882,26.9119851],[75.7878812,26.9119851],[75.7878812,26.9119843],[75.7878804,26.9119844],[75.7878804,26.9119836],[75.7878788,26.9119836],[75.7878788,26.9119829],[75.7878772,26.9119829],[75.7878772,26.9119815],[75.7878764,26.9119815],[75.7878764,26.9119808],[75.7878756,26.9119808],[75.7878755,26.91198],[75.7878739,26.9119801],[75.7878739,26.9119793],[75.7878715,26.9119793],[75.7878715,26.9119786],[75.7878635,26.9119787],[75.7878635,26.9119794],[75.7878627,26.9119794],[75.7878627,26.9119801],[75.7878619,26.9119801],[75.7878619,26.9119808],[75.7878602,26.9119809],[75.7878603,26.9119816],[75.7878594,26.9119816],[75.7878595,26.9119823],[75.7878586,26.9119823],[75.7878586,26.911983],[75.7878578,26.911983],[75.7878578,26.9119838],[75.787857,26.9119838],[75.787857,26.9119845],[75.7878562,26.9119845],[75.7878562,26.9119852],[75.7878554,26.9119852],[75.7878554,26.9119859],[75.7878546,26.9119859],[75.7878547,26.9119874],[75.7878538,26.9119874],[75.7878539,26.9119888],[75.7878531,26.9119888],[75.7878531,26.9119903],[75.7878523,26.9119903],[75.7878523,26.911991],[75.7878515,26.911991],[75.7878515,26.9119925],[75.7878507,26.9119925],[75.7878507,26.9119939],[75.7878499,26.9119939],[75.7878499,26.9119954],[75.7878491,26.9119954],[75.7878491,26.9119968],[75.7878483,26.9119968],[75.7878483,26.9119975],[75.7878475,26.9119975],[75.7878475,26.9119983],[75.7878467,26.9119983],[75.7878467,26.9119997],[75.7878459,26.9119997],[75.7878459,26.9120004],[75.7878451,26.9120004],[75.7878451,26.9120026],[75.7878459,26.9120026],[75.7878459,26.912004],[75.7878467,26.912004],[75.7878467,26.9120048],[75.7878475,26.9120048],[75.7878475,26.9120055],[75.7878491,26.9120055],[75.7878491,26.9120062],[75.7878499,26.9120062],[75.78785,26.9120069],[75.7878508,26.9120069],[75.7878508,26.9120084],[75.7878516,26.9120083],[75.7878516,26.9120091],[75.7878524,26.9120091],[75.7878524,26.9120098],[75.7878532,26.9120098],[75.7878532,26.9120105],[75.787854,26.9120105],[75.787854,26.9120112],[75.7878548,26.9120112],[75.7878548,26.9120127],[75.7878556,26.9120127],[75.7878556,26.9120141],[75.7878564,26.9120141],[75.7878565,26.9120148],[75.7878573,26.9120148],[75.7878573,26.9120163],[75.7878581,26.9120163],[75.7878581,26.9120177],[75.7878597,26.9120177],[75.7878597,26.9120184],[75.7878613,26.9120184],[75.7878613,26.9120191],[75.7878629,26.9120191],[75.7878629,26.9120198],[75.7878637,26.9120198],[75.7878637,26.9120206],[75.7878654,26.9120206],[75.7878654,26.9120213],[75.7878662,26.9120213],[75.7878662,26.912022],[75.7878678,26.912022],[75.7878678,26.9120227],[75.7878686,26.9120227],[75.7878686,26.9120234],[75.7878694,26.9120234],[75.7878694,26.9120241],[75.787871,26.9120241],[75.787871,26.9120249],[75.7878718,26.9120248],[75.7878718,26.9120256],[75.7878726,26.9120256],[75.7878726,26.9120263],[75.7878735,26.9120263],[75.7878735,26.912027],[75.7878751,26.912027],[75.7878751,26.9120277],[75.7878767,26.9120277],[75.7878767,26.9120284],[75.7878783,26.9120284],[75.7878783,26.9120291],[75.7878799,26.9120291],[75.7878799,26.9120306],[75.7878807,26.9120306],[75.7878807,26.9120313],[75.7878815,26.9120313],[75.7878815,26.912032],[75.7878824,26.912032],[75.7878824,26.9120327],[75.7878832,26.9120327],[75.7878832,26.9120342],[75.787884,26.9120342],[75.787884,26.9120349],[75.7878856,26.9120349],[75.7878856,26.9120356],[75.7878864,26.9120356],[75.7878864,26.9120363],[75.7878872,26.9120363],[75.7878872,26.9120378],[75.787888,26.9120378]]]}},{"type":"Feature","properties":{"building_id":"B-0036","vertices":154},"geometry":{"type":"Polygon","coordinates":[[[75.7879653,26.9121421],[75.7879653,26.9121413],[75.7879669,26.9121413],[75.7879669,26.9121399],[75.7879677,26.9121399],[75.7879677,26.912137],[75.7879661,26.912137],[75.7879661,26.9121363],[75.7879653,26.9121363],[75.7879652,26.9121348],[75.7879644,26.9121348],[75.7879644,26.9121319],[75.7879636,26.912132],[75.7879636,26.9121269],[75.7879644,26.9121269],[75.7879644,26.912124],[75.7879652,26.912124],[75.7879652,26.9121218],[75.787966,26.9121218],[75.787966,26.9121204],[75.7879668,26.9121204],[75.7879667,26.9121182],[75.7879675,26.9121182],[75.7879675,26.9121168],[75.7879683,26.9121168],[75.7879683,26.9121146],[75.7879691,26.9121146],[75.7879691,26.9121117],[75.7879699,26.9121117],[75.7879699,26.9121095],[75.7879707,26.9121095],[75.7879707,26.912103],[75.7879699,26.912103],[75.7879699,26.9121023],[75.787969,26.9121023],[75.787969,26.9121016],[75.7879682,26.9121016],[75.7879682,26.9121009],[75.7879674,26.9121009],[75.7879674,26.9121002],[75.7879666,26.9121002],[75.7879666,26.9120994],[75.7879658,26.9120994],[75.7879658,26.9120987],[75.787965,26.9120987],[75.787965,26.912098],[75.7879634,26.912098],[75.7879634,26.9120973],[75.7879626,26.9120973],[75.7879626,26.9120966],[75.7879601,26.9120966],[75.7879601,26.9120959],[75.7879585,26.9120959],[75.7879585,26.9120951],[75.7879577,26.9120952],[75.7879577,26.9120944],[75.7879561,26.9120944],[75.7879561,26.9120937],[75.7879545,26.9120937],[75.7879545,26.912093],[75.7879521,26.912093],[75.7879521,26.9120923],[75.7879496,26.9120923],[75.7879496,26.9120916],[75.78794,26.9120916],[75.78794,26.9120924],[75.7879384,26.9120924],[75.7879384,26.9120931],[75.7879351,26.9120931],[75.7879352,26.9120938],[75.7879335,26.9120938],[75.7879335,26.9120931],[75.7879287,26.9120931],[75.7879287,26.9120939],[75.7879279,26.9120939],[75.7879279,26.9120968],[75.7879271,26.9120968],[75.7879271,26.9120989],[75.7879263,26.9120989],[75.7879263,26.9121011],[75.7879255,26.9121011],[75.7879256,26.912104],[75.7879247,26.912104],[75.7879248,26.9121062],[75.787924,26.9121062],[75.787924,26.9121083],[75.7879232,26.9121083],[75.7879232,26.9121112],[75.7879224,26.9121112],[75.7879224,26.9121127],[75.7879216,26.9121127],[75.7879216,26.9121149],[75.7879208,26.9121149],[75.7879208,26.9121163],[75.78792,26.9121163],[75.78792,26.9121178],[75.7879192,26.9121178],[75.7879192,26.9121206],[75.7879184,26.9121206],[75.7879184,26.9121235],[75.7879176,26.9121235],[75.7879176,26.9121257],[75.7879168,26.9121257],[75.7879169,26.91213],[75.7879177,26.91213],[75.7879177,26.9121315],[75.7879193,26.9121315],[75.7879193,26.9121322],[75.7879201,26.9121322],[75.7879201,26.9121329],[75.7879225,26.9121329],[75.7879225,26.9121336],[75.787925,26.9121336],[75.787925,26.9121343],[75.7879266,26.9121343],[75.7879266,26.912135],[75.7879282,26.912135],[75.7879282,26.9121358],[75.7879298,26.9121358],[75.7879298,26.9121365],[75.7879314,26.9121365],[75.7879314,26.9121372],[75.7879338,26.9121372],[75.7879338,26.9121379],[75.7879355,26.9121379],[75.7879355,26.9121386],[75.7879379,26.9121386],[75.7879379,26.9121393],[75.7879395,26.9121393],[75.7879395,26.91214],[75.7879419,26.91214],[75.7879419,26.9121386],[75.7879427,26.9121386],[75.7879427,26.91214],[75.7879443,26.91214],[75.7879443,26.9121393],[75.7879459,26.9121393],[75.7879459,26.9121371],[75.7879467,26.9121371],[75.7879467,26.9121364],[75.7879491,26.9121364],[75.7879491,26.9121371],[75.78795,26.9121371],[75.78795,26.9121378],[75.7879508,26.9121378],[75.7879508,26.9121392],[75.7879516,26.9121392],[75.7879516,26.91214],[75.787954,26.91214],[75.787954,26.9121407],[75.7879548,26.9121407],[75.7879548,26.9121414],[75.7879572,26.9121414],[75.7879572,26.9121421],[75.7879653,26.9121421]]]}},{"type":"Feature","properties":{"building_id":"B-0080","vertices":84},"geometry":{"type":"Polygon","coordinates":[[[75.7873001,26.9118366],[75.7873001,26.9118359],[75.7873009,26.9118359],[75.7873009,26.9118316],[75.7873017,26.9118316],[75.7873017,26.9118301],[75.7873025,26.9118301],[75.7873025,26.9118294],[75.7873033,26.9118294],[75.7873033,26.9118265],[75.7873041,26.9118265],[75.787304,26.9118222],[75.7873049,26.9118222],[75.7873048,26.9118207],[75.7873056,26.9118207],[75.7873056,26.91182],[75.7873064,26.91182],[75.7873064,26.9118185],[75.7873072,26.9118185],[75.7873072,26.9118178],[75.787308,26.9118178],[75.787308,26.9118171],[75.7873088,26.9118171],[75.7873088,26.9118156],[75.7873096,26.9118156],[75.7873096,26.9118135],[75.7873104,26.9118135],[75.7873104,26.9118113],[75.7873112,26.9118113],[75.7873112,26.9118091],[75.787312,26.9118091],[75.787312,26.911807],[75.7873128,26.911807],[75.7873128,26.9118048],[75.7873136,26.9118048],[75.7873136,26.9118026],[75.7873144,26.9118026],[75.7873144,26.911799],[75.7873152,26.911799],[75.7873151,26.9117925],[75.7873159,26.9117925],[75.7873159,26.9117853],[75.7873167,26.9117853],[75.7873167,26.9117831],[75.7873175,26.9117831],[75.7873175,26.9117817],[75.7873183,26.9117816],[75.7873183,26.9117802],[75.7873191,26.9117802],[75.7873191,26.9117788],[75.7873199,26.9117787],[75.7873198,26.9117773],[75.7873207,26.9117773],[75.7873206,26.9117737],[75.7873214,26.9117737],[75.7873214,26.9117679],[75.7873222,26.9117679],[75.7873222,26.9117636],[75.787323,26.9117636],[75.7873228,26.9117405],[75.787322,26.9117405],[75.787322,26.9117397],[75.7873204,26.9117397],[75.7873204,26.911739],[75.7873188,26.911739],[75.7873188,26.9117383],[75.7873156,26.9117383],[75.7873155,26.9117376],[75.7873139,26.9117376],[75.7873139,26.9117369],[75.7873115,26.9117369],[75.7873115,26.9117362],[75.7873099,26.9117362],[75.7873099,26.9117355],[75.7873083,26.9117355],[75.7873083,26.9117348],[75.7873059,26.9117348],[75.7873059,26.911734],[75.7873034,26.9117341],[75.7873034,26.9117333],[75.7872954,26.9117334],[75.7872961,26.9118359],[75.7872985,26.9118359],[75.7872985,26.9118366],[75.7873001,26.9118366]]]}},{"type":"Feature","properties":{"building_id":"B-0097","vertices":170},"geometry":{"type":"Polygon","coordinates":[[[75.7875595,26.9117182],[75.7875595,26.9117175],[75.7875627,26.9117174],[75.7875627,26.9117167],[75.7875635,26.9117167],[75.7875635,26.911716],[75.7875651,26.911716],[75.7875651,26.9117153],[75.7875659,26.9117153],[75.7875659,26.9117145],[75.7875667,26.9117145],[75.7875667,26.9117138],[75.7875676,26.9117138],[75.7875675,26.9117131],[75.7875684,26.9117131],[75.7875683,26.9117116],[75.7875691,26.9117116],[75.7875691,26.9117109],[75.7875699,26.9117109],[75.7875699,26.9117022],[75.7875691,26.9117022],[75.7875691,26.9117008],[75.7875683,26.9117008],[75.7875683,26.9116994],[75.7875675,26.9116994],[75.7875674,26.9116986],[75.7875666,26.9116986],[75.7875666,26.9116979],[75.7875658,26.9116979],[75.7875658,26.9116972],[75.787565,26.9116972],[75.787565,26.9116965],[75.7875642,26.9116965],[75.7875642,26.9116958],[75.7875634,26.9116958],[75.7875634,26.9116951],[75.7875626,26.9116951],[75.7875626,26.9116943],[75.7875618,26.9116943],[75.7875618,26.9116936],[75.787561,26.9116936],[75.787561,26.9116929],[75.7875602,26.9116929],[75.7875601,26.9116907],[75.7875593,26.9116907],[75.7875593,26.9116864],[75.7875585,26.9116864],[75.7875584,26.9116756],[75.7875592,26.9116756],[75.7875592,26.9116727],[75.78756,26.9116727],[75.78756,26.911672],[75.7875608,26.911672],[75.7875608,26.9116712],[75.7875616,26.9116712],[75.7875616,26.9116705],[75.7875632,26.9116705],[75.7875632,26.9116698],[75.787564,26.9116698],[75.787564,26.911669],[75.7875648,26.911669],[75.7875648,26.9116683],[75.7875656,26.9116683],[75.7875656,26.9116669],[75.7875664,26.9116669],[75.7875664,26.9116654],[75.7875672,26.9116654],[75.7875672,26.9116611],[75.7875664,26.9116611],[75.7875664,26.9116604],[75.7875656,26.9116604],[75.7875656,26.9116597],[75.7875631,26.9116597],[75.7875631,26.9116568],[75.7875639,26.9116568],[75.7875639,26.911656],[75.7875631,26.9116561],[75.7875631,26.9116546],[75.7875615,26.9116546],[75.7875615,26.9116539],[75.7875583,26.9116539],[75.7875583,26.9116532],[75.7875486,26.9116532],[75.7875486,26.911654],[75.7875454,26.911654],[75.7875454,26.9116547],[75.7875438,26.9116547],[75.7875438,26.9116583],[75.787543,26.9116583],[75.787543,26.9116605],[75.7875422,26.9116605],[75.7875422,26.9116627],[75.7875414,26.9116627],[75.7875414,26.9116641],[75.7875406,26.9116641],[75.7875406,26.9116663],[75.7875398,26.9116663],[75.7875398,26.9116685],[75.787539,26.9116685],[75.787539,26.9116699],[75.7875382,26.9116699],[75.7875383,26.9116714],[75.7875374,26.9116714],[75.7875375,26.9116721],[75.7875366,26.9116721],[75.7875367,26.9116735],[75.7875359,26.9116735],[75.7875359,26.911675],[75.7875351,26.911675],[75.7875351,26.9116764],[75.7875343,26.9116764],[75.7875343,26.9116779],[75.7875335,26.9116779],[75.7875335,26.9116793],[75.7875327,26.9116793],[75.7875327,26.9116815],[75.7875319,26.9116815],[75.7875319,26.9116837],[75.7875311,26.9116837],[75.7875311,26.9116858],[75.7875303,26.9116858],[75.7875303,26.911688],[75.7875295,26.911688],[75.7875295,26.9116902],[75.7875287,26.9116902],[75.7875287,26.9116916],[75.7875279,26.9116916],[75.7875279,26.9116931],[75.7875271,26.9116931],[75.7875271,26.9116945],[75.7875263,26.9116945],[75.7875263,26.9116967],[75.7875255,26.9116967],[75.7875256,26.9116989],[75.7875247,26.9116989],[75.7875248,26.9117003],[75.787524,26.9117003],[75.787524,26.9117025],[75.7875232,26.9117025],[75.7875232,26.9117039],[75.7875224,26.9117039],[75.7875224,26.9117068],[75.7875216,26.9117068],[75.7875216,26.9117105],[75.7875224,26.9117104],[75.7875224,26.9117112],[75.787524,26.9117112],[75.787524,26.9117119],[75.7875256,26.9117119],[75.7875256,26.9117126],[75.7875281,26.9117126],[75.7875281,26.9117133],[75.7875297,26.9117133],[75.7875297,26.911714],[75.7875337,26.911714],[75.7875337,26.9117147],[75.7875394,26.9117147],[75.7875394,26.9117154],[75.787541,26.9117154],[75.787541,26.9117161],[75.7875434,26.9117161],[75.7875434,26.9117168],[75.7875474,26.9117168],[75.7875474,26.9117175],[75.787549,26.9117175],[75.787549,26.9117168],[75.7875523,26.9117168],[75.7875523,26.9117175],[75.7875547,26.9117175],[75.7875547,26.9117182],[75.7875595,26.9117182]]]}},{"type":"Feature","properties":{"building_id":"B-0104","vertices":170},"geometry":{"type":"Polygon","coordinates":[[[75.788182,26.9116772],[75.788182,26.9116764],[75.7881828,26.9116764],[75.7881828,26.9116757],[75.7881836,26.9116757],[75.7881836,26.911675],[75.7881844,26.911675],[75.7881844,26.9116735],[75.7881852,26.9116735],[75.7881852,26.9116721],[75.788186,26.9116721],[75.788186,26.9116706],[75.7881868,26.9116706],[75.7881868,26.9116692],[75.7881876,26.9116692],[75.7881876,26.9116685],[75.7881884,26.9116685],[75.7881884,26.9116677],[75.7881892,26.9116677],[75.7881892,26.9116663],[75.78819,26.9116663],[75.78819,26.9116648],[75.7881908,26.9116648],[75.7881908,26.9116641],[75.7881916,26.9116641],[75.7881916,26.9116619],[75.7881924,26.9116619],[75.7881924,26.9116605],[75.7881932,26.9116605],[75.7881932,26.911659],[75.788194,26.911659],[75.788194,26.9116576],[75.7881948,26.9116576],[75.7881948,26.9116561],[75.7881956,26.9116561],[75.7881956,26.9116547],[75.7881964,26.9116547],[75.7881963,26.9116532],[75.7881972,26.9116532],[75.7881971,26.9116518],[75.7881979,26.9116518],[75.7881979,26.9116511],[75.7881987,26.9116511],[75.7881987,26.9116496],[75.7881995,26.9116496],[75.7881995,26.9116482],[75.7882003,26.9116482],[75.7882003,26.911646],[75.7882011,26.911646],[75.7882011,26.9116445],[75.7882019,26.9116445],[75.7882019,26.9116431],[75.7882027,26.9116431],[75.7882027,26.9116417],[75.7882035,26.9116416],[75.7882035,26.9116409],[75.7882043,26.9116409],[75.7882043,26.9116395],[75.7882051,26.9116395],[75.7882051,26.9116322],[75.7882026,26.9116323],[75.7882026,26.9116315],[75.788201,26.9116315],[75.788201,26.9116308],[75.7881986,26.9116308],[75.7881986,26.9116301],[75.7881962,26.9116301],[75.7881962,26.9116294],[75.7881938,26.9116294],[75.7881938,26.9116287],[75.7881921,26.9116287],[75.7881921,26.911628],[75.7881897,26.911628],[75.7881897,26.9116273],[75.7881873,26.9116273],[75.7881873,26.9116266],[75.7881833,26.9116266],[75.7881833,26.9116259],[75.7881808,26.9116259],[75.7881808,26.9116252],[75.7881776,26.9116252],[75.7881776,26.9116245],[75.7881752,26.9116245],[75.7881752,26.9116237],[75.7881736,26.9116238],[75.7881736,26.911623],[75.788172,26.911623],[75.788172,26.9116223],[75.7881671,26.9116223],[75.7881671,26.9116231],[75.7881663,26.9116231],[75.7881663,26.9116238],[75.7881655,26.9116238],[75.7881655,26.9116245],[75.7881647,26.9116245],[75.7881647,26.911626],[75.7881639,26.911626],[75.7881639,26.9116267],[75.7881631,26.9116267],[75.7881631,26.9116289],[75.7881623,26.9116289],[75.7881623,26.9116303],[75.7881615,26.9116303],[75.7881616,26.9116318],[75.7881607,26.9116318],[75.7881608,26.9116332],[75.78816,26.9116332],[75.78816,26.9116347],[75.7881592,26.9116347],[75.7881592,26.9116361],[75.7881584,26.9116361],[75.7881584,26.9116376],[75.7881576,26.9116376],[75.7881576,26.9116397],[75.7881568,26.9116397],[75.7881568,26.9116412],[75.788156,26.9116412],[75.788156,26.9116434],[75.7881552,26.9116434],[75.7881552,26.9116455],[75.7881544,26.9116455],[75.7881544,26.911647],[75.7881536,26.911647],[75.7881536,26.9116491],[75.7881528,26.9116492],[75.7881528,26.9116506],[75.788152,26.9116506],[75.788152,26.9116513],[75.7881512,26.9116513],[75.7881512,26.9116528],[75.7881504,26.9116528],[75.7881504,26.9116542],[75.7881496,26.9116542],[75.7881497,26.9116593],[75.7881505,26.9116593],[75.7881505,26.91166],[75.7881521,26.91166],[75.7881521,26.9116607],[75.7881537,26.9116607],[75.7881537,26.9116614],[75.7881545,26.9116614],[75.7881545,26.9116621],[75.7881553,26.9116621],[75.7881553,26.9116629],[75.7881561,26.9116629],[75.7881561,26.9116636],[75.7881569,26.9116636],[75.7881569,26.9116643],[75.7881578,26.9116643],[75.7881578,26.9116657],[75.7881586,26.9116657],[75.7881586,26.9116665],[75.7881594,26.9116664],[75.7881594,26.9116679],[75.7881602,26.9116679],[75.7881602,26.9116693],[75.788161,26.9116693],[75.788161,26.9116708],[75.7881618,26.9116708],[75.7881618,26.9116729],[75.7881626,26.9116729],[75.7881627,26.9116744],[75.7881635,26.9116744],[75.7881635,26.9116751],[75.7881643,26.9116751],[75.7881643,26.9116758],[75.7881675,26.9116758],[75.7881675,26.9116765],[75.7881796,26.9116764],[75.7881796,26.9116772],[75.788182,26.9116772]]]}},{"type":"Feature","properties":{"building_id":"B-0007","vertices":244},"geometry":{"type":"Polygon","coordinates":[[[75.7873312,26.9123695],[75.7873312,26.9123688],[75.7873328,26.9123688],[75.7873328,26.912368],[75.7873344,26.912368],[75.7873344,26.9123673],[75.7873352,26.9123673],[75.7873352,26.9123666],[75.787336,26.9123666],[75.787336,26.9123659],[75.7873376,26.9123658],[75.7873376,26.9123651],[75.7873384,26.9123651],[75.7873384,26.9123644],[75.7873392,26.9123644],[75.7873392,26.9123637],[75.7873408,26.9123637],[75.7873408,26.9123629],[75.7873416,26.9123629],[75.7873416,26.9123622],[75.7873424,26.9123622],[75.7873424,26.9123615],[75.7873432,26.9123615],[75.7873432,26.9123608],[75.787344,26.9123608],[75.787344,26.91236],[75.7873448,26.91236],[75.7873448,26.9123593],[75.7873456,26.9123593],[75.7873456,26.9123579],[75.7873464,26.9123579],[75.7873464,26.9123571],[75.7873472,26.9123571],[75.7873472,26.9123557],[75.787348,26.9123557],[75.787348,26.912355],[75.7873488,26.9123549],[75.7873488,26.9123542],[75.7873496,26.9123542],[75.7873496,26.9123535],[75.7873504,26.9123535],[75.7873504,26.9123528],[75.7873512,26.9123528],[75.7873512,26.912352],[75.787352,26.912352],[75.787352,26.9123506],[75.7873528,26.9123506],[75.7873528,26.9123499],[75.7873536,26.9123499],[75.7873536,26.9123491],[75.7873544,26.9123491],[75.7873544,26.9123477],[75.7873552,26.9123477],[75.7873552,26.912347],[75.787356,26.912347],[75.787356,26.9123462],[75.7873568,26.9123462],[75.7873568,26.9123448],[75.7873584,26.9123448],[75.7873584,26.9123441],[75.7873592,26.9123441],[75.7873592,26.9123426],[75.78736,26.9123426],[75.78736,26.9123419],[75.7873608,26.9123419],[75.7873608,26.9123404],[75.7873616,26.9123404],[75.7873616,26.912339],[75.7873624,26.912339],[75.7873624,26.9123375],[75.7873632,26.9123375],[75.7873632,26.9123354],[75.787364,26.9123354],[75.787364,26.9123339],[75.7873648,26.9123339],[75.7873648,26.9123325],[75.7873656,26.9123325],[75.7873656,26.9123317],[75.7873664,26.9123317],[75.7873664,26.912331],[75.7873672,26.912331],[75.7873672,26.9123296],[75.787368,26.9123296],[75.787368,26.9123281],[75.7873688,26.9123281],[75.7873687,26.9123202],[75.7873679,26.9123202],[75.7873679,26.9123166],[75.7873671,26.9123166],[75.7873671,26.9123151],[75.7873663,26.9123151],[75.7873663,26.9123137],[75.7873655,26.9123137],[75.7873655,26.912313],[75.7873647,26.912313],[75.7873646,26.9123115],[75.7873638,26.9123115],[75.7873638,26.9123101],[75.787363,26.9123101],[75.787363,26.9123094],[75.7873622,26.9123094],[75.7873622,26.9123086],[75.7873606,26.9123087],[75.7873606,26.9123079],[75.7873598,26.9123079],[75.7873598,26.9123072],[75.7873525,26.9123073],[75.7873525,26.9123087],[75.7873517,26.9123087],[75.7873517,26.9123094],[75.7873509,26.9123094],[75.7873509,26.9123102],[75.7873501,26.9123102],[75.7873501,26.9123109],[75.7873493,26.9123109],[75.7873493,26.9123123],[75.7873485,26.9123123],[75.7873485,26.9123131],[75.7873477,26.9123131],[75.7873477,26.9123138],[75.7873469,26.9123138],[75.7873469,26.9123152],[75.7873453,26.9123152],[75.7873453,26.912316],[75.7873445,26.912316],[75.7873445,26.9123167],[75.7873437,26.9123167],[75.7873437,26.9123181],[75.7873429,26.9123181],[75.7873429,26.9123189],[75.7873421,26.9123189],[75.7873421,26.9123196],[75.7873413,26.9123196],[75.7873413,26.9123203],[75.7873405,26.9123203],[75.7873405,26.912321],[75.7873397,26.9123211],[75.7873397,26.9123218],[75.7873389,26.9123218],[75.7873389,26.9123225],[75.7873381,26.9123225],[75.7873381,26.9123232],[75.7873365,26.9123232],[75.7873365,26.912324],[75.7873357,26.912324],[75.7873357,26.9123247],[75.7873349,26.9123247],[75.7873349,26.9123254],[75.7873341,26.9123254],[75.7873341,26.9123261],[75.7873333,26.9123261],[75.7873333,26.9123269],[75.7873325,26.9123269],[75.7873325,26.9123276],[75.7873317,26.9123276],[75.7873317,26.912329],[75.7873301,26.9123291],[75.7873301,26.9123305],[75.7873293,26.9123305],[75.7873293,26.9123312],[75.7873285,26.9123312],[75.7873285,26.9123319],[75.7873277,26.912332],[75.7873277,26.9123327],[75.7873269,26.9123327],[75.7873269,26.9123334],[75.7873261,26.9123334],[75.7873261,26.9123349],[75.7873253,26.9123349],[75.7873253,26.9123356],[75.7873245,26.9123356],[75.7873245,26.9123363],[75.7873237,26.9123363],[75.7873237,26.912337],[75.7873221,26.912337],[75.7873221,26.9123378],[75.7873213,26.9123378],[75.7873213,26.9123385],[75.7873205,26.9123385],[75.7873205,26.9123392],[75.7873197,26.9123392],[75.7873197,26.9123399],[75.7873189,26.9123399],[75.7873189,26.9123414],[75.7873181,26.9123414],[75.7873181,26.9123421],[75.7873173,26.9123421],[75.7873173,26.9123436],[75.7873165,26.9123436],[75.7873165,26.9123443],[75.7873157,26.9123443],[75.7873157,26.912345],[75.7873149,26.912345],[75.7873149,26.9123457],[75.7873141,26.9123458],[75.7873141,26.9123465],[75.7873125,26.9123465],[75.7873125,26.9123472],[75.7873117,26.9123472],[75.7873117,26.9123479],[75.7873101,26.9123479],[75.7873101,26.9123487],[75.7873093,26.9123487],[75.7873093,26.9123494],[75.7873085,26.9123494],[75.7873085,26.9123508],[75.7873077,26.9123508],[75.7873077,26.9123545],[75.7873085,26.9123545],[75.7873086,26.9123552],[75.7873094,26.9123552],[75.7873094,26.9123559],[75.7873102,26.9123559],[75.7873102,26.9123566],[75.787311,26.9123566],[75.787311,26.9123573],[75.7873118,26.9123573],[75.7873118,26.912358],[75.7873126,26.912358],[75.7873126,26.9123595],[75.7873134,26.9123595],[75.7873134,26.9123602],[75.7873142,26.9123602],[75.7873142,26.9123609],[75.787315,26.9123609],[75.787315,26.9123616],[75.7873158,26.9123616],[75.7873159,26.9123624],[75.7873167,26.9123623],[75.7873167,26.9123638],[75.7873183,26.9123638],[75.7873183,26.9123645],[75.7873191,26.9123645],[75.7873191,26.9123652],[75.7873199,26.9123652],[75.7873199,26.9123659],[75.7873207,26.9123659],[75.7873207,26.9123674],[75.7873215,26.9123674],[75.7873215,26.9123681],[75.7873231,26.9123681],[75.7873231,26.9123688],[75.7873264,26.9123688],[75.7873264,26.9123695],[75.7873312,26.9123695]]]}},{"type":"Feature","properties":{"building_id":"B-0056","vertices":274},"geometry":{"type":"Polygon","coordinates":[[[75.7882035,26.9119869],[75.7882027,26.9119869],[75.7882027,26.9119891],[75.7882035,26.9119891],[75.7882035,26.9119898],[75.7882043,26.9119898],[75.7882043,26.9119905],[75.7882051,26.9119905],[75.7882051,26.9119912],[75.7882059,26.9119912],[75.7882059,26.9119919],[75.7882068,26.9119919],[75.7882068,26.9119934],[75.7882076,26.9119934],[75.7882076,26.9119941],[75.7882084,26.9119941],[75.7882084,26.9119948],[75.7882092,26.9119948],[75.7882092,26.9119955],[75.78821,26.9119955],[75.78821,26.9119962],[75.7882108,26.9119962],[75.7882108,26.911997],[75.7882124,26.9119969],[75.7882124,26.9119984],[75.7882132,26.9119984],[75.7882133,26.9120013],[75.7882125,26.9120013],[75.7882125,26.9120027],[75.7882117,26.9120027],[75.7882117,26.9120035],[75.7882109,26.9120035],[75.7882109,26.9120042],[75.7882085,26.9120042],[75.7882085,26.9120049],[75.788206,26.9120049],[75.7882061,26.9120085],[75.7882069,26.9120085],[75.7882069,26.9120136],[75.7882077,26.9120136],[75.7882077,26.9120143],[75.7882085,26.9120143],[75.7882085,26.912015],[75.7882093,26.912015],[75.7882093,26.9120157],[75.7882101,26.9120157],[75.7882101,26.9120165],[75.7882118,26.9120165],[75.7882118,26.9120172],[75.7882126,26.9120172],[75.7882126,26.9120179],[75.7882142,26.9120179],[75.7882142,26.9120186],[75.788215,26.9120186],[75.788215,26.9120193],[75.7882158,26.9120193],[75.7882158,26.9120208],[75.7882166,26.9120208],[75.7882166,26.9120215],[75.7882174,26.9120215],[75.7882174,26.9120229],[75.7882182,26.9120229],[75.7882183,26.9120236],[75.7882191,26.9120236],[75.7882191,26.9120244],[75.7882199,26.9120244],[75.7882199,26.9120258],[75.7882231,26.9120258],[75.7882231,26.9120251],[75.7882239,26.9120251],[75.7882239,26.9120229],[75.7882247,26.9120229],[75.7882247,26.9120222],[75.7882255,26.9120222],[75.7882255,26.9120207],[75.7882263,26.9120207],[75.7882263,26.9120193],[75.7882271,26.9120193],[75.7882271,26.9120178],[75.7882279,26.9120178],[75.7882279,26.9120164],[75.7882287,26.9120164],[75.7882287,26.9120149],[75.7882295,26.9120149],[75.7882295,26.9120135],[75.7882303,26.9120135],[75.7882303,26.9120127],[75.7882311,26.9120127],[75.7882311,26.9120113],[75.7882319,26.9120113],[75.7882319,26.9120098],[75.7882327,26.9120098],[75.7882327,26.9120084],[75.7882335,26.9120084],[75.7882334,26.9120069],[75.7882343,26.9120069],[75.7882342,26.9120062],[75.7882351,26.9120062],[75.788235,26.9120055],[75.7882359,26.9120055],[75.7882358,26.912004],[75.7882366,26.912004],[75.7882366,26.9120033],[75.7882374,26.9120033],[75.7882374,26.9120019],[75.7882382,26.9120019],[75.7882382,26.9120011],[75.788239,26.9120011],[75.788239,26.9119997],[75.7882398,26.9119997],[75.7882398,26.911999],[75.7882406,26.911999],[75.7882406,26.9119975],[75.7882398,26.9119975],[75.7882398,26.9119961],[75.7882406,26.9119961],[75.7882406,26.9119932],[75.7882414,26.9119932],[75.7882414,26.9119925],[75.7882422,26.9119924],[75.7882422,26.9119917],[75.7882438,26.9119917],[75.7882438,26.911991],[75.7882446,26.911991],[75.7882446,26.9119903],[75.7882454,26.9119903],[75.7882454,26.9119895],[75.7882462,26.9119895],[75.7882462,26.9119888],[75.788247,26.9119888],[75.788247,26.9119881],[75.7882478,26.9119881],[75.7882478,26.9119874],[75.7882486,26.9119874],[75.7882486,26.9119866],[75.7882494,26.9119866],[75.7882494,26.9119852],[75.7882502,26.9119852],[75.7882502,26.9119845],[75.7882526,26.9119844],[75.7882526,26.9119837],[75.7882534,26.9119837],[75.7882534,26.911983],[75.788255,26.911983],[75.788255,26.9119823],[75.7882558,26.9119823],[75.7882558,26.9119815],[75.7882566,26.9119815],[75.7882566,26.9119808],[75.7882574,26.9119808],[75.7882574,26.911975],[75.7882566,26.911975],[75.7882566,26.9119743],[75.7882558,26.9119743],[75.7882558,26.9119736],[75.788255,26.9119736],[75.788255,26.9119729],[75.7882542,26.9119729],[75.7882541,26.9119714],[75.7882533,26.9119714],[75.7882533,26.9119707],[75.7882517,26.9119707],[75.7882517,26.9119693],[75.7882509,26.9119693],[75.7882509,26.9119686],[75.7882501,26.9119686],[75.7882501,26.9119678],[75.7882493,26.9119679],[75.7882493,26.9119671],[75.7882485,26.9119671],[75.7882485,26.9119664],[75.7882477,26.9119664],[75.7882477,26.911965],[75.7882469,26.911965],[75.7882468,26.9119643],[75.788246,26.9119643],[75.788246,26.9119635],[75.7882452,26.9119635],[75.7882452,26.9119628],[75.7882436,26.9119628],[75.7882436,26.9119621],[75.7882428,26.9119621],[75.7882428,26.9119607],[75.788242,26.9119607],[75.788242,26.9119599],[75.7882412,26.91196],[75.7882412,26.9119592],[75.7882404,26.9119592],[75.7882404,26.9119578],[75.7882395,26.9119578],[75.7882395,26.9119571],[75.7882347,26.9119571],[75.7882347,26.9119578],[75.7882331,26.9119578],[75.7882331,26.9119586],[75.7882323,26.9119586],[75.7882323,26.9119593],[75.7882315,26.9119593],[75.7882315,26.91196],[75.7882307,26.91196],[75.7882307,26.9119607],[75.7882299,26.9119607],[75.7882299,26.9119615],[75.7882291,26.9119615],[75.7882291,26.9119622],[75.7882283,26.9119622],[75.7882283,26.9119629],[75.7882275,26.9119629],[75.7882275,26.9119636],[75.7882267,26.9119636],[75.7882267,26.9119644],[75.7882259,26.9119644],[75.7882259,26.9119651],[75.7882243,26.9119651],[75.7882243,26.9119658],[75.7882235,26.9119658],[75.7882235,26.9119665],[75.7882227,26.9119666],[75.7882227,26.9119673],[75.7882219,26.9119673],[75.7882219,26.911968],[75.7882211,26.911968],[75.7882211,26.9119687],[75.7882203,26.9119687],[75.7882203,26.9119702],[75.7882187,26.9119702],[75.7882187,26.9119709],[75.7882179,26.9119709],[75.7882179,26.9119716],[75.7882171,26.9119716],[75.7882171,26.9119724],[75.7882163,26.9119724],[75.7882163,26.9119738],[75.7882155,26.9119738],[75.7882155,26.9119745],[75.7882147,26.9119745],[75.7882147,26.9119753],[75.7882139,26.9119753],[75.7882139,26.911976],[75.7882131,26.911976],[75.7882131,26.9119767],[75.7882123,26.9119767],[75.7882123,26.9119774],[75.7882115,26.9119775],[75.7882115,26.9119782],[75.7882107,26.9119782],[75.7882107,26.9119789],[75.7882099,26.9119789],[75.7882099,26.9119796],[75.7882091,26.9119796],[75.7882091,26.9119811],[75.7882107,26.9119811],[75.7882107,26.9119803],[75.7882123,26.9119803],[75.7882123,26.9119839],[75.7882115,26.911984],[75.7882115,26.9119847],[75.7882107,26.9119847],[75.7882107,26.9119854],[75.7882115,26.9119854],[75.7882116,26.9119876],[75.7882108,26.9119876],[75.7882108,26.9119883],[75.7882091,26.9119883],[75.7882092,26.9119912],[75.7882068,26.9119912],[75.7882067,26.9119905],[75.7882059,26.9119905],[75.7882059,26.9119898],[75.7882051,26.9119898],[75.7882051,26.911989],[75.7882043,26.911989],[75.7882043,26.9119854],[75.7882035,26.9119854],[75.7882035,26.9119869]],[[75.7882108,26.9119912],[75.7882108,26.9119919],[75.7882116,26.9119919],[75.7882116,26.9119926],[75.7882124,26.9119926],[75.7882124,26.9119933],[75.7882116,26.9119933],[75.7882116,26.9119941],[75.7882108,26.9119941],[75.7882108,26.9119933],[75.7882092,26.9119934],[75.7882092,26.9119912],[75.7882108,26.9119912]]]}},{"type":"Feature","properties":{"building_id":"B-0142","vertices":218},"geometry":{"type":"Polygon","coordinates":[[[75.7874399,26.9114336],[75.7874399,26.9114328],[75.7874415,26.9114328],[75.7874415,26.9114321],[75.7874423,26.9114321],[75.7874423,26.9114314],[75.7874431,26.9114314],[75.7874431,26.9114307],[75.7874439,26.9114307],[75.7874439,26.9114292],[75.7874447,26.9114292],[75.7874447,26.911427],[75.7874455,26.911427],[75.7874455,26.9114256],[75.7874463,26.9114256],[75.7874463,26.9114249],[75.7874471,26.9114249],[75.7874471,26.9114234],[75.7874479,26.9114234],[75.7874479,26.9114227],[75.7874495,26.9114227],[75.7874495,26.9114212],[75.7874503,26.9114212],[75.7874503,26.9114205],[75.7874511,26.9114205],[75.7874511,26.9114191],[75.7874519,26.9114191],[75.7874519,26.9114176],[75.7874527,26.9114176],[75.7874527,26.9114154],[75.7874535,26.9114154],[75.7874535,26.9114147],[75.7874543,26.9114147],[75.7874543,26.9114133],[75.7874551,26.9114133],[75.7874551,26.9114104],[75.7874559,26.9114104],[75.7874558,26.9113945],[75.787455,26.9113945],[75.7874549,26.911393],[75.7874541,26.911393],[75.7874541,26.9113916],[75.7874533,26.9113916],[75.7874533,26.9113909],[75.7874525,26.9113909],[75.7874525,26.9113902],[75.7874517,26.9113902],[75.7874517,26.9113894],[75.7874509,26.9113894],[75.7874509,26.9113887],[75.7874501,26.9113887],[75.7874501,26.911388],[75.7874493,26.911388],[75.7874493,26.9113873],[75.7874485,26.9113873],[75.7874485,26.9113866],[75.7874468,26.9113866],[75.7874468,26.9113859],[75.787446,26.9113859],[75.787446,26.9113851],[75.7874452,26.9113851],[75.7874452,26.9113837],[75.7874444,26.9113837],[75.7874444,26.911383],[75.7874436,26.911383],[75.7874436,26.9113823],[75.7874428,26.9113823],[75.7874428,26.9113808],[75.787442,26.9113808],[75.787442,26.9113794],[75.7874412,26.9113794],[75.7874412,26.9113787],[75.7874403,26.9113787],[75.7874403,26.9113779],[75.7874395,26.911378],[75.7874395,26.9113772],[75.7874315,26.9113773],[75.7874315,26.911378],[75.7874275,26.911378],[75.7874275,26.9113787],[75.787425,26.9113788],[75.787425,26.9113795],[75.7874234,26.9113795],[75.7874234,26.9113802],[75.7874226,26.9113802],[75.7874226,26.9113809],[75.7874218,26.9113809],[75.7874218,26.9113817],[75.787421,26.9113817],[75.787421,26.9113831],[75.7874202,26.9113831],[75.7874202,26.9113838],[75.7874194,26.9113838],[75.7874194,26.9113846],[75.7874186,26.9113846],[75.7874186,26.9113853],[75.7874178,26.9113853],[75.7874178,26.911386],[75.787417,26.911386],[75.787417,26.9113867],[75.7874162,26.9113867],[75.7874162,26.9113882],[75.7874154,26.9113882],[75.7874154,26.9113889],[75.7874146,26.9113889],[75.7874146,26.9113896],[75.7874138,26.9113897],[75.7874138,26.9113904],[75.787413,26.9113904],[75.787413,26.9113911],[75.7874122,26.9113911],[75.7874122,26.9113918],[75.7874114,26.9113918],[75.7874114,26.9113926],[75.7874106,26.9113926],[75.7874106,26.9113933],[75.7874098,26.9113933],[75.7874098,26.9113947],[75.787409,26.9113947],[75.787409,26.9113955],[75.7874082,26.9113955],[75.7874082,26.9113962],[75.7874074,26.9113962],[75.7874074,26.9113969],[75.7874066,26.9113969],[75.7874066,26.9113984],[75.7874058,26.9113984],[75.7874058,26.9113991],[75.787405,26.9113991],[75.787405,26.9113998],[75.7874042,26.9113998],[75.7874042,26.9114005],[75.7874034,26.9114005],[75.7874034,26.9114013],[75.7874018,26.9114013],[75.7874018,26.911402],[75.787401,26.911402],[75.787401,26.9114027],[75.7874002,26.9114027],[75.7874003,26.9114056],[75.7874011,26.9114056],[75.7874011,26.9114063],[75.7874019,26.9114063],[75.7874019,26.9114071],[75.7874035,26.911407],[75.7874035,26.9114078],[75.7874043,26.9114078],[75.7874043,26.9114085],[75.7874059,26.9114085],[75.7874059,26.9114092],[75.7874067,26.9114092],[75.7874067,26.9114099],[75.7874075,26.9114099],[75.7874075,26.9114106],[75.7874083,26.9114106],[75.7874083,26.9114113],[75.7874092,26.9114113],[75.7874092,26.9114121],[75.78741,26.9114121],[75.78741,26.9114128],[75.7874108,26.9114128],[75.7874108,26.9114135],[75.7874124,26.9114135],[75.7874124,26.9114142],[75.7874132,26.9114142],[75.7874132,26.9114149],[75.787414,26.9114149],[75.787414,26.9114157],[75.7874148,26.9114156],[75.7874148,26.9114164],[75.7874156,26.9114164],[75.7874156,26.9114171],[75.7874164,26.9114171],[75.7874165,26.9114178],[75.7874173,26.9114178],[75.7874173,26.9114185],[75.7874189,26.9114185],[75.7874189,26.9114192],[75.7874197,26.9114192],[75.7874197,26.91142],[75.7874205,26.9114199],[75.7874205,26.9114207],[75.7874213,26.9114207],[75.7874213,26.9114214],[75.7874221,26.9114214],[75.7874221,26.9114221],[75.7874229,26.9114221],[75.7874229,26.9114228],[75.7874237,26.9114228],[75.7874237,26.9114235],[75.7874245,26.9114235],[75.7874246,26.9114243],[75.7874254,26.9114243],[75.7874254,26.911425],[75.7874262,26.911425],[75.7874262,26.9114257],[75.787427,26.9114257],[75.787427,26.9114264],[75.7874286,26.9114264],[75.7874286,26.9114271],[75.7874294,26.9114271],[75.7874294,26.9114278],[75.7874302,26.9114278],[75.7874302,26.9114286],[75.7874318,26.9114286],[75.7874318,26.9114293],[75.7874326,26.9114293],[75.7874326,26.91143],[75.7874335,26.91143],[75.7874335,26.9114307],[75.7874343,26.9114307],[75.7874343,26.9114314],[75.7874359,26.9114314],[75.7874359,26.9114321],[75.7874375,26.9114321],[75.7874375,26.9114329],[75.7874391,26.9114328],[75.7874391,26.9114336],[75.7874399,26.9114336]]]}},{"type":"Feature","properties":{"building_id":"B-0013","vertices":296},"geometry":{"type":"Polygon","coordinates":[[[75.7874511,26.9123407],[75.787451,26.9123399],[75.7874527,26.9123399],[75.7874527,26.9123392],[75.7874535,26.9123392],[75.7874535,26.9123385],[75.7874551,26.9123385],[75.7874551,26.9123377],[75.7874559,26.9123377],[75.7874559,26.912337],[75.7874567,26.912337],[75.7874567,26.9123356],[75.7874575,26.9123356],[75.7874575,26.9123341],[75.7874583,26.9123341],[75.7874582,26.9123327],[75.7874591,26.9123327],[75.787459,26.9123312],[75.7874598,26.9123312],[75.7874598,26.9123298],[75.7874606,26.9123298],[75.7874606,26.9123276],[75.7874614,26.9123276],[75.7874614,26.9123269],[75.7874622,26.9123269],[75.7874622,26.9123254],[75.787463,26.9123254],[75.787463,26.912324],[75.7874638,26.912324],[75.7874638,26.9123232],[75.7874646,26.9123232],[75.7874646,26.9123225],[75.7874662,26.9123225],[75.7874662,26.9123218],[75.787467,26.9123218],[75.787467,26.9123146],[75.7874662,26.9123146],[75.7874662,26.9123138],[75.7874654,26.9123139],[75.7874654,26.9123131],[75.7874646,26.9123131],[75.7874646,26.9123124],[75.7874637,26.9123124],[75.7874637,26.9123117],[75.7874629,26.9123117],[75.7874629,26.912311],[75.7874621,26.912311],[75.7874621,26.9123103],[75.7874613,26.9123103],[75.7874613,26.9123095],[75.7874605,26.9123095],[75.7874605,26.9123088],[75.7874597,26.9123088],[75.7874597,26.9123081],[75.7874589,26.9123081],[75.7874589,26.9123074],[75.7874581,26.9123074],[75.7874581,26.9123067],[75.7874573,26.9123067],[75.7874573,26.912306],[75.7874556,26.912306],[75.7874556,26.9123052],[75.787454,26.9123052],[75.787454,26.9123045],[75.7874452,26.9123046],[75.7874452,26.9123053],[75.7874419,26.9123053],[75.7874419,26.9123046],[75.7874411,26.9123046],[75.7874411,26.9123039],[75.7874403,26.9123039],[75.7874403,26.9123032],[75.7874395,26.9123032],[75.7874395,26.9123024],[75.7874387,26.9123024],[75.7874387,26.9123017],[75.7874379,26.9123017],[75.7874379,26.912301],[75.7874363,26.912301],[75.7874363,26.9123003],[75.7874355,26.9123003],[75.7874355,26.9122996],[75.7874347,26.9122996],[75.7874346,26.9122989],[75.7874338,26.9122989],[75.7874338,26.9122981],[75.7874322,26.9122981],[75.7874322,26.9122974],[75.7874314,26.9122974],[75.7874314,26.9122967],[75.7874306,26.9122967],[75.7874306,26.912296],[75.7874282,26.912296],[75.7874282,26.9122953],[75.7874258,26.9122953],[75.7874258,26.9122946],[75.7874241,26.9122946],[75.7874241,26.9122939],[75.7874233,26.9122939],[75.7874233,26.9122931],[75.7874225,26.9122931],[75.7874225,26.9122924],[75.7874217,26.9122924],[75.7874217,26.9122917],[75.7874209,26.9122917],[75.7874209,26.9122903],[75.7874201,26.9122903],[75.7874201,26.9122895],[75.7874193,26.9122896],[75.7874193,26.9122881],[75.7874185,26.9122881],[75.7874184,26.9122859],[75.7874176,26.9122859],[75.7874176,26.9122845],[75.7874168,26.9122845],[75.7874168,26.9122816],[75.787416,26.9122816],[75.787416,26.9122802],[75.7874152,26.9122802],[75.7874152,26.9122795],[75.7874144,26.9122795],[75.7874144,26.9122787],[75.7874136,26.9122787],[75.7874136,26.912278],[75.7874128,26.912278],[75.7874127,26.9122773],[75.7874119,26.9122773],[75.7874119,26.9122759],[75.7874111,26.9122759],[75.7874111,26.9122752],[75.7874103,26.9122752],[75.7874103,26.9122744],[75.7874095,26.9122744],[75.7874095,26.9122737],[75.7874079,26.9122737],[75.7874079,26.912273],[75.7874063,26.912273],[75.7874063,26.9122723],[75.7874038,26.9122723],[75.7874038,26.9122716],[75.787403,26.9122716],[75.787403,26.9122709],[75.7873942,26.9122709],[75.7873942,26.9122716],[75.7873926,26.9122716],[75.7873926,26.9122724],[75.787391,26.9122724],[75.787391,26.9122731],[75.7873902,26.9122731],[75.7873902,26.9122738],[75.7873886,26.9122738],[75.7873886,26.9122746],[75.7873869,26.9122746],[75.787387,26.9122753],[75.7873861,26.9122753],[75.7873862,26.912276],[75.7873853,26.912276],[75.7873854,26.9122775],[75.7873845,26.9122775],[75.7873846,26.9122782],[75.7873837,26.9122782],[75.7873838,26.9122789],[75.7873829,26.9122789],[75.787383,26.9122804],[75.7873838,26.9122804],[75.7873838,26.9122811],[75.7873846,26.9122811],[75.7873846,26.9122818],[75.7873854,26.9122818],[75.7873854,26.9122825],[75.7873862,26.9122825],[75.7873862,26.9122832],[75.787387,26.9122832],[75.787387,26.912284],[75.7873878,26.9122839],[75.7873878,26.9122847],[75.7873886,26.9122847],[75.7873886,26.9122854],[75.7873894,26.9122854],[75.7873894,26.9122861],[75.7873902,26.9122861],[75.7873903,26.9122868],[75.7873911,26.9122868],[75.7873911,26.9122875],[75.7873927,26.9122875],[75.7873927,26.9122883],[75.7873935,26.9122883],[75.7873935,26.912289],[75.7873943,26.912289],[75.7873943,26.9122897],[75.7873959,26.9122897],[75.7873959,26.9122904],[75.7873967,26.9122904],[75.7873967,26.9122911],[75.7873975,26.9122911],[75.7873975,26.9122918],[75.7873983,26.9122918],[75.7873984,26.9122926],[75.7873992,26.9122926],[75.7873992,26.9122933],[75.7874,26.9122933],[75.7874,26.912294],[75.7874008,26.912294],[75.7874008,26.9122947],[75.7874016,26.9122947],[75.7874016,26.9122954],[75.7874024,26.9122954],[75.7874024,26.9122961],[75.7874032,26.9122961],[75.7874032,26.9122969],[75.787404,26.9122969],[75.787404,26.9122976],[75.7874048,26.9122976],[75.7874048,26.9122983],[75.7874056,26.9122983],[75.7874056,26.912299],[75.7874065,26.912299],[75.7874065,26.9122997],[75.7874073,26.9122997],[75.7874073,26.9123005],[75.7874081,26.9123004],[75.7874081,26.9123012],[75.7874089,26.9123012],[75.7874089,26.9123019],[75.7874097,26.9123019],[75.7874097,26.9123026],[75.7874105,26.9123026],[75.7874105,26.9123033],[75.7874113,26.9123033],[75.7874113,26.912304],[75.7874129,26.912304],[75.7874129,26.9123048],[75.7874137,26.9123048],[75.7874137,26.9123055],[75.7874162,26.9123055],[75.7874162,26.9123062],[75.7874186,26.9123062],[75.7874186,26.9123069],[75.7874202,26.9123069],[75.7874202,26.9123076],[75.7874218,26.9123076],[75.7874218,26.9123083],[75.7874234,26.9123083],[75.7874234,26.912309],[75.7874242,26.912309],[75.7874243,26.9123097],[75.7874259,26.9123097],[75.7874259,26.9123112],[75.7874267,26.9123112],[75.7874267,26.9123126],[75.7874275,26.9123126],[75.7874275,26.9123133],[75.7874283,26.9123133],[75.7874283,26.9123141],[75.7874291,26.9123141],[75.7874291,26.9123148],[75.7874299,26.9123148],[75.7874299,26.9123162],[75.7874307,26.9123162],[75.7874308,26.9123184],[75.7874316,26.9123184],[75.7874316,26.9123227],[75.7874308,26.9123227],[75.7874308,26.9123249],[75.7874316,26.9123249],[75.7874316,26.9123263],[75.7874332,26.9123263],[75.7874332,26.912327],[75.787434,26.912327],[75.787434,26.9123277],[75.7874348,26.9123277],[75.7874349,26.9123292],[75.7874357,26.9123292],[75.7874357,26.9123306],[75.7874365,26.9123306],[75.7874365,26.9123313],[75.7874373,26.9123313],[75.7874373,26.9123328],[75.7874381,26.9123328],[75.7874381,26.9123335],[75.7874389,26.9123335],[75.7874389,26.9123349],[75.7874397,26.9123349],[75.7874397,26.9123357],[75.7874405,26.9123357],[75.7874406,26.9123371],[75.7874414,26.9123371],[75.7874414,26.9123378],[75.7874438,26.9123378],[75.7874438,26.9123385],[75.7874454,26.9123385],[75.7874454,26.9123392],[75.7874462,26.9123392],[75.7874462,26.91234],[75.7874478,26.91234],[75.7874478,26.9123407],[75.7874511,26.9123407]]]}},{"type":"Feature","properties":{"building_id":"B-0119","vertices":200},"geometry":{"type":"Polygon","coordinates":[[[75.7874563,26.9115866],[75.7874563,26.9115859],[75.7874571,26.9115859],[75.7874571,26.9115851],[75.7874579,26.9115851],[75.7874579,26.9115822],[75.7874587,26.9115822],[75.7874587,26.9115801],[75.7874595,26.9115801],[75.7874595,26.9115779],[75.7874603,26.9115779],[75.7874602,26.9115757],[75.7874611,26.9115757],[75.787461,26.9115743],[75.7874618,26.9115743],[75.7874618,26.9115721],[75.7874626,26.9115721],[75.7874626,26.9115656],[75.7874634,26.9115656],[75.7874634,26.9115642],[75.7874642,26.9115642],[75.7874642,26.9115634],[75.787465,26.9115634],[75.787465,26.9115627],[75.7874658,26.9115627],[75.7874658,26.9115591],[75.7874666,26.9115591],[75.7874666,26.9115569],[75.7874674,26.9115569],[75.7874674,26.9115555],[75.7874682,26.9115555],[75.7874681,26.9115533],[75.787469,26.9115533],[75.7874689,26.9115526],[75.7874698,26.9115526],[75.7874697,26.9115511],[75.7874705,26.9115511],[75.7874705,26.9115497],[75.7874713,26.9115497],[75.7874713,26.9115482],[75.7874721,26.9115482],[75.7874721,26.9115468],[75.7874729,26.9115468],[75.7874729,26.9115446],[75.7874737,26.9115446],[75.7874737,26.9115417],[75.7874745,26.9115417],[75.7874745,26.9115403],[75.7874753,26.9115403],[75.7874753,26.9115345],[75.7874745,26.9115345],[75.7874745,26.9115338],[75.7874737,26.9115338],[75.7874736,26.911533],[75.7874656,26.9115331],[75.7874656,26.9115338],[75.7874672,26.9115338],[75.7874672,26.9115345],[75.787468,26.9115345],[75.787468,26.9115352],[75.787464,26.9115353],[75.787464,26.911536],[75.7874624,26.911536],[75.7874624,26.9115367],[75.7874608,26.9115367],[75.7874608,26.9115382],[75.78746,26.9115382],[75.78746,26.9115396],[75.7874592,26.9115396],[75.7874592,26.911544],[75.7874584,26.911544],[75.7874584,26.9115447],[75.7874576,26.9115447],[75.7874576,26.9115454],[75.7874568,26.9115454],[75.7874568,26.9115461],[75.787456,26.9115461],[75.787456,26.9115469],[75.7874512,26.9115469],[75.7874512,26.9115462],[75.7874496,26.9115462],[75.7874496,26.9115455],[75.7874471,26.9115455],[75.7874471,26.9115448],[75.7874455,26.9115448],[75.7874455,26.911544],[75.7874439,26.911544],[75.7874439,26.9115433],[75.7874423,26.9115433],[75.7874423,26.9115426],[75.7874407,26.9115426],[75.7874407,26.9115419],[75.7874391,26.9115419],[75.7874391,26.9115412],[75.7874374,26.9115412],[75.7874374,26.9115405],[75.7874358,26.9115405],[75.7874358,26.9115398],[75.7874342,26.9115398],[75.7874342,26.911539],[75.7874326,26.9115391],[75.7874326,26.9115383],[75.787427,26.9115384],[75.787427,26.9115391],[75.7874262,26.9115391],[75.7874262,26.9115398],[75.7874254,26.9115398],[75.7874254,26.9115405],[75.7874246,26.9115405],[75.7874246,26.9115413],[75.7874238,26.9115413],[75.7874238,26.9115427],[75.787423,26.9115427],[75.787423,26.9115442],[75.7874222,26.9115442],[75.7874222,26.9115449],[75.7874214,26.9115449],[75.7874214,26.9115463],[75.7874206,26.9115463],[75.7874206,26.9115478],[75.7874198,26.9115478],[75.7874198,26.9115485],[75.787419,26.9115485],[75.787419,26.91155],[75.7874182,26.91155],[75.7874182,26.9115507],[75.7874174,26.9115507],[75.7874174,26.9115514],[75.7874166,26.9115514],[75.7874166,26.9115529],[75.7874158,26.9115529],[75.7874158,26.9115543],[75.787415,26.9115543],[75.787415,26.9115558],[75.7874142,26.9115558],[75.7874142,26.9115565],[75.7874134,26.9115565],[75.7874134,26.9115579],[75.7874126,26.9115579],[75.7874126,26.9115594],[75.7874118,26.9115594],[75.7874118,26.9115644],[75.7874126,26.9115644],[75.7874126,26.9115652],[75.7874134,26.9115652],[75.7874134,26.9115659],[75.7874143,26.9115659],[75.7874143,26.9115666],[75.7874159,26.9115666],[75.7874159,26.9115673],[75.7874175,26.9115673],[75.7874175,26.911568],[75.7874191,26.911568],[75.7874191,26.9115687],[75.7874207,26.9115687],[75.7874207,26.9115695],[75.7874215,26.9115695],[75.7874215,26.9115702],[75.7874231,26.9115702],[75.7874232,26.9115716],[75.787424,26.9115716],[75.787424,26.911573],[75.7874248,26.911573],[75.7874248,26.9115738],[75.7874256,26.9115738],[75.7874256,26.9115745],[75.7874264,26.9115745],[75.7874264,26.9115752],[75.787428,26.9115752],[75.787428,26.9115759],[75.7874296,26.9115759],[75.7874296,26.9115766],[75.7874321,26.9115766],[75.7874321,26.9115773],[75.7874345,26.9115773],[75.7874345,26.911578],[75.7874361,26.911578],[75.7874361,26.9115788],[75.7874377,26.9115787],[75.7874377,26.9115795],[75.7874393,26.9115795],[75.7874393,26.9115802],[75.7874401,26.9115802],[75.7874401,26.9115809],[75.7874409,26.9115809],[75.787441,26.9115816],[75.7874426,26.9115816],[75.7874426,26.9115823],[75.7874442,26.9115823],[75.7874442,26.911583],[75.7874466,26.911583],[75.7874466,26.9115838],[75.7874482,26.9115837],[75.7874482,26.9115845],[75.7874498,26.9115845],[75.7874498,26.9115852],[75.7874514,26.9115852],[75.7874515,26.9115859],[75.7874547,26.9115859],[75.7874547,26.9115866],[75.7874563,26.9115866]]]}},{"type":"Feature","properties":{"building_id":"B-0034","vertices":264},"geometry":{"type":"Polygon","coordinates":[[[75.7878301,26.9121609],[75.7878301,26.9121601],[75.7878333,26.9121601],[75.7878333,26.9121608],[75.7878373,26.9121608],[75.7878373,26.9121601],[75.7878381,26.9121601],[75.7878381,26.9121587],[75.7878389,26.9121586],[75.7878389,26.9121572],[75.7878397,26.9121572],[75.7878397,26.912155],[75.7878405,26.912155],[75.7878405,26.91215],[75.7878397,26.91215],[75.7878397,26.9121493],[75.7878381,26.9121493],[75.787838,26.9121485],[75.7878372,26.9121485],[75.7878372,26.9121471],[75.7878364,26.9121471],[75.7878364,26.9121464],[75.7878356,26.9121464],[75.7878356,26.9121457],[75.7878332,26.9121457],[75.7878332,26.9121442],[75.7878324,26.9121442],[75.7878324,26.9121435],[75.7878316,26.9121435],[75.7878316,26.9121428],[75.7878299,26.9121428],[75.7878299,26.9121421],[75.7878283,26.9121421],[75.7878283,26.9121414],[75.7878267,26.9121414],[75.7878267,26.9121407],[75.7878235,26.9121407],[75.7878235,26.91214],[75.7878219,26.91214],[75.7878219,26.9121392],[75.7878203,26.9121393],[75.7878203,26.9121385],[75.7878194,26.9121385],[75.7878194,26.9121378],[75.7878186,26.9121378],[75.7878186,26.9121371],[75.7878178,26.9121371],[75.7878178,26.9121364],[75.787817,26.9121364],[75.787817,26.9121357],[75.7878162,26.9121357],[75.7878162,26.9121349],[75.7878146,26.912135],[75.7878146,26.9121342],[75.787813,26.9121342],[75.787813,26.9121335],[75.7878114,26.9121335],[75.7878114,26.9121328],[75.7878089,26.9121328],[75.7878089,26.9121321],[75.7878057,26.9121321],[75.7878057,26.9121314],[75.7878033,26.9121314],[75.7878033,26.9121307],[75.7878017,26.9121307],[75.7878017,26.91213],[75.7878009,26.91213],[75.7878009,26.9121292],[75.7878,26.9121293],[75.7878,26.9121285],[75.7877992,26.9121285],[75.7877992,26.9121278],[75.7877984,26.9121278],[75.7877984,26.9121271],[75.7877976,26.9121271],[75.7877976,26.9121264],[75.7877968,26.9121264],[75.7877968,26.9121249],[75.787796,26.9121249],[75.787796,26.9121221],[75.7877968,26.912122],[75.7877968,26.9121206],[75.7877976,26.9121206],[75.7877976,26.9121192],[75.7877959,26.9121192],[75.7877959,26.9121184],[75.7877951,26.9121184],[75.7877951,26.9121177],[75.7877959,26.9121177],[75.7877959,26.9121134],[75.7877911,26.9121134],[75.7877911,26.9121141],[75.7877887,26.9121141],[75.7877887,26.9121134],[75.7877879,26.9121134],[75.7877878,26.9121113],[75.787787,26.9121113],[75.787787,26.9121062],[75.7877846,26.9121062],[75.7877846,26.912107],[75.7877838,26.912107],[75.7877838,26.9121062],[75.7877822,26.9121062],[75.7877822,26.9121055],[75.7877797,26.9121055],[75.7877797,26.9121048],[75.7877789,26.9121048],[75.7877789,26.9121041],[75.7877773,26.9121041],[75.7877773,26.9121034],[75.7877741,26.9121034],[75.7877741,26.9121027],[75.787758,26.9121028],[75.787758,26.9121035],[75.7877564,26.9121035],[75.7877564,26.9121042],[75.7877556,26.9121042],[75.7877556,26.9121049],[75.7877548,26.9121049],[75.7877548,26.9121057],[75.7877532,26.9121057],[75.7877532,26.9121064],[75.7877515,26.9121064],[75.7877515,26.9121057],[75.7877507,26.9121057],[75.7877507,26.912105],[75.7877483,26.912105],[75.7877483,26.9121057],[75.7877443,26.9121057],[75.7877443,26.9121065],[75.7877435,26.9121065],[75.7877435,26.9121072],[75.7877427,26.9121072],[75.7877427,26.9121079],[75.7877419,26.9121079],[75.7877419,26.912113],[75.7877427,26.912113],[75.7877427,26.9121137],[75.7877443,26.9121137],[75.7877444,26.9121144],[75.787746,26.9121144],[75.787746,26.9121151],[75.7877468,26.9121151],[75.7877468,26.9121158],[75.7877484,26.9121158],[75.7877484,26.9121165],[75.78775,26.9121165],[75.78775,26.9121173],[75.7877508,26.9121173],[75.7877508,26.912118],[75.7877524,26.912118],[75.7877524,26.9121187],[75.7877532,26.9121187],[75.7877532,26.9121194],[75.7877549,26.9121194],[75.7877549,26.9121201],[75.7877557,26.9121201],[75.7877557,26.9121208],[75.7877565,26.9121208],[75.7877565,26.9121216],[75.7877573,26.9121215],[75.7877573,26.9121223],[75.7877589,26.9121223],[75.7877589,26.912123],[75.7877597,26.912123],[75.7877597,26.9121237],[75.7877613,26.9121237],[75.7877613,26.9121244],[75.787763,26.9121244],[75.787763,26.9121251],[75.7877646,26.9121251],[75.7877646,26.9121258],[75.7877662,26.9121258],[75.7877662,26.9121266],[75.7877678,26.9121265],[75.7877678,26.9121273],[75.7877694,26.9121273],[75.7877694,26.912128],[75.787771,26.912128],[75.787771,26.9121287],[75.7877735,26.9121287],[75.7877735,26.9121294],[75.7877799,26.9121294],[75.7877799,26.9121301],[75.7877823,26.9121301],[75.7877823,26.9121308],[75.7877831,26.9121308],[75.7877831,26.9121315],[75.7877839,26.9121315],[75.787784,26.9121322],[75.7877856,26.9121322],[75.7877856,26.9121329],[75.7877864,26.9121329],[75.7877864,26.9121337],[75.7877872,26.9121337],[75.7877872,26.9121344],[75.787788,26.9121344],[75.787788,26.9121351],[75.7877888,26.9121351],[75.7877888,26.9121358],[75.7877896,26.9121358],[75.7877896,26.9121365],[75.7877904,26.9121365],[75.7877904,26.9121373],[75.7877912,26.9121372],[75.7877912,26.9121387],[75.7877921,26.9121387],[75.7877921,26.9121401],[75.7877929,26.9121401],[75.7877929,26.9121416],[75.7877937,26.9121416],[75.7877937,26.9121423],[75.7877953,26.9121423],[75.7877953,26.912143],[75.7877961,26.912143],[75.7877961,26.9121437],[75.7877969,26.9121437],[75.7877969,26.9121444],[75.7877985,26.9121444],[75.7877985,26.9121452],[75.7877994,26.9121451],[75.7877994,26.9121459],[75.7878002,26.9121459],[75.7878002,26.9121466],[75.787801,26.9121466],[75.787801,26.9121473],[75.7878018,26.9121473],[75.7878018,26.912148],[75.7878034,26.912148],[75.7878034,26.9121487],[75.7878042,26.9121487],[75.7878042,26.9121495],[75.7878058,26.9121494],[75.7878058,26.9121502],[75.7878066,26.9121502],[75.7878066,26.9121509],[75.7878083,26.9121509],[75.7878083,26.9121516],[75.7878099,26.9121516],[75.7878099,26.9121523],[75.7878107,26.9121523],[75.7878107,26.912153],[75.7878115,26.912153],[75.7878115,26.9121537],[75.7878131,26.9121537],[75.7878131,26.9121545],[75.7878139,26.9121545],[75.7878139,26.9121552],[75.7878155,26.9121552],[75.7878155,26.9121559],[75.7878171,26.9121559],[75.7878172,26.9121566],[75.787818,26.9121566],[75.787818,26.9121573],[75.7878196,26.9121573],[75.7878196,26.912158],[75.7878204,26.912158],[75.7878204,26.9121588],[75.7878212,26.9121587],[75.7878212,26.9121595],[75.7878228,26.9121595],[75.7878228,26.9121602],[75.7878244,26.9121602],[75.7878244,26.9121609],[75.7878301,26.9121609]]]}},{"type":"Feature","properties":{"building_id":"B-0033","vertices":242},"geometry":{"type":"Polygon","coordinates":[[[75.7879655,26.912176],[75.7879655,26.9121753],[75.7879663,26.9121753],[75.7879663,26.9121746],[75.7879679,26.9121745],[75.7879679,26.9121738],[75.7879687,26.9121738],[75.7879687,26.9121731],[75.7879695,26.9121731],[75.7879695,26.9121724],[75.7879703,26.9121724],[75.7879703,26.9121716],[75.7879711,26.9121716],[75.7879711,26.9121709],[75.7879719,26.9121709],[75.7879719,26.9121702],[75.7879727,26.9121702],[75.7879727,26.9121695],[75.7879735,26.9121695],[75.7879735,26.9121687],[75.7879751,26.9121687],[75.7879751,26.912168],[75.7879759,26.912168],[75.7879759,26.9121673],[75.7879767,26.9121673],[75.7879767,26.9121665],[75.7879775,26.9121665],[75.7879775,26.9121651],[75.7879783,26.9121651],[75.7879783,26.9121644],[75.7879791,26.9121644],[75.7879791,26.9121636],[75.7879799,26.9121636],[75.7879799,26.9121629],[75.7879807,26.9121629],[75.7879807,26.9121615],[75.7879815,26.9121615],[75.7879815,26.9121607],[75.7879823,26.9121607],[75.7879823,26.91216],[75.7879831,26.91216],[75.7879831,26.9121586],[75.7879839,26.9121586],[75.7879839,26.9121578],[75.7879847,26.9121578],[75.7879847,26.9121571],[75.7879855,26.9121571],[75.7879855,26.9121564],[75.7879871,26.9121564],[75.7879871,26.9121557],[75.7879879,26.9121557],[75.7879879,26.9121549],[75.7879887,26.9121549],[75.7879887,26.9121542],[75.7879895,26.9121542],[75.7879895,26.9121535],[75.7879903,26.9121535],[75.7879903,26.9121527],[75.7879912,26.9121527],[75.7879911,26.912152],[75.787992,26.912152],[75.7879919,26.9121513],[75.7879928,26.9121513],[75.7879927,26.9121506],[75.7879936,26.9121506],[75.7879935,26.9121498],[75.7879944,26.9121498],[75.7879943,26.9121491],[75.7879952,26.9121491],[75.7879951,26.9121484],[75.7879968,26.9121484],[75.7879968,26.9121477],[75.7879976,26.9121477],[75.7879976,26.9121469],[75.7879984,26.9121469],[75.7879984,26.9121462],[75.7879992,26.9121462],[75.7879992,26.9121455],[75.788,26.9121455],[75.788,26.9121448],[75.7880008,26.9121447],[75.7880008,26.912144],[75.7880016,26.912144],[75.7880016,26.9121433],[75.7880024,26.9121433],[75.7880024,26.9121426],[75.7880032,26.9121426],[75.7880032,26.9121418],[75.788004,26.9121418],[75.788004,26.9121404],[75.7880048,26.9121404],[75.7880048,26.9121397],[75.7880056,26.9121397],[75.7880056,26.9121389],[75.7880064,26.9121389],[75.7880064,26.9121382],[75.7880072,26.9121382],[75.7880072,26.9121368],[75.788008,26.9121368],[75.788008,26.912136],[75.7880088,26.912136],[75.7880087,26.9121346],[75.7880096,26.9121346],[75.7880095,26.9121331],[75.7880103,26.9121331],[75.7880103,26.9121288],[75.7880087,26.9121288],[75.7880087,26.9121281],[75.7880063,26.9121281],[75.7880063,26.9121274],[75.7880047,26.9121274],[75.7880047,26.9121267],[75.7880031,26.9121267],[75.788003,26.912126],[75.7880022,26.912126],[75.7880022,26.9121252],[75.7880014,26.9121252],[75.7880014,26.9121245],[75.7880006,26.9121245],[75.7880006,26.9121238],[75.7879998,26.9121238],[75.7879998,26.9121231],[75.7879982,26.9121231],[75.7879982,26.9121224],[75.7879974,26.9121224],[75.7879974,26.9121217],[75.7879966,26.9121217],[75.7879966,26.9121209],[75.7879958,26.9121209],[75.7879958,26.9121202],[75.787995,26.9121202],[75.7879949,26.9121195],[75.7879933,26.9121195],[75.7879933,26.9121188],[75.7879925,26.9121188],[75.7879925,26.9121181],[75.7879917,26.9121181],[75.7879917,26.9121174],[75.7879901,26.9121174],[75.7879901,26.9121166],[75.7879893,26.9121166],[75.7879893,26.9121159],[75.7879885,26.9121159],[75.7879885,26.9121152],[75.7879877,26.9121152],[75.7879877,26.9121145],[75.7879861,26.9121145],[75.787986,26.9121138],[75.7879852,26.9121138],[75.7879852,26.9121131],[75.7879844,26.9121131],[75.7879844,26.9121123],[75.7879836,26.9121123],[75.7879836,26.9121116],[75.7879828,26.9121116],[75.7879828,26.9121109],[75.787982,26.9121109],[75.787982,26.9121102],[75.7879804,26.9121102],[75.7879804,26.9121095],[75.7879796,26.9121095],[75.7879796,26.9121088],[75.7879788,26.9121088],[75.7879788,26.912108],[75.7879779,26.912108],[75.7879779,26.9121073],[75.7879763,26.9121073],[75.7879763,26.9121066],[75.7879723,26.9121066],[75.7879723,26.9121073],[75.7879715,26.9121074],[75.7879715,26.9121095],[75.7879707,26.9121095],[75.7879707,26.9121117],[75.7879699,26.9121117],[75.7879699,26.9121131],[75.7879691,26.9121131],[75.7879691,26.9121146],[75.7879683,26.9121146],[75.7879683,26.9121175],[75.7879675,26.9121175],[75.7879676,26.9121189],[75.7879667,26.9121189],[75.7879668,26.9121204],[75.787966,26.9121204],[75.787966,26.9121218],[75.7879652,26.9121218],[75.7879652,26.912124],[75.7879644,26.912124],[75.7879644,26.9121269],[75.7879636,26.9121269],[75.7879636,26.912132],[75.7879644,26.9121319],[75.7879644,26.9121348],[75.7879661,26.9121348],[75.7879661,26.9121363],[75.7879669,26.9121363],[75.7879669,26.912137],[75.7879677,26.912137],[75.7879677,26.9121377],[75.7879685,26.9121377],[75.7879685,26.9121391],[75.7879693,26.9121391],[75.7879693,26.9121399],[75.7879685,26.9121399],[75.7879685,26.9121435],[75.7879677,26.9121435],[75.7879677,26.9121442],[75.7879669,26.9121442],[75.7879669,26.9121449],[75.7879661,26.9121449],[75.7879661,26.9121464],[75.7879653,26.9121464],[75.7879653,26.9121478],[75.7879645,26.9121478],[75.7879645,26.9121493],[75.7879637,26.9121493],[75.7879637,26.9121507],[75.7879629,26.9121507],[75.7879629,26.9121522],[75.7879621,26.9121522],[75.7879621,26.9121529],[75.7879613,26.9121529],[75.7879614,26.9121551],[75.7879606,26.9121551],[75.7879606,26.9121572],[75.7879598,26.9121573],[75.7879598,26.9121594],[75.787959,26.9121594],[75.787959,26.9121616],[75.7879582,26.9121616],[75.7879582,26.912163],[75.7879574,26.912163],[75.7879574,26.9121645],[75.7879566,26.9121645],[75.7879566,26.9121681],[75.7879558,26.9121681],[75.7879558,26.9121739],[75.7879567,26.9121739],[75.7879567,26.9121746],[75.7879583,26.9121746],[75.7879583,26.912176],[75.7879655,26.912176]]]}},{"type":"Feature","properties":{"building_id":"B-0103","vertices":138},"geometry":{"type":"Polygon","coordinates":[[[75.7875214,26.9116751],[75.7875214,26.9116743],[75.7875222,26.9116743],[75.7875222,26.9116736],[75.787523,26.9116736],[75.787523,26.9116729],[75.7875238,26.9116729],[75.7875237,26.91167],[75.7875245,26.91167],[75.7875245,26.9116678],[75.7875253,26.9116678],[75.7875253,26.9116657],[75.7875261,26.9116656],[75.7875261,26.9116635],[75.7875269,26.9116635],[75.7875269,26.9116613],[75.7875277,26.9116613],[75.7875277,26.9116599],[75.7875285,26.9116599],[75.7875285,26.9116584],[75.7875293,26.9116584],[75.7875293,26.9116577],[75.7875301,26.9116577],[75.7875301,26.911657],[75.7875317,26.911657],[75.7875317,26.9116555],[75.7875325,26.9116555],[75.7875325,26.9116541],[75.7875333,26.9116541],[75.7875333,26.9116519],[75.7875341,26.9116519],[75.787534,26.911636],[75.7875316,26.911636],[75.7875316,26.9116353],[75.7875299,26.9116353],[75.7875299,26.9116346],[75.7875283,26.9116346],[75.7875283,26.9116339],[75.7875267,26.9116339],[75.7875267,26.9116331],[75.7875251,26.9116332],[75.7875251,26.9116324],[75.7875235,26.9116324],[75.7875235,26.9116317],[75.7875219,26.9116317],[75.7875219,26.911631],[75.7875211,26.911631],[75.787521,26.9116303],[75.7875194,26.9116303],[75.7875194,26.9116296],[75.787517,26.9116296],[75.787517,26.9116289],[75.7875162,26.9116289],[75.7875162,26.9116281],[75.7875146,26.9116282],[75.7875146,26.9116274],[75.787513,26.9116274],[75.787513,26.9116267],[75.7875114,26.9116267],[75.7875114,26.911626],[75.7875105,26.911626],[75.7875105,26.9116253],[75.7875089,26.9116253],[75.7875089,26.9116246],[75.7875073,26.9116246],[75.7875073,26.9116239],[75.7875057,26.9116239],[75.7875057,26.9116231],[75.7875041,26.9116232],[75.7875041,26.9116224],[75.7875033,26.9116224],[75.7875033,26.9116217],[75.7875017,26.9116217],[75.7875016,26.9116203],[75.7875008,26.9116203],[75.7875008,26.9116196],[75.7875,26.9116196],[75.7875,26.9116188],[75.7874992,26.9116189],[75.7874992,26.9116181],[75.7874984,26.9116181],[75.7874984,26.9116174],[75.7874887,26.9116175],[75.7874887,26.9116182],[75.7874879,26.9116182],[75.7874879,26.9116204],[75.7874871,26.9116204],[75.7874872,26.9116225],[75.7874864,26.9116225],[75.7874864,26.9116247],[75.7874856,26.9116247],[75.7874856,26.9116276],[75.7874848,26.9116276],[75.7874848,26.9116355],[75.787484,26.9116355],[75.7874841,26.9116413],[75.7874833,26.9116413],[75.7874833,26.9116457],[75.7874825,26.9116457],[75.7874825,26.9116471],[75.7874833,26.9116471],[75.7874833,26.9116478],[75.7874841,26.9116478],[75.7874841,26.9116485],[75.7874865,26.9116485],[75.7874865,26.9116493],[75.7874881,26.9116492],[75.7874882,26.91165],[75.7874906,26.91165],[75.7874906,26.9116507],[75.787493,26.9116507],[75.787493,26.9116514],[75.7874978,26.9116514],[75.7874978,26.9116521],[75.7874994,26.9116521],[75.7874995,26.9116607],[75.7874987,26.9116607],[75.7874987,26.9116622],[75.7874979,26.9116622],[75.7874979,26.9116636],[75.7874971,26.9116636],[75.7874971,26.9116658],[75.7874963,26.9116658],[75.7874963,26.9116701],[75.787498,26.9116701],[75.787498,26.9116709],[75.7875028,26.9116708],[75.7875028,26.9116716],[75.7875068,26.9116715],[75.7875068,26.9116723],[75.7875093,26.9116722],[75.7875093,26.911673],[75.7875125,26.9116729],[75.7875125,26.9116737],[75.7875157,26.9116737],[75.7875157,26.9116744],[75.7875181,26.9116744],[75.7875181,26.9116751],[75.7875214,26.9116751]]]}},{"type":"Feature","properties":{"building_id":"B-0109","vertices":132},"geometry":{"type":"Polygon","coordinates":[[[75.787373,26.9116521],[75.787373,26.9116513],[75.7873738,26.9116513],[75.7873738,26.9116506],[75.7873746,26.9116506],[75.7873746,26.9116499],[75.7873754,26.9116499],[75.7873754,26.9116484],[75.7873762,26.9116484],[75.7873761,26.9116463],[75.7873769,26.9116463],[75.7873769,26.9116441],[75.7873777,26.9116441],[75.7873777,26.9116426],[75.7873785,26.9116426],[75.7873785,26.9116412],[75.7873793,26.9116412],[75.7873793,26.911639],[75.7873801,26.911639],[75.7873801,26.9116376],[75.7873809,26.9116376],[75.7873809,26.9116354],[75.7873817,26.9116354],[75.7873817,26.9116325],[75.7873825,26.9116325],[75.7873825,26.9116303],[75.7873833,26.9116303],[75.7873833,26.9116282],[75.7873841,26.9116282],[75.787384,26.9116246],[75.7873849,26.9116245],[75.7873848,26.9116231],[75.7873856,26.9116231],[75.7873856,26.9116202],[75.7873864,26.9116202],[75.7873864,26.9116173],[75.7873872,26.9116173],[75.7873872,26.9116159],[75.787388,26.9116159],[75.787388,26.9116137],[75.7873888,26.9116137],[75.7873888,26.9116115],[75.7873896,26.9116115],[75.7873896,26.9116057],[75.7873888,26.9116057],[75.7873887,26.911605],[75.7873863,26.911605],[75.7873863,26.9116043],[75.7873823,26.9116043],[75.7873823,26.9116036],[75.7873783,26.9116036],[75.7873783,26.9116029],[75.787375,26.9116029],[75.787375,26.9116022],[75.7873726,26.9116022],[75.7873726,26.9116015],[75.7873678,26.9116015],[75.7873678,26.9116008],[75.7873662,26.9116008],[75.7873662,26.9116001],[75.7873629,26.9116001],[75.7873629,26.9115994],[75.7873621,26.9115994],[75.7873621,26.9115987],[75.7873605,26.9115987],[75.7873605,26.911598],[75.7873597,26.911598],[75.7873597,26.9115972],[75.7873589,26.9115972],[75.7873589,26.9115965],[75.7873581,26.9115965],[75.7873581,26.9115958],[75.7873565,26.9115958],[75.7873565,26.9115951],[75.787354,26.9115951],[75.787354,26.9115944],[75.7873476,26.9115944],[75.7873476,26.9115966],[75.7873468,26.9115966],[75.7873468,26.9116031],[75.787346,26.9116031],[75.7873461,26.9116067],[75.7873453,26.9116067],[75.7873453,26.9116089],[75.7873445,26.9116089],[75.7873445,26.9116103],[75.7873437,26.9116103],[75.7873437,26.9116118],[75.7873429,26.9116118],[75.7873429,26.9116154],[75.7873421,26.9116154],[75.7873421,26.9116205],[75.7873413,26.9116205],[75.7873413,26.9116233],[75.7873405,26.9116233],[75.7873405,26.9116255],[75.7873397,26.9116255],[75.7873398,26.911627],[75.7873389,26.911627],[75.787339,26.9116327],[75.7873398,26.9116327],[75.7873398,26.9116342],[75.7873406,26.9116342],[75.7873406,26.9116349],[75.7873422,26.9116349],[75.7873422,26.9116356],[75.7873438,26.9116356],[75.7873438,26.9116363],[75.7873455,26.9116363],[75.7873455,26.911637],[75.7873495,26.911637],[75.7873495,26.9116377],[75.7873527,26.9116377],[75.7873527,26.9116384],[75.7873551,26.9116384],[75.7873551,26.9116392],[75.7873576,26.9116391],[75.7873576,26.9116399],[75.7873592,26.9116399],[75.7873592,26.9116406],[75.78736,26.9116406],[75.78736,26.911642],[75.7873608,26.911642],[75.7873608,26.9116456],[75.7873616,26.9116456],[75.7873617,26.9116478],[75.7873608,26.9116478],[75.7873609,26.91165],[75.7873617,26.91165],[75.7873617,26.9116514],[75.7873625,26.9116514],[75.7873625,26.9116521],[75.787373,26.9116521]]]}},{"type":"Feature","properties":{"building_id":"B-0121","vertices":112},"geometry":{"type":"Polygon","coordinates":[[[75.7877245,26.9115721],[75.7877245,26.9115714],[75.7877253,26.9115714],[75.7877253,26.9115706],[75.7877261,26.9115706],[75.7877261,26.9115678],[75.7877269,26.9115677],[75.7877268,26.9115627],[75.7877276,26.9115627],[75.7877276,26.9115591],[75.7877284,26.9115591],[75.7877284,26.911554],[75.7877292,26.911554],[75.7877292,26.9115511],[75.78773,26.9115511],[75.7877299,26.9115453],[75.7877307,26.9115453],[75.7877307,26.9115424],[75.7877315,26.9115424],[75.7877315,26.9115381],[75.7877323,26.9115381],[75.7877323,26.9115359],[75.7877331,26.9115359],[75.787733,26.9115265],[75.7877266,26.9115266],[75.7877266,26.9115259],[75.7877242,26.9115259],[75.7877241,26.9115251],[75.7877217,26.9115252],[75.7877217,26.9115244],[75.7877209,26.9115244],[75.7877209,26.9115237],[75.7877201,26.9115237],[75.7877201,26.911523],[75.7877193,26.911523],[75.7877193,26.9115223],[75.7877185,26.9115223],[75.7877185,26.9115216],[75.7877177,26.9115216],[75.7877177,26.9115209],[75.7877169,26.9115209],[75.7877169,26.9115201],[75.7877161,26.9115201],[75.787716,26.9115187],[75.7877152,26.9115187],[75.7877152,26.911518],[75.7877144,26.911518],[75.7877144,26.9115165],[75.7877112,26.9115166],[75.7877112,26.9115158],[75.7876999,26.9115159],[75.7876999,26.9115173],[75.7876991,26.9115173],[75.7876991,26.9115188],[75.7876983,26.9115188],[75.7876983,26.911521],[75.7876975,26.911521],[75.7876975,26.9115231],[75.7876967,26.9115231],[75.7876968,26.9115246],[75.7876959,26.9115246],[75.787696,26.9115282],[75.7876952,26.9115282],[75.7876952,26.9115325],[75.7876944,26.9115325],[75.7876944,26.9115361],[75.7876936,26.9115362],[75.7876936,26.911539],[75.7876928,26.911539],[75.7876928,26.9115419],[75.787692,26.9115419],[75.7876921,26.9115448],[75.7876913,26.9115448],[75.7876913,26.9115477],[75.7876905,26.9115477],[75.7876905,26.9115499],[75.7876897,26.9115499],[75.7876897,26.9115535],[75.7876889,26.9115535],[75.7876889,26.9115557],[75.7876881,26.9115557],[75.7876882,26.9115622],[75.787689,26.9115622],[75.787689,26.9115636],[75.7876906,26.9115636],[75.7876906,26.9115643],[75.7876922,26.9115643],[75.7876922,26.9115651],[75.7876946,26.911565],[75.7876946,26.9115658],[75.787697,26.9115657],[75.787697,26.9115665],[75.7876987,26.9115665],[75.7876987,26.9115672],[75.7877003,26.9115672],[75.7877003,26.9115679],[75.7877043,26.9115679],[75.7877043,26.9115686],[75.7877067,26.9115686],[75.7877067,26.9115693],[75.7877091,26.9115693],[75.7877092,26.91157],[75.7877116,26.91157],[75.7877116,26.9115707],[75.787714,26.9115707],[75.787714,26.91157],[75.787718,26.91157],[75.787718,26.9115707],[75.7877196,26.9115707],[75.7877196,26.9115714],[75.7877212,26.9115714],[75.7877213,26.9115721],[75.7877245,26.9115721]]]}},{"type":"Feature","properties":{"building_id":"B-0095","vertices":138},"geometry":{"type":"Polygon","coordinates":[[[75.7876691,26.911719],[75.7876691,26.9117183],[75.7876699,26.9117183],[75.7876699,26.911714],[75.7876707,26.911714],[75.7876707,26.9117111],[75.7876715,26.9117111],[75.7876714,26.9117082],[75.7876722,26.9117082],[75.7876722,26.9117046],[75.787673,26.9117046],[75.787673,26.9117009],[75.7876738,26.9117009],[75.7876738,26.9116995],[75.7876746,26.9116995],[75.7876746,26.9116973],[75.7876754,26.9116973],[75.7876754,26.9116959],[75.7876762,26.9116959],[75.7876762,26.911693],[75.787677,26.911693],[75.7876769,26.9116807],[75.7876761,26.9116807],[75.7876761,26.91168],[75.7876769,26.91168],[75.7876769,26.9116778],[75.7876761,26.9116778],[75.7876761,26.9116764],[75.7876752,26.9116764],[75.7876752,26.9116749],[75.7876744,26.9116749],[75.7876744,26.9116742],[75.787672,26.9116742],[75.787672,26.9116735],[75.7876712,26.9116735],[75.7876712,26.9116728],[75.7876704,26.9116728],[75.7876704,26.9116699],[75.7876663,26.9116699],[75.7876664,26.9116728],[75.7876631,26.9116728],[75.7876631,26.9116736],[75.7876623,26.9116736],[75.7876624,26.9116764],[75.7876616,26.9116764],[75.7876616,26.9116772],[75.7876591,26.9116772],[75.7876591,26.9116779],[75.7876583,26.9116779],[75.7876583,26.9116772],[75.7876543,26.9116772],[75.7876543,26.9116765],[75.7876519,26.9116765],[75.7876519,26.9116758],[75.7876503,26.9116758],[75.7876503,26.9116751],[75.7876478,26.9116751],[75.7876478,26.9116744],[75.787643,26.9116744],[75.787643,26.9116737],[75.7876414,26.9116737],[75.7876414,26.9116744],[75.7876382,26.9116744],[75.7876382,26.9116751],[75.7876374,26.9116751],[75.7876374,26.9116766],[75.7876358,26.9116766],[75.7876358,26.9116773],[75.787635,26.9116773],[75.787635,26.911678],[75.7876342,26.911678],[75.7876342,26.9116795],[75.7876334,26.9116795],[75.7876334,26.9116809],[75.7876326,26.9116809],[75.7876326,26.9116817],[75.7876318,26.9116817],[75.7876318,26.9116824],[75.787631,26.9116824],[75.787631,26.9116831],[75.7876302,26.9116831],[75.7876302,26.911686],[75.7876294,26.911686],[75.7876295,26.9116947],[75.7876303,26.9116947],[75.7876303,26.9116968],[75.7876295,26.9116969],[75.7876295,26.9116997],[75.7876287,26.9116997],[75.7876287,26.9117012],[75.7876279,26.9117012],[75.7876279,26.9117019],[75.7876271,26.9117019],[75.7876271,26.9117026],[75.7876263,26.9117026],[75.7876263,26.9117034],[75.7876255,26.9117034],[75.7876255,26.9117048],[75.7876247,26.9117048],[75.7876247,26.9117055],[75.7876231,26.9117056],[75.7876231,26.9117063],[75.7876215,26.9117063],[75.7876215,26.911707],[75.7876207,26.911707],[75.7876207,26.9117077],[75.7876223,26.9117077],[75.7876223,26.9117084],[75.7876231,26.9117084],[75.7876231,26.9117092],[75.7876255,26.9117092],[75.7876255,26.9117099],[75.7876279,26.9117099],[75.787628,26.9117106],[75.7876312,26.9117106],[75.7876312,26.9117113],[75.7876336,26.9117113],[75.7876336,26.911712],[75.7876368,26.911712],[75.7876368,26.9117127],[75.7876392,26.9117127],[75.7876393,26.9117134],[75.7876425,26.9117134],[75.7876425,26.9117141],[75.7876457,26.9117141],[75.7876457,26.9117148],[75.7876489,26.9117148],[75.7876489,26.9117155],[75.7876514,26.9117155],[75.7876514,26.9117162],[75.7876546,26.9117162],[75.7876546,26.9117169],[75.7876578,26.9117169],[75.7876578,26.9117176],[75.7876626,26.9117176],[75.7876626,26.9117183],[75.7876667,26.9117183],[75.7876667,26.911719],[75.7876691,26.911719]]]}},{"type":"Feature","properties":{"building_id":"B-0076","vertices":190},"geometry":{"type":"Polygon","coordinates":[[[75.7880205,26.9118521],[75.7880205,26.9118507],[75.7880197,26.9118507],[75.7880196,26.9118478],[75.7880205,26.9118478],[75.7880204,26.9118463],[75.7880212,26.9118463],[75.7880212,26.9118435],[75.788022,26.9118434],[75.788022,26.9118406],[75.7880228,26.9118406],[75.7880228,26.9118391],[75.7880236,26.9118391],[75.7880236,26.9118384],[75.7880244,26.9118384],[75.7880244,26.9118369],[75.788026,26.9118369],[75.788026,26.9118355],[75.7880268,26.9118355],[75.7880268,26.9118319],[75.7880276,26.9118319],[75.7880276,26.911829],[75.7880284,26.911829],[75.7880284,26.9118268],[75.7880292,26.9118268],[75.7880292,26.9118254],[75.78803,26.9118253],[75.78803,26.9118246],[75.7880308,26.9118246],[75.7880308,26.9118232],[75.7880316,26.9118232],[75.7880316,26.9118224],[75.7880324,26.9118224],[75.7880324,26.9118217],[75.7880332,26.9118217],[75.7880332,26.9118203],[75.788034,26.9118203],[75.7880339,26.9118188],[75.7880348,26.9118188],[75.7880347,26.9118159],[75.7880355,26.9118159],[75.7880355,26.9118145],[75.7880363,26.9118145],[75.7880363,26.911813],[75.7880371,26.911813],[75.7880371,26.9118116],[75.7880379,26.9118116],[75.7880379,26.9118101],[75.7880395,26.9118101],[75.7880395,26.9118094],[75.7880403,26.9118094],[75.7880403,26.911808],[75.7880411,26.9118079],[75.7880411,26.9118065],[75.7880419,26.9118065],[75.7880419,26.9118058],[75.7880427,26.9118058],[75.7880427,26.9118051],[75.7880435,26.911805],[75.7880435,26.9118036],[75.7880443,26.9118036],[75.7880443,26.9118029],[75.7880451,26.9118029],[75.7880451,26.9118014],[75.7880459,26.9118014],[75.7880459,26.9117993],[75.7880467,26.9117993],[75.7880467,26.9117949],[75.7880459,26.9117949],[75.7880459,26.9117935],[75.7880442,26.9117935],[75.7880442,26.9117928],[75.7880426,26.9117928],[75.7880426,26.9117921],[75.788041,26.9117921],[75.788041,26.9117913],[75.7880394,26.9117913],[75.7880394,26.9117906],[75.7880386,26.9117906],[75.7880386,26.9117899],[75.788037,26.9117899],[75.788037,26.9117892],[75.7880354,26.9117892],[75.7880353,26.9117885],[75.7880345,26.9117885],[75.7880345,26.9117878],[75.7880329,26.9117878],[75.7880329,26.911787],[75.7880313,26.9117871],[75.7880313,26.9117863],[75.7880289,26.9117863],[75.7880289,26.9117856],[75.7880273,26.9117856],[75.7880273,26.9117849],[75.7880184,26.911785],[75.7880184,26.9117857],[75.7880176,26.9117857],[75.7880176,26.9117871],[75.7880168,26.9117871],[75.7880168,26.9117893],[75.788016,26.9117893],[75.788016,26.9117915],[75.7880152,26.9117915],[75.7880152,26.9117936],[75.7880144,26.9117937],[75.7880145,26.9117958],[75.7880136,26.9117958],[75.7880137,26.9117973],[75.7880129,26.9117973],[75.7880129,26.9117994],[75.7880121,26.9117994],[75.7880121,26.9118016],[75.7880113,26.9118016],[75.7880113,26.9118031],[75.7880105,26.9118031],[75.7880105,26.9118045],[75.7880097,26.9118045],[75.7880097,26.911806],[75.7880089,26.911806],[75.7880089,26.9118074],[75.7880081,26.9118074],[75.7880081,26.9118081],[75.7880073,26.9118081],[75.7880073,26.9118096],[75.7880065,26.9118096],[75.7880065,26.911811],[75.7880057,26.911811],[75.7880057,26.9118132],[75.7880049,26.9118132],[75.7880049,26.9118147],[75.7880041,26.9118147],[75.7880041,26.9118168],[75.7880033,26.9118168],[75.7880033,26.9118183],[75.7880025,26.9118183],[75.7880025,26.9118197],[75.7880017,26.9118197],[75.7880017,26.9118219],[75.7880009,26.9118219],[75.788001,26.9118248],[75.7880002,26.9118248],[75.7880002,26.9118255],[75.7879994,26.9118255],[75.7879994,26.9118262],[75.7879986,26.9118262],[75.7879986,26.9118277],[75.7879978,26.9118277],[75.7879978,26.9118291],[75.787997,26.9118291],[75.787997,26.9118306],[75.7879962,26.9118306],[75.7879962,26.911832],[75.7879954,26.911832],[75.7879954,26.9118342],[75.7879946,26.9118342],[75.7879946,26.91184],[75.7879954,26.91184],[75.7879954,26.9118407],[75.7879962,26.9118407],[75.7879962,26.9118414],[75.787997,26.9118414],[75.787997,26.9118421],[75.7879979,26.9118421],[75.7879979,26.9118429],[75.7879995,26.9118428],[75.7879995,26.9118436],[75.7880003,26.9118436],[75.7880003,26.9118443],[75.7880019,26.9118443],[75.7880019,26.911845],[75.7880027,26.911845],[75.7880027,26.9118457],[75.7880043,26.9118457],[75.7880043,26.9118464],[75.7880059,26.9118464],[75.7880059,26.9118471],[75.7880076,26.9118471],[75.7880076,26.9118479],[75.7880092,26.9118479],[75.7880092,26.9118486],[75.78801,26.9118486],[75.78801,26.9118493],[75.7880116,26.9118493],[75.7880116,26.91185],[75.7880124,26.91185],[75.7880124,26.9118507],[75.7880132,26.9118507],[75.7880132,26.9118514],[75.7880148,26.9118514],[75.7880148,26.9118522],[75.7880205,26.9118521]]]}},{"type":"Feature","properties":{"building_id":"B-0067","vertices":136},"geometry":{"type":"Polygon","coordinates":[[[75.7883112,26.9119509],[75.7883107,26.9118808],[75.7883099,26.9118808],[75.7883099,26.9118794],[75.7883091,26.9118794],[75.7883091,26.9118787],[75.7883075,26.9118787],[75.7883075,26.911878],[75.788293,26.911878],[75.788293,26.9118788],[75.7882914,26.9118788],[75.7882914,26.9118795],[75.7882906,26.9118795],[75.7882906,26.9118802],[75.788289,26.9118802],[75.788289,26.911881],[75.7882874,26.911881],[75.7882874,26.9118817],[75.7882857,26.9118817],[75.7882858,26.9118824],[75.7882849,26.9118824],[75.788285,26.9118831],[75.7882841,26.9118832],[75.7882842,26.9118846],[75.7882834,26.9118846],[75.7882834,26.9118853],[75.7882826,26.9118853],[75.7882826,26.911886],[75.7882818,26.9118861],[75.7882818,26.9118868],[75.788281,26.9118868],[75.788281,26.9118875],[75.7882793,26.9118875],[75.7882793,26.9118882],[75.7882785,26.9118882],[75.7882785,26.911889],[75.7882777,26.911889],[75.7882778,26.9118904],[75.7882769,26.9118904],[75.788277,26.9118911],[75.7882761,26.9118911],[75.7882762,26.9118926],[75.7882754,26.9118926],[75.7882754,26.9118948],[75.7882746,26.9118948],[75.7882746,26.9118962],[75.7882738,26.9118962],[75.7882738,26.9118998],[75.788273,26.9118998],[75.788273,26.9119056],[75.7882738,26.9119056],[75.7882738,26.9119063],[75.7882746,26.9119063],[75.7882747,26.9119078],[75.7882755,26.9119078],[75.7882755,26.9119092],[75.7882771,26.9119092],[75.7882771,26.9119099],[75.7882779,26.9119099],[75.7882779,26.9119106],[75.7882787,26.9119106],[75.7882787,26.9119114],[75.7882795,26.9119113],[75.7882795,26.9119128],[75.7882803,26.9119128],[75.7882803,26.9119135],[75.7882811,26.9119135],[75.7882811,26.9119149],[75.788282,26.9119149],[75.788282,26.9119164],[75.7882828,26.9119164],[75.7882828,26.9119178],[75.7882836,26.9119178],[75.7882836,26.9119193],[75.7882844,26.9119193],[75.7882844,26.9119207],[75.7882852,26.9119207],[75.7882852,26.9119221],[75.788286,26.9119221],[75.788286,26.9119243],[75.7882869,26.9119243],[75.7882869,26.9119265],[75.7882877,26.9119265],[75.7882877,26.9119279],[75.7882885,26.9119279],[75.7882885,26.9119294],[75.7882893,26.9119293],[75.7882893,26.9119301],[75.7882901,26.9119301],[75.7882901,26.9119308],[75.7882909,26.9119308],[75.7882909,26.9119315],[75.7882917,26.9119315],[75.7882917,26.9119329],[75.7882926,26.9119329],[75.7882926,26.9119337],[75.7882934,26.9119337],[75.7882934,26.9119344],[75.7882942,26.9119344],[75.7882942,26.9119351],[75.788295,26.9119351],[75.788295,26.9119365],[75.7882958,26.9119365],[75.7882958,26.9119373],[75.7882966,26.9119373],[75.7882966,26.9119387],[75.7882974,26.9119387],[75.7882974,26.9119401],[75.7882982,26.9119401],[75.7882982,26.9119409],[75.7882991,26.9119408],[75.7882991,26.9119416],[75.7882999,26.9119416],[75.7882999,26.9119423],[75.7883007,26.9119423],[75.7883007,26.9119437],[75.7883023,26.9119437],[75.7883023,26.9119444],[75.7883031,26.9119444],[75.7883031,26.9119452],[75.7883039,26.9119452],[75.7883039,26.9119459],[75.7883047,26.9119459],[75.7883047,26.9119466],[75.7883055,26.9119466],[75.7883055,26.9119473],[75.7883063,26.9119473],[75.7883064,26.911948],[75.7883072,26.911948],[75.7883072,26.9119487],[75.788308,26.9119487],[75.788308,26.9119495],[75.7883088,26.9119495],[75.7883088,26.9119502],[75.7883104,26.9119502],[75.7883104,26.9119509],[75.7883112,26.9119509]]]}},{"type":"Feature","properties":{"building_id":"B-0061","vertices":208},"geometry":{"type":"Polygon","coordinates":[[[75.7875848,26.9119925],[75.7875848,26.9119911],[75.7875856,26.9119911],[75.7875856,26.9119903],[75.7875848,26.9119903],[75.7875848,26.9119882],[75.787584,26.9119882],[75.7875839,26.9119867],[75.7875831,26.9119867],[75.7875831,26.9119853],[75.7875839,26.9119853],[75.7875839,26.9119838],[75.7875855,26.9119838],[75.7875855,26.9119831],[75.7875863,26.9119831],[75.7875863,26.9119824],[75.7875871,26.9119824],[75.7875871,26.9119809],[75.7875879,26.9119809],[75.7875879,26.9119802],[75.7875887,26.9119802],[75.7875887,26.9119795],[75.7875903,26.9119795],[75.7875903,26.9119788],[75.7875928,26.9119787],[75.7875927,26.911978],[75.7875936,26.911978],[75.7875935,26.9119773],[75.7875952,26.9119773],[75.7875952,26.9119766],[75.787596,26.9119766],[75.787596,26.9119758],[75.7875976,26.9119758],[75.7875976,26.9119751],[75.7875992,26.9119751],[75.7875992,26.9119744],[75.7876008,26.9119744],[75.7876008,26.9119729],[75.7876016,26.9119729],[75.7876016,26.9119722],[75.7876024,26.9119722],[75.7876024,26.9119715],[75.7876032,26.9119715],[75.7876032,26.9119707],[75.787604,26.9119707],[75.787604,26.91197],[75.7876048,26.91197],[75.7876048,26.9119693],[75.7876056,26.9119693],[75.7876056,26.9119686],[75.7876064,26.9119685],[75.7876064,26.9119678],[75.7876072,26.9119678],[75.7876072,26.9119671],[75.7876088,26.9119671],[75.7876088,26.9119664],[75.7876104,26.9119664],[75.7876104,26.9119656],[75.7876112,26.9119656],[75.7876112,26.9119649],[75.7876128,26.9119649],[75.7876128,26.9119642],[75.7876144,26.9119642],[75.7876144,26.9119634],[75.7876152,26.9119634],[75.7876152,26.911962],[75.787616,26.911962],[75.787616,26.9119613],[75.7876168,26.9119613],[75.7876167,26.9119512],[75.7876159,26.9119512],[75.7876159,26.9119497],[75.7876151,26.9119497],[75.7876151,26.9119483],[75.7876135,26.9119483],[75.7876135,26.9119476],[75.7876127,26.9119476],[75.7876127,26.9119461],[75.7876119,26.9119461],[75.7876119,26.9119447],[75.787611,26.9119447],[75.787611,26.9119432],[75.7876102,26.9119432],[75.7876102,26.9119425],[75.7876094,26.9119425],[75.7876094,26.9119418],[75.7876086,26.9119418],[75.7876086,26.9119411],[75.7876078,26.9119411],[75.7876078,26.9119404],[75.7876062,26.9119404],[75.7876062,26.9119397],[75.7876046,26.9119397],[75.7876046,26.9119389],[75.787582,26.9119391],[75.787582,26.9119398],[75.7875812,26.9119398],[75.7875812,26.9119405],[75.7875804,26.9119405],[75.7875804,26.9119412],[75.7875796,26.9119413],[75.7875796,26.911942],[75.7875788,26.911942],[75.7875788,26.9119427],[75.787578,26.9119427],[75.787578,26.9119434],[75.7875772,26.9119434],[75.7875772,26.9119442],[75.7875756,26.9119442],[75.7875756,26.9119449],[75.7875748,26.9119449],[75.7875748,26.9119456],[75.787574,26.9119456],[75.787574,26.9119463],[75.7875732,26.9119463],[75.7875732,26.9119471],[75.7875724,26.9119471],[75.7875724,26.9119478],[75.7875716,26.9119478],[75.7875716,26.9119485],[75.7875708,26.9119485],[75.7875708,26.9119492],[75.78757,26.9119493],[75.78757,26.91195],[75.7875692,26.91195],[75.7875692,26.9119514],[75.7875684,26.9119514],[75.7875684,26.9119521],[75.7875668,26.9119522],[75.7875668,26.9119529],[75.787566,26.9119529],[75.787566,26.9119536],[75.7875644,26.9119536],[75.7875644,26.9119543],[75.7875628,26.9119543],[75.7875628,26.9119551],[75.7875604,26.9119551],[75.7875604,26.9119565],[75.7875596,26.9119565],[75.7875596,26.911958],[75.7875588,26.911958],[75.7875588,26.9119587],[75.787558,26.9119587],[75.787558,26.9119594],[75.7875572,26.9119594],[75.7875572,26.9119609],[75.7875564,26.9119609],[75.7875564,26.911963],[75.7875572,26.911963],[75.7875572,26.9119645],[75.787558,26.9119645],[75.787558,26.9119659],[75.7875588,26.9119659],[75.7875588,26.9119666],[75.7875604,26.9119666],[75.7875604,26.9119674],[75.7875621,26.9119674],[75.7875621,26.9119681],[75.7875637,26.9119681],[75.7875637,26.9119695],[75.7875645,26.9119695],[75.7875645,26.9119702],[75.7875653,26.9119702],[75.7875653,26.9119709],[75.7875661,26.9119709],[75.7875661,26.9119717],[75.7875669,26.9119717],[75.7875669,26.9119724],[75.7875677,26.9119724],[75.7875677,26.9119731],[75.7875685,26.9119731],[75.7875686,26.9119745],[75.7875694,26.9119745],[75.7875694,26.911976],[75.7875702,26.911976],[75.7875702,26.9119767],[75.787571,26.9119767],[75.787571,26.9119781],[75.7875718,26.9119781],[75.7875718,26.9119789],[75.7875726,26.9119788],[75.7875726,26.9119803],[75.7875734,26.9119803],[75.7875734,26.9119817],[75.7875742,26.9119817],[75.7875742,26.9119825],[75.7875751,26.9119824],[75.7875751,26.9119832],[75.7875759,26.9119832],[75.7875759,26.9119839],[75.7875767,26.9119839],[75.7875767,26.9119846],[75.7875775,26.9119846],[75.7875775,26.9119853],[75.7875783,26.9119853],[75.7875783,26.9119868],[75.7875791,26.9119868],[75.7875791,26.9119875],[75.7875799,26.9119875],[75.7875799,26.9119882],[75.7875807,26.9119882],[75.7875807,26.9119889],[75.7875815,26.9119889],[75.7875815,26.9119896],[75.7875832,26.9119896],[75.7875832,26.9119911],[75.787584,26.9119911],[75.787584,26.9119925],[75.7875848,26.9119925]]]}},{"type":"Feature","properties":{"building_id":"B-0050","vertices":182},"geometry":{"type":"Polygon","coordinates":[[[75.7879694,26.9120373],[75.7879694,26.9120366],[75.7879702,26.9120366],[75.7879702,26.9120351],[75.7879718,26.9120351],[75.7879718,26.9120337],[75.7879726,26.9120337],[75.7879726,26.9120322],[75.7879734,26.9120322],[75.7879734,26.9120308],[75.7879742,26.9120308],[75.7879742,26.9120293],[75.787975,26.9120293],[75.787975,26.9120279],[75.7879758,26.9120279],[75.7879758,26.9120264],[75.7879766,26.9120264],[75.7879766,26.9120243],[75.7879774,26.9120243],[75.7879774,26.9120228],[75.7879782,26.9120228],[75.7879782,26.9120221],[75.787979,26.9120221],[75.7879789,26.9120199],[75.7879798,26.9120199],[75.7879797,26.9120185],[75.7879805,26.9120185],[75.7879805,26.912017],[75.7879813,26.912017],[75.7879813,26.9120148],[75.7879821,26.9120148],[75.7879821,26.9120127],[75.7879829,26.9120127],[75.7879829,26.9120112],[75.7879837,26.9120112],[75.7879837,26.9120098],[75.7879845,26.9120098],[75.7879845,26.9120076],[75.7879853,26.9120076],[75.7879853,26.9120018],[75.7879837,26.9120018],[75.7879837,26.9120011],[75.7879828,26.9120011],[75.7879828,26.9120004],[75.7879812,26.9120004],[75.7879812,26.9119997],[75.7879796,26.9119997],[75.7879796,26.911999],[75.787978,26.911999],[75.787978,26.9119983],[75.7879748,26.9119983],[75.7879748,26.9119976],[75.7879715,26.9119976],[75.7879715,26.9119968],[75.7879699,26.9119969],[75.7879699,26.9119961],[75.7879683,26.9119961],[75.7879683,26.9119954],[75.7879659,26.9119954],[75.7879659,26.9119947],[75.7879562,26.9119948],[75.7879562,26.9119955],[75.7879554,26.9119955],[75.7879554,26.9119969],[75.7879546,26.9119969],[75.7879546,26.9119977],[75.787953,26.9119977],[75.787953,26.9119984],[75.7879482,26.9119984],[75.7879482,26.9119991],[75.7879474,26.9119991],[75.7879474,26.9120042],[75.7879466,26.9120042],[75.7879466,26.9120049],[75.7879458,26.9120049],[75.7879458,26.9120057],[75.7879442,26.9120057],[75.7879442,26.9120064],[75.7879434,26.9120064],[75.7879434,26.9120071],[75.7879426,26.9120071],[75.7879426,26.91201],[75.7879402,26.91201],[75.7879402,26.9120107],[75.7879394,26.9120107],[75.7879394,26.9120115],[75.7879386,26.9120115],[75.7879386,26.9120136],[75.7879378,26.9120136],[75.7879378,26.9120144],[75.7879362,26.9120144],[75.7879362,26.9120151],[75.787929,26.9120151],[75.787929,26.9120144],[75.7879282,26.9120144],[75.7879281,26.9120137],[75.7879273,26.9120137],[75.7879273,26.9120123],[75.7879249,26.9120123],[75.7879249,26.9120116],[75.7879225,26.9120116],[75.7879225,26.9120123],[75.7879209,26.9120123],[75.7879209,26.9120116],[75.7879201,26.9120116],[75.7879201,26.9120109],[75.7879193,26.9120109],[75.7879193,26.9120101],[75.7879177,26.9120101],[75.7879176,26.9120094],[75.7879168,26.9120094],[75.7879168,26.9120087],[75.787916,26.9120087],[75.787916,26.912008],[75.7879152,26.912008],[75.7879152,26.9120073],[75.7879144,26.9120073],[75.7879144,26.9120066],[75.7879136,26.9120066],[75.7879136,26.9120116],[75.7879128,26.9120116],[75.7879128,26.9120138],[75.787912,26.9120138],[75.787912,26.9120145],[75.7879112,26.9120145],[75.7879112,26.9120152],[75.7879104,26.9120152],[75.7879105,26.9120181],[75.7879121,26.9120181],[75.7879121,26.9120188],[75.7879129,26.9120188],[75.7879129,26.9120196],[75.7879145,26.9120196],[75.7879145,26.9120203],[75.7879161,26.9120203],[75.7879161,26.912021],[75.7879185,26.912021],[75.7879185,26.9120217],[75.7879193,26.9120217],[75.7879193,26.9120224],[75.7879218,26.9120224],[75.7879218,26.9120231],[75.7879226,26.9120231],[75.7879226,26.9120238],[75.7879242,26.9120238],[75.7879242,26.9120246],[75.7879266,26.9120245],[75.7879266,26.9120253],[75.7879282,26.9120253],[75.7879282,26.912026],[75.7879307,26.912026],[75.7879307,26.9120267],[75.7879331,26.9120267],[75.7879331,26.9120274],[75.7879355,26.9120274],[75.7879355,26.9120281],[75.7879379,26.9120281],[75.7879379,26.9120288],[75.7879403,26.9120288],[75.7879403,26.9120295],[75.7879428,26.9120295],[75.7879428,26.9120302],[75.7879444,26.9120302],[75.7879444,26.9120309],[75.787946,26.9120309],[75.787946,26.9120317],[75.7879492,26.9120316],[75.7879492,26.9120324],[75.7879508,26.9120324],[75.7879508,26.9120331],[75.7879541,26.9120331],[75.7879541,26.9120338],[75.7879565,26.9120338],[75.7879565,26.9120345],[75.7879597,26.9120345],[75.7879597,26.9120352],[75.7879621,26.9120352],[75.7879621,26.9120359],[75.7879646,26.9120359],[75.7879646,26.9120366],[75.7879662,26.9120366],[75.7879662,26.9120373],[75.7879694,26.9120373]]]}},{"type":"Feature","properties":{"building_id":"B-0083","vertices":152},"geometry":{"type":"Polygon","coordinates":[[[75.7875173,26.9117834],[75.7875173,26.9117827],[75.7875165,26.9117827],[75.7875165,26.911782],[75.7875149,26.911782],[75.7875148,26.9117813],[75.787514,26.9117813],[75.787514,26.9117806],[75.7875148,26.9117806],[75.7875148,26.9117798],[75.7875156,26.9117798],[75.7875156,26.9117791],[75.7875164,26.9117791],[75.7875164,26.9117784],[75.7875148,26.9117784],[75.7875148,26.9117777],[75.787514,26.9117777],[75.787514,26.9117762],[75.7875188,26.9117762],[75.7875188,26.9117769],[75.7875196,26.9117769],[75.7875197,26.9117776],[75.7875188,26.9117776],[75.7875189,26.9117791],[75.7875221,26.9117791],[75.7875221,26.9117798],[75.7875229,26.9117798],[75.7875229,26.9117805],[75.7875253,26.9117805],[75.7875253,26.9117798],[75.7875261,26.9117798],[75.7875261,26.911779],[75.7875285,26.911779],[75.7875285,26.9117783],[75.7875309,26.9117783],[75.7875309,26.9117768],[75.7875317,26.9117768],[75.7875317,26.9117754],[75.7875325,26.9117754],[75.7875325,26.9117732],[75.7875333,26.9117732],[75.7875333,26.9117718],[75.7875341,26.9117718],[75.7875341,26.9117696],[75.7875349,26.9117696],[75.7875349,26.9117682],[75.7875357,26.9117682],[75.7875357,26.911766],[75.7875365,26.911766],[75.7875365,26.9117631],[75.7875373,26.9117631],[75.7875373,26.9117609],[75.7875381,26.9117609],[75.787538,26.911758],[75.7875389,26.911758],[75.7875388,26.9117551],[75.7875396,26.9117551],[75.7875396,26.9117522],[75.7875404,26.9117522],[75.7875403,26.9117407],[75.7875395,26.9117407],[75.7875395,26.91174],[75.7875387,26.91174],[75.7875387,26.9117392],[75.7875371,26.9117393],[75.7875371,26.9117385],[75.7875347,26.9117385],[75.7875347,26.9117378],[75.7875323,26.9117378],[75.7875323,26.9117371],[75.7875307,26.9117371],[75.7875306,26.9117364],[75.787529,26.9117364],[75.787529,26.9117357],[75.7875274,26.9117357],[75.7875274,26.911735],[75.787525,26.911735],[75.787525,26.9117343],[75.7875234,26.9117343],[75.7875234,26.9117336],[75.7875226,26.9117336],[75.7875226,26.9117328],[75.7875218,26.9117328],[75.7875218,26.9117314],[75.7875209,26.9117314],[75.7875209,26.9117307],[75.7875201,26.9117307],[75.7875201,26.91173],[75.7875193,26.91173],[75.7875193,26.9117292],[75.7875185,26.9117293],[75.7875185,26.9117285],[75.7875177,26.9117285],[75.7875177,26.9117278],[75.7875153,26.9117278],[75.7875153,26.9117271],[75.7875072,26.9117271],[75.7875072,26.9117293],[75.7875064,26.9117293],[75.7875065,26.9117329],[75.7875056,26.9117329],[75.7875057,26.9117358],[75.7875049,26.9117358],[75.7875049,26.911738],[75.7875041,26.911738],[75.7875041,26.9117409],[75.7875033,26.9117409],[75.7875033,26.9117431],[75.7875025,26.9117431],[75.7875025,26.911746],[75.7875017,26.911746],[75.7875017,26.9117488],[75.7875009,26.9117488],[75.7875009,26.9117517],[75.7875001,26.9117517],[75.7875002,26.9117539],[75.7874993,26.9117539],[75.7874994,26.9117568],[75.7874986,26.9117568],[75.7874986,26.911759],[75.7874978,26.911759],[75.7874978,26.9117611],[75.787497,26.9117611],[75.787497,26.911764],[75.7874962,26.911764],[75.7874962,26.9117662],[75.7874954,26.9117662],[75.7874954,26.9117684],[75.7874946,26.9117684],[75.7874946,26.9117713],[75.7874938,26.9117713],[75.7874938,26.911772],[75.787493,26.911772],[75.7874931,26.9117771],[75.7874939,26.9117771],[75.7874939,26.9117778],[75.7874955,26.9117778],[75.7874955,26.9117785],[75.7874995,26.9117785],[75.7874995,26.9117792],[75.7875019,26.9117792],[75.7875019,26.9117799],[75.7875044,26.9117799],[75.7875044,26.9117806],[75.787506,26.9117806],[75.787506,26.9117813],[75.7875084,26.9117813],[75.7875084,26.911782],[75.7875092,26.911782],[75.7875092,26.9117827],[75.7875124,26.9117827],[75.7875124,26.9117835],[75.7875173,26.9117834]]]}},{"type":"Feature","properties":{"building_id":"B-0108","vertices":154},"geometry":{"type":"Polygon","coordinates":[[[75.787883,26.9116665],[75.787883,26.9116658],[75.7878846,26.9116658],[75.7878846,26.9116644],[75.7878862,26.9116644],[75.7878862,26.9116636],[75.7878879,26.9116636],[75.7878878,26.9116629],[75.7878887,26.9116629],[75.7878886,26.9116622],[75.7878895,26.9116622],[75.7878893,26.9116391],[75.7878885,26.9116391],[75.7878885,26.9116362],[75.7878877,26.9116362],[75.7878876,26.911634],[75.7878868,26.911634],[75.7878868,26.9116319],[75.787886,26.9116319],[75.787886,26.911629],[75.7878852,26.911629],[75.7878852,26.9116268],[75.7878844,26.9116268],[75.7878844,26.9116261],[75.7878836,26.9116261],[75.7878836,26.9116247],[75.7878827,26.9116247],[75.7878827,26.9116239],[75.7878811,26.9116239],[75.7878811,26.9116232],[75.7878795,26.9116232],[75.7878795,26.9116218],[75.7878787,26.9116218],[75.7878787,26.9116203],[75.7878779,26.9116204],[75.7878779,26.9116196],[75.7878771,26.9116196],[75.7878771,26.9116182],[75.7878763,26.9116182],[75.7878763,26.9116175],[75.7878754,26.9116175],[75.7878754,26.9116168],[75.7878746,26.9116168],[75.7878746,26.9116153],[75.7878738,26.9116153],[75.7878738,26.9116139],[75.787873,26.9116139],[75.787873,26.9116124],[75.7878722,26.9116124],[75.7878722,26.911611],[75.7878714,26.911611],[75.7878714,26.9116096],[75.7878706,26.9116096],[75.7878706,26.9116088],[75.7878697,26.9116088],[75.7878697,26.9116074],[75.7878625,26.9116074],[75.7878625,26.9116089],[75.7878617,26.9116089],[75.7878617,26.9116111],[75.7878609,26.9116111],[75.7878609,26.9116139],[75.7878601,26.911614],[75.7878601,26.9116154],[75.7878593,26.9116154],[75.7878593,26.9116168],[75.7878585,26.9116168],[75.7878585,26.9116183],[75.7878577,26.9116183],[75.7878577,26.911619],[75.7878569,26.911619],[75.7878569,26.9116205],[75.7878561,26.9116205],[75.7878561,26.9116226],[75.7878553,26.9116226],[75.7878554,26.9116241],[75.7878545,26.9116241],[75.7878546,26.9116255],[75.7878538,26.9116255],[75.7878538,26.911627],[75.787853,26.911627],[75.787853,26.9116277],[75.7878522,26.9116277],[75.7878522,26.9116299],[75.7878514,26.9116299],[75.7878514,26.9116313],[75.7878506,26.9116313],[75.7878506,26.9116328],[75.7878498,26.9116328],[75.7878498,26.9116342],[75.787849,26.9116342],[75.787849,26.911635],[75.7878482,26.911635],[75.7878482,26.9116364],[75.7878474,26.9116364],[75.7878474,26.9116386],[75.7878466,26.9116386],[75.7878466,26.91164],[75.7878458,26.91164],[75.7878458,26.9116415],[75.787845,26.9116415],[75.787845,26.9116429],[75.7878442,26.9116429],[75.7878442,26.9116437],[75.7878434,26.9116437],[75.7878434,26.9116465],[75.7878426,26.9116465],[75.7878426,26.9116502],[75.7878434,26.9116502],[75.7878435,26.9116509],[75.7878443,26.9116509],[75.7878443,26.9116516],[75.7878451,26.9116516],[75.7878451,26.9116523],[75.7878475,26.9116523],[75.7878475,26.911653],[75.7878491,26.911653],[75.7878491,26.9116537],[75.7878507,26.9116537],[75.7878507,26.9116544],[75.7878523,26.9116544],[75.7878523,26.9116552],[75.7878532,26.9116552],[75.7878532,26.9116559],[75.7878548,26.9116559],[75.7878548,26.9116566],[75.7878564,26.9116566],[75.7878564,26.9116573],[75.7878588,26.9116573],[75.7878588,26.911658],[75.7878604,26.911658],[75.7878604,26.9116587],[75.787862,26.9116587],[75.787862,26.9116594],[75.7878628,26.9116594],[75.7878629,26.9116602],[75.7878637,26.9116602],[75.7878637,26.9116609],[75.7878645,26.9116609],[75.7878645,26.9116616],[75.7878653,26.9116616],[75.7878653,26.9116623],[75.7878677,26.9116623],[75.7878677,26.911663],[75.7878685,26.911663],[75.7878685,26.9116637],[75.7878693,26.9116637],[75.7878693,26.9116645],[75.7878717,26.9116644],[75.7878718,26.9116652],[75.7878742,26.9116652],[75.7878742,26.9116659],[75.7878766,26.9116659],[75.7878766,26.9116666],[75.787883,26.9116665]]]}},{"type":"Feature","properties":{"building_id":"B-0092","vertices":138},"geometry":{"type":"Polygon","coordinates":[[[75.7874122,26.911727],[75.7874121,26.9117262],[75.787413,26.9117262],[75.7874129,26.9117255],[75.7874138,26.9117255],[75.7874137,26.9117233],[75.7874145,26.9117233],[75.7874145,26.9117219],[75.7874153,26.9117219],[75.7874153,26.9117204],[75.7874161,26.9117204],[75.7874161,26.9117197],[75.7874169,26.9117197],[75.7874169,26.911719],[75.7874177,26.911719],[75.7874177,26.9117183],[75.7874185,26.9117183],[75.7874185,26.9117146],[75.7874193,26.9117146],[75.7874193,26.911711],[75.7874201,26.911711],[75.7874201,26.9117089],[75.7874209,26.9117088],[75.7874209,26.911706],[75.7874217,26.911706],[75.7874217,26.9117045],[75.7874225,26.9117045],[75.7874225,26.9117023],[75.7874233,26.9117023],[75.7874232,26.9117009],[75.7874241,26.9117009],[75.787424,26.9117002],[75.7874249,26.9117002],[75.7874248,26.911698],[75.7874256,26.911698],[75.7874256,26.9116965],[75.7874264,26.9116965],[75.7874264,26.9116951],[75.7874272,26.9116951],[75.7874272,26.9116936],[75.787428,26.9116936],[75.787428,26.9116908],[75.7874288,26.9116907],[75.7874288,26.9116842],[75.787428,26.9116843],[75.787428,26.9116835],[75.7874272,26.9116835],[75.7874272,26.9116828],[75.7874247,26.9116828],[75.7874247,26.9116821],[75.7874223,26.9116821],[75.7874223,26.9116814],[75.7874207,26.9116814],[75.7874207,26.9116807],[75.7874183,26.9116807],[75.7874183,26.91168],[75.7874167,26.91168],[75.7874167,26.9116793],[75.787415,26.9116793],[75.787415,26.9116785],[75.7874126,26.9116786],[75.7874126,26.9116778],[75.7874102,26.9116779],[75.7874102,26.9116771],[75.7874078,26.9116771],[75.7874078,26.9116764],[75.7874062,26.9116764],[75.7874062,26.9116757],[75.7874037,26.9116757],[75.7874037,26.911675],[75.7874021,26.911675],[75.7874021,26.9116743],[75.7874005,26.9116743],[75.7874005,26.9116736],[75.7873941,26.9116736],[75.7873941,26.9116743],[75.7873933,26.9116743],[75.7873933,26.9116758],[75.7873925,26.9116758],[75.7873925,26.9116787],[75.7873917,26.9116787],[75.7873917,26.9116801],[75.7873909,26.9116801],[75.7873909,26.9116808],[75.7873901,26.9116809],[75.7873901,26.9116823],[75.7873893,26.9116823],[75.7873893,26.9116837],[75.7873885,26.9116838],[75.7873885,26.9116859],[75.7873877,26.9116859],[75.7873877,26.9116881],[75.7873869,26.9116881],[75.7873869,26.9116903],[75.7873861,26.9116903],[75.7873861,26.9116932],[75.7873853,26.9116932],[75.7873854,26.9116997],[75.7873846,26.9116997],[75.7873846,26.911704],[75.7873838,26.911704],[75.7873838,26.9117076],[75.787383,26.9117076],[75.787383,26.9117119],[75.7873822,26.911712],[75.7873822,26.9117127],[75.7873814,26.9117127],[75.7873815,26.9117156],[75.7873823,26.9117156],[75.7873823,26.9117163],[75.7873831,26.9117163],[75.7873831,26.911717],[75.7873839,26.911717],[75.7873839,26.9117177],[75.7873847,26.9117177],[75.7873847,26.9117192],[75.7873855,26.9117192],[75.7873855,26.9117199],[75.7873879,26.9117199],[75.7873879,26.9117206],[75.7873904,26.9117206],[75.7873904,26.9117213],[75.7873928,26.9117213],[75.7873928,26.911722],[75.7873952,26.911722],[75.7873952,26.9117227],[75.7873976,26.9117227],[75.7873976,26.9117234],[75.7873992,26.9117234],[75.7873992,26.9117241],[75.7874017,26.9117241],[75.7874017,26.9117248],[75.7874033,26.9117248],[75.7874033,26.9117256],[75.7874049,26.9117256],[75.7874049,26.9117263],[75.7874089,26.9117262],[75.7874089,26.911727],[75.7874122,26.911727]]]}},{"type":"Feature","properties":{"building_id":"B-0114","vertices":156},"geometry":{"type":"Polygon","coordinates":[[[75.787434,26.9116178],[75.7874339,26.911617],[75.7874348,26.911617],[75.7874347,26.9116156],[75.7874355,26.9116156],[75.7874355,26.9116105],[75.7874363,26.9116105],[75.7874363,26.9116084],[75.7874371,26.9116084],[75.7874371,26.9116062],[75.7874379,26.9116062],[75.7874379,26.9116047],[75.7874387,26.9116047],[75.7874387,26.9116033],[75.7874395,26.9116033],[75.7874395,26.9116026],[75.7874451,26.9116025],[75.7874451,26.9116018],[75.7874491,26.9116018],[75.7874492,26.9116025],[75.7874508,26.9116025],[75.7874508,26.9116018],[75.7874524,26.9116018],[75.7874524,26.9116011],[75.7874532,26.9116011],[75.7874531,26.9115931],[75.7874523,26.9115931],[75.7874523,26.9115924],[75.7874515,26.9115924],[75.7874515,26.911591],[75.7874523,26.9115909],[75.7874523,26.9115902],[75.7874515,26.9115902],[75.7874515,26.9115895],[75.7874499,26.9115895],[75.7874499,26.9115881],[75.7874491,26.9115881],[75.787449,26.9115874],[75.7874482,26.9115874],[75.7874482,26.9115866],[75.7874474,26.9115866],[75.7874474,26.9115859],[75.787445,26.9115859],[75.787445,26.9115852],[75.7874442,26.9115852],[75.7874442,26.9115845],[75.7874434,26.9115845],[75.7874434,26.9115838],[75.7874426,26.9115838],[75.7874426,26.9115831],[75.787441,26.9115831],[75.787441,26.9115823],[75.7874393,26.9115824],[75.7874393,26.9115816],[75.7874377,26.9115816],[75.7874377,26.9115809],[75.7874353,26.9115809],[75.7874353,26.9115802],[75.7874337,26.9115802],[75.7874337,26.9115795],[75.7874313,26.9115795],[75.7874313,26.9115788],[75.7874305,26.9115788],[75.7874305,26.9115781],[75.787428,26.9115781],[75.787428,26.9115774],[75.7874256,26.9115774],[75.7874256,26.9115766],[75.7874248,26.9115767],[75.7874248,26.9115759],[75.787424,26.9115759],[75.787424,26.9115752],[75.7874232,26.9115752],[75.7874232,26.9115738],[75.7874216,26.9115738],[75.7874216,26.9115731],[75.7874208,26.9115731],[75.7874207,26.9115723],[75.7874199,26.9115723],[75.7874199,26.9115716],[75.7874183,26.9115716],[75.7874183,26.9115709],[75.7874175,26.9115709],[75.7874175,26.9115702],[75.7874167,26.9115702],[75.7874167,26.9115695],[75.7874159,26.9115695],[75.7874159,26.9115688],[75.7874151,26.9115688],[75.7874151,26.911568],[75.7874094,26.9115681],[75.7874095,26.9115702],[75.7874086,26.9115702],[75.7874087,26.911571],[75.7874095,26.911571],[75.7874095,26.9115724],[75.7874087,26.9115724],[75.7874087,26.9115731],[75.7874079,26.9115731],[75.7874079,26.9115739],[75.7874063,26.9115739],[75.7874063,26.9115775],[75.7874014,26.9115775],[75.7874015,26.911579],[75.7874006,26.911579],[75.7874007,26.9115797],[75.7873998,26.9115797],[75.7873999,26.9115804],[75.787399,26.9115804],[75.7873991,26.9115884],[75.7873983,26.9115884],[75.7873983,26.9115956],[75.7873975,26.9115956],[75.7873976,26.9115985],[75.7873968,26.9115985],[75.7873968,26.9116035],[75.7873976,26.9116035],[75.7873976,26.9116043],[75.7873984,26.9116042],[75.7873984,26.911605],[75.7873992,26.911605],[75.7873992,26.9116057],[75.7874008,26.9116057],[75.7874008,26.9116064],[75.7874025,26.9116064],[75.7874025,26.9116071],[75.7874041,26.9116071],[75.7874041,26.9116078],[75.7874065,26.9116078],[75.7874065,26.9116085],[75.7874081,26.9116085],[75.7874081,26.9116092],[75.7874097,26.9116092],[75.7874097,26.91161],[75.7874129,26.9116099],[75.787413,26.9116107],[75.7874154,26.9116107],[75.7874154,26.9116114],[75.7874162,26.9116114],[75.7874162,26.9116121],[75.7874186,26.9116121],[75.7874186,26.9116128],[75.7874194,26.9116128],[75.7874194,26.9116135],[75.787421,26.9116135],[75.787421,26.9116142],[75.7874235,26.9116142],[75.7874235,26.9116149],[75.7874259,26.9116149],[75.7874259,26.9116157],[75.7874283,26.9116156],[75.7874283,26.9116164],[75.7874299,26.9116163],[75.7874299,26.9116171],[75.7874323,26.9116171],[75.7874323,26.9116178],[75.787434,26.9116178]]]}},{"type":"Feature","properties":{"building_id":"B-0077","vertices":108},"geometry":{"type":"Polygon","coordinates":[[[75.78747,26.9118256],[75.78747,26.9118249],[75.7874724,26.9118248],[75.7874724,26.9118234],[75.7874732,26.9118234],[75.7874732,26.9118227],[75.787474,26.9118227],[75.787474,26.9118219],[75.7874748,26.9118219],[75.7874748,26.9118198],[75.7874756,26.9118198],[75.7874756,26.9118169],[75.7874764,26.9118169],[75.7874764,26.911814],[75.7874772,26.911814],[75.7874772,26.9118068],[75.787478,26.9118068],[75.787478,26.9118053],[75.7874771,26.9118053],[75.7874771,26.9118003],[75.7874779,26.9118003],[75.7874779,26.9117974],[75.7874787,26.9117974],[75.7874787,26.9117952],[75.7874795,26.9117952],[75.7874795,26.911793],[75.7874803,26.911793],[75.7874802,26.9117858],[75.7874786,26.9117858],[75.7874786,26.9117851],[75.787477,26.9117851],[75.787477,26.9117844],[75.7874746,26.9117844],[75.7874746,26.9117837],[75.7874689,26.9117837],[75.7874689,26.9117844],[75.7874673,26.9117844],[75.7874673,26.9117851],[75.7874649,26.9117852],[75.7874649,26.9117859],[75.7874569,26.9117859],[75.7874569,26.9117852],[75.7874536,26.9117852],[75.7874536,26.9117845],[75.7874407,26.9117846],[75.7874407,26.9117839],[75.7874375,26.9117839],[75.7874375,26.9117846],[75.7874367,26.9117846],[75.7874367,26.9117853],[75.7874359,26.9117853],[75.7874359,26.911786],[75.7874351,26.9117861],[75.7874351,26.9117875],[75.7874343,26.9117875],[75.7874344,26.9117918],[75.7874335,26.9117918],[75.7874336,26.9117933],[75.7874328,26.9117933],[75.7874328,26.9117962],[75.787432,26.9117962],[75.787432,26.9117991],[75.7874312,26.9117991],[75.7874312,26.9118012],[75.7874304,26.9118012],[75.7874304,26.911807],[75.7874312,26.911807],[75.7874312,26.9118085],[75.7874321,26.9118085],[75.7874321,26.9118092],[75.7874337,26.9118092],[75.7874337,26.9118099],[75.7874353,26.9118099],[75.7874353,26.9118106],[75.7874369,26.9118106],[75.7874369,26.9118113],[75.7874377,26.9118113],[75.7874377,26.911812],[75.7874385,26.911812],[75.7874385,26.9118149],[75.7874393,26.9118149],[75.7874394,26.9118164],[75.7874402,26.9118164],[75.7874402,26.9118171],[75.787441,26.9118171],[75.787441,26.9118178],[75.7874418,26.9118178],[75.7874418,26.9118185],[75.7874434,26.9118185],[75.7874434,26.9118192],[75.7874458,26.9118192],[75.7874458,26.9118199],[75.7874474,26.9118199],[75.7874474,26.9118207],[75.7874499,26.9118206],[75.7874499,26.9118214],[75.7874523,26.9118213],[75.7874523,26.9118221],[75.7874547,26.9118221],[75.7874547,26.9118228],[75.7874563,26.9118228],[75.7874563,26.9118235],[75.7874587,26.9118235],[75.7874587,26.9118242],[75.7874604,26.9118242],[75.7874604,26.9118249],[75.7874636,26.9118249],[75.7874636,26.9118256],[75.78747,26.9118256]]]}},{"type":"Feature","properties":{"building_id":"B-0134","vertices":198},"geometry":{"type":"Polygon","coordinates":[[[75.7879993,26.9114759],[75.7879993,26.9114752],[75.7880018,26.9114752],[75.7880017,26.9114745],[75.7880026,26.9114745],[75.7880025,26.9114738],[75.788005,26.9114737],[75.788005,26.911473],[75.7880114,26.911473],[75.7880114,26.9114723],[75.7880138,26.9114723],[75.7880138,26.9114715],[75.7880146,26.9114715],[75.7880146,26.9114665],[75.7880138,26.9114665],[75.7880138,26.9114658],[75.788013,26.9114658],[75.788013,26.9114643],[75.7880122,26.9114643],[75.7880121,26.9114636],[75.7880113,26.9114636],[75.7880113,26.9114622],[75.7880105,26.9114622],[75.7880105,26.9114607],[75.7880097,26.9114607],[75.7880097,26.9114593],[75.7880089,26.9114593],[75.7880089,26.9114586],[75.7880081,26.9114586],[75.7880081,26.9114564],[75.7880073,26.9114564],[75.7880073,26.9114557],[75.7880065,26.9114557],[75.7880064,26.9114542],[75.7880056,26.9114542],[75.7880056,26.9114528],[75.7880048,26.9114528],[75.7880048,26.9114499],[75.788004,26.9114499],[75.788004,26.9114463],[75.7880048,26.9114463],[75.7880048,26.9114456],[75.7880056,26.9114456],[75.7880056,26.9114449],[75.7880064,26.9114448],[75.7880064,26.9114441],[75.7880072,26.9114441],[75.7880072,26.9114434],[75.788008,26.9114434],[75.788008,26.9114427],[75.7880088,26.9114427],[75.7880088,26.9114419],[75.7880096,26.9114419],[75.7880096,26.9114412],[75.7880104,26.9114412],[75.7880104,26.9114398],[75.788012,26.9114398],[75.788012,26.9114376],[75.7880112,26.9114376],[75.7880111,26.9114362],[75.788012,26.9114362],[75.7880119,26.9114347],[75.7880111,26.9114347],[75.7880111,26.9114325],[75.7880103,26.9114325],[75.7880103,26.9114318],[75.7880095,26.9114318],[75.7880095,26.9114304],[75.7880087,26.9114304],[75.7880087,26.9114297],[75.7880079,26.9114297],[75.7880079,26.911429],[75.7880014,26.911429],[75.7880014,26.9114297],[75.7879998,26.9114297],[75.7879998,26.9114304],[75.787999,26.9114304],[75.787999,26.9114312],[75.7879974,26.9114312],[75.7879974,26.9114319],[75.7879958,26.9114319],[75.7879958,26.9114326],[75.787995,26.9114326],[75.787995,26.9114334],[75.7879934,26.9114334],[75.7879934,26.9114341],[75.7879926,26.9114341],[75.7879926,26.9114348],[75.7879918,26.9114348],[75.7879918,26.9114355],[75.787991,26.9114355],[75.787991,26.9114363],[75.7879894,26.9114363],[75.7879894,26.911437],[75.7879886,26.911437],[75.7879886,26.9114377],[75.7879878,26.9114377],[75.7879878,26.9114385],[75.7879838,26.9114385],[75.7879838,26.9114392],[75.7879798,26.9114392],[75.7879798,26.9114399],[75.7879781,26.91144],[75.7879781,26.9114407],[75.7879773,26.9114407],[75.7879773,26.9114414],[75.7879757,26.9114414],[75.7879757,26.9114421],[75.7879749,26.9114421],[75.7879749,26.9114429],[75.7879733,26.9114429],[75.7879733,26.9114436],[75.7879717,26.9114436],[75.7879717,26.9114443],[75.7879701,26.9114443],[75.7879701,26.9114451],[75.7879693,26.9114451],[75.7879693,26.9114458],[75.7879685,26.9114458],[75.7879685,26.9114465],[75.7879669,26.9114465],[75.7879669,26.9114472],[75.7879661,26.9114472],[75.7879661,26.911448],[75.7879645,26.911448],[75.7879645,26.9114487],[75.7879629,26.9114487],[75.7879629,26.9114501],[75.7879613,26.9114502],[75.7879613,26.9114509],[75.7879605,26.9114509],[75.7879605,26.9114516],[75.7879597,26.9114516],[75.7879597,26.9114545],[75.7879605,26.9114545],[75.7879605,26.9114552],[75.7879613,26.9114552],[75.7879613,26.9114567],[75.7879621,26.9114567],[75.7879622,26.9114581],[75.787963,26.9114581],[75.787963,26.9114595],[75.7879638,26.9114595],[75.7879638,26.9114624],[75.7879646,26.9114624],[75.7879646,26.9114639],[75.7879654,26.9114639],[75.7879654,26.9114646],[75.7879662,26.9114646],[75.7879662,26.9114653],[75.7879678,26.9114653],[75.7879679,26.9114667],[75.7879687,26.9114667],[75.7879687,26.9114674],[75.7879695,26.9114674],[75.7879695,26.9114689],[75.7879703,26.9114689],[75.7879703,26.9114696],[75.7879711,26.9114696],[75.7879711,26.911471],[75.7879719,26.911471],[75.7879719,26.9114725],[75.7879727,26.9114725],[75.7879727,26.9114732],[75.7879735,26.9114732],[75.7879735,26.9114739],[75.7879744,26.9114739],[75.7879744,26.9114746],[75.7879752,26.9114746],[75.7879752,26.9114754],[75.78798,26.9114753],[75.78798,26.9114746],[75.7879816,26.9114746],[75.7879816,26.9114739],[75.7879832,26.9114739],[75.7879832,26.9114731],[75.7879848,26.9114731],[75.7879848,26.9114724],[75.7879864,26.9114724],[75.7879864,26.9114717],[75.787988,26.9114717],[75.787988,26.911471],[75.7879896,26.9114709],[75.7879896,26.9114702],[75.7879904,26.9114702],[75.7879904,26.9114709],[75.7879921,26.9114709],[75.7879921,26.9114717],[75.7879929,26.9114716],[75.7879929,26.9114724],[75.7879937,26.9114724],[75.7879937,26.9114731],[75.7879945,26.9114731],[75.7879945,26.9114738],[75.7879953,26.9114738],[75.7879953,26.9114752],[75.7879961,26.9114752],[75.7879961,26.911476],[75.7879993,26.9114759]]]}},{"type":"Feature","properties":{"building_id":"B-0054","vertices":214},"geometry":{"type":"Polygon","coordinates":[[[75.7875664,26.9120157],[75.7875664,26.912015],[75.7875672,26.912015],[75.7875672,26.9120143],[75.7875688,26.9120143],[75.7875688,26.9120135],[75.7875696,26.9120135],[75.7875696,26.9120128],[75.7875704,26.9120128],[75.7875704,26.9120114],[75.7875712,26.9120114],[75.7875712,26.9120099],[75.787572,26.9120099],[75.787572,26.9120085],[75.7875728,26.9120085],[75.7875728,26.912007],[75.7875736,26.912007],[75.7875736,26.9120063],[75.7875744,26.9120063],[75.7875744,26.9120056],[75.7875752,26.9120056],[75.7875752,26.9120048],[75.787576,26.9120048],[75.787576,26.9120041],[75.7875768,26.9120041],[75.7875768,26.9120034],[75.7875776,26.9120034],[75.7875776,26.9120027],[75.7875784,26.9120027],[75.7875784,26.9120019],[75.7875792,26.9120019],[75.7875792,26.9120012],[75.78758,26.9120012],[75.78758,26.9120005],[75.7875816,26.9120005],[75.7875816,26.9119997],[75.7875824,26.9119997],[75.7875824,26.9119932],[75.7875816,26.9119932],[75.7875816,26.9119918],[75.7875808,26.9119918],[75.7875808,26.9119911],[75.7875799,26.9119911],[75.7875799,26.9119896],[75.7875791,26.9119896],[75.7875791,26.9119889],[75.7875783,26.9119889],[75.7875783,26.9119875],[75.7875775,26.9119875],[75.7875775,26.9119868],[75.7875767,26.9119868],[75.7875767,26.911986],[75.7875759,26.9119861],[75.7875759,26.9119846],[75.7875751,26.9119846],[75.7875751,26.9119839],[75.7875743,26.9119839],[75.7875742,26.9119825],[75.7875734,26.9119825],[75.7875734,26.9119817],[75.7875726,26.9119817],[75.7875726,26.9119803],[75.7875718,26.9119803],[75.7875718,26.9119796],[75.787571,26.9119796],[75.787571,26.9119789],[75.7875702,26.9119789],[75.7875702,26.9119774],[75.7875694,26.9119774],[75.7875694,26.9119767],[75.7875686,26.9119767],[75.7875686,26.911976],[75.7875678,26.911976],[75.7875677,26.9119745],[75.7875669,26.9119745],[75.7875669,26.9119731],[75.7875661,26.9119731],[75.7875661,26.9119724],[75.7875653,26.9119724],[75.7875653,26.9119717],[75.7875645,26.9119717],[75.7875645,26.9119709],[75.7875637,26.911971],[75.7875637,26.9119702],[75.7875629,26.9119702],[75.7875629,26.9119695],[75.7875621,26.9119695],[75.7875621,26.9119688],[75.7875613,26.9119688],[75.7875613,26.9119681],[75.7875605,26.9119681],[75.7875604,26.9119674],[75.7875596,26.9119674],[75.7875596,26.9119666],[75.7875588,26.9119666],[75.7875588,26.9119659],[75.787558,26.9119659],[75.787558,26.9119645],[75.7875572,26.9119645],[75.7875572,26.911963],[75.7875564,26.911963],[75.7875564,26.9119609],[75.7875572,26.9119609],[75.7875572,26.9119594],[75.7875523,26.9119595],[75.7875523,26.9119602],[75.7875507,26.9119602],[75.7875507,26.9119609],[75.7875491,26.9119609],[75.7875491,26.9119616],[75.7875483,26.9119617],[75.7875483,26.9119624],[75.7875475,26.9119624],[75.7875475,26.9119631],[75.7875467,26.9119631],[75.7875467,26.9119638],[75.7875459,26.9119638],[75.7875459,26.9119646],[75.7875451,26.9119646],[75.7875451,26.9119653],[75.7875443,26.9119653],[75.7875443,26.911966],[75.7875435,26.911966],[75.7875435,26.9119675],[75.7875419,26.9119675],[75.7875419,26.9119689],[75.7875411,26.9119689],[75.7875411,26.9119718],[75.7875403,26.9119718],[75.7875403,26.9119725],[75.7875395,26.9119725],[75.7875395,26.9119733],[75.7875371,26.9119733],[75.7875371,26.911974],[75.7875355,26.911974],[75.7875355,26.9119747],[75.7875347,26.9119747],[75.7875347,26.9119754],[75.7875339,26.9119755],[75.7875339,26.9119762],[75.7875331,26.9119762],[75.7875331,26.9119776],[75.7875323,26.9119776],[75.7875323,26.9119798],[75.7875315,26.9119798],[75.7875315,26.9119812],[75.7875307,26.9119812],[75.7875308,26.9119856],[75.7875316,26.9119856],[75.7875316,26.911987],[75.7875324,26.911987],[75.7875324,26.9119885],[75.7875332,26.9119885],[75.7875332,26.9119892],[75.787534,26.9119892],[75.787534,26.9119899],[75.7875348,26.9119899],[75.7875348,26.9119906],[75.7875356,26.9119906],[75.7875356,26.9119913],[75.7875373,26.9119913],[75.7875373,26.911992],[75.7875381,26.911992],[75.7875381,26.9119935],[75.7875389,26.9119935],[75.7875389,26.9119942],[75.7875397,26.9119942],[75.7875397,26.9119956],[75.7875405,26.9119956],[75.7875405,26.9119964],[75.7875413,26.9119964],[75.7875413,26.9119971],[75.7875421,26.9119971],[75.7875421,26.9119985],[75.7875429,26.9119985],[75.7875429,26.9119992],[75.7875454,26.9119992],[75.7875454,26.9119999],[75.787547,26.9119999],[75.787547,26.9120007],[75.7875478,26.9120007],[75.7875478,26.9120014],[75.7875486,26.9120014],[75.7875486,26.9120021],[75.7875494,26.9120021],[75.7875494,26.9120028],[75.7875502,26.9120028],[75.7875502,26.9120035],[75.787551,26.9120035],[75.787551,26.9120042],[75.7875518,26.9120042],[75.7875519,26.9120057],[75.7875527,26.9120057],[75.7875527,26.9120064],[75.7875535,26.9120064],[75.7875535,26.9120071],[75.7875543,26.9120071],[75.7875543,26.9120086],[75.7875551,26.9120086],[75.7875551,26.9120093],[75.7875559,26.9120093],[75.7875559,26.9120107],[75.7875567,26.9120107],[75.7875567,26.9120122],[75.7875583,26.9120122],[75.7875583,26.9120129],[75.7875592,26.9120129],[75.7875592,26.9120136],[75.78756,26.9120136],[75.78756,26.9120143],[75.7875608,26.9120143],[75.7875608,26.912015],[75.7875616,26.912015],[75.7875616,26.9120157],[75.7875664,26.9120157]],[[75.7875664,26.9120121],[75.7875672,26.9120121],[75.7875672,26.9120107],[75.7875664,26.9120107],[75.7875664,26.9120099],[75.7875607,26.91201],[75.7875607,26.9120092],[75.7875599,26.9120093],[75.7875599,26.9120085],[75.7875591,26.9120085],[75.7875591,26.9120078],[75.7875583,26.9120078],[75.7875583,26.9120071],[75.7875567,26.9120071],[75.7875567,26.9120064],[75.7875559,26.9120064],[75.7875559,26.9120057],[75.7875543,26.9120057],[75.7875543,26.912005],[75.7875535,26.912005],[75.7875535,26.9120042],[75.7875543,26.9120042],[75.7875543,26.9120035],[75.7875575,26.9120035],[75.7875575,26.9120042],[75.7875583,26.9120042],[75.7875583,26.9120049],[75.7875591,26.9120049],[75.7875591,26.9120042],[75.7875599,26.9120042],[75.7875599,26.9120035],[75.7875607,26.9120035],[75.7875607,26.9120027],[75.7875623,26.9120027],[75.7875623,26.912002],[75.7875639,26.912002],[75.7875639,26.9120013],[75.7875647,26.9120013],[75.7875647,26.9120006],[75.7875671,26.9120005],[75.7875671,26.9120027],[75.7875696,26.9120027],[75.7875695,26.9119998],[75.7875728,26.9119998],[75.7875728,26.9120005],[75.7875736,26.9120005],[75.7875736,26.9120012],[75.787572,26.9120012],[75.787572,26.912002],[75.7875712,26.912002],[75.7875712,26.9120077],[75.7875704,26.9120078],[75.7875704,26.9120092],[75.7875696,26.9120092],[75.7875696,26.9120106],[75.7875688,26.9120106],[75.7875688,26.9120121],[75.787568,26.9120121],[75.787568,26.9120128],[75.7875664,26.9120128],[75.7875664,26.9120121]]]}},{"type":"Feature","properties":{"building_id":"B-0094","vertices":88},"geometry":{"type":"Polygon","coordinates":[[[75.7873307,26.9117224],[75.7873307,26.9117209],[75.7873315,26.9117209],[75.7873315,26.911718],[75.7873323,26.911718],[75.7873323,26.9117093],[75.7873331,26.9117093],[75.7873331,26.9117079],[75.7873339,26.9117079],[75.7873339,26.9117072],[75.7873347,26.9117072],[75.7873347,26.9117064],[75.7873355,26.9117064],[75.7873355,26.911705],[75.7873363,26.911705],[75.7873363,26.9117028],[75.7873371,26.9117028],[75.787337,26.9117006],[75.7873378,26.9117006],[75.7873378,26.9116992],[75.7873386,26.9116992],[75.7873386,26.911697],[75.7873394,26.911697],[75.7873394,26.9116949],[75.7873402,26.9116949],[75.7873402,26.9116847],[75.7873393,26.9116847],[75.7873393,26.911684],[75.7873377,26.911684],[75.7873377,26.9116833],[75.7873345,26.9116833],[75.7873345,26.9116826],[75.7873313,26.9116826],[75.7873313,26.9116819],[75.7873289,26.9116819],[75.7873289,26.9116812],[75.7873264,26.9116812],[75.7873264,26.9116805],[75.787324,26.9116805],[75.787324,26.9116798],[75.7873216,26.9116798],[75.7873216,26.9116791],[75.7873184,26.9116791],[75.7873184,26.9116784],[75.7873151,26.9116784],[75.7873151,26.9116777],[75.7873127,26.9116777],[75.7873127,26.911677],[75.7873095,26.911677],[75.7873095,26.9116762],[75.7872998,26.9116763],[75.7872998,26.9116785],[75.787299,26.9116785],[75.787299,26.9116799],[75.7872982,26.9116799],[75.7872982,26.9116814],[75.7872974,26.9116814],[75.7872974,26.9116828],[75.7872966,26.9116828],[75.7872967,26.911685],[75.7872958,26.911685],[75.7872958,26.9116857],[75.787295,26.9116857],[75.7872952,26.9117139],[75.787296,26.9117139],[75.7872961,26.9117146],[75.7872977,26.9117146],[75.7872977,26.9117153],[75.7873001,26.9117153],[75.7873001,26.911716],[75.7873049,26.911716],[75.7873049,26.9117167],[75.787309,26.9117167],[75.787309,26.9117174],[75.7873122,26.9117174],[75.7873122,26.9117181],[75.787317,26.9117181],[75.787317,26.9117188],[75.7873194,26.9117188],[75.7873194,26.9117195],[75.7873211,26.9117195],[75.7873211,26.9117202],[75.7873227,26.9117202],[75.7873227,26.911721],[75.7873251,26.9117209],[75.7873251,26.9117217],[75.7873275,26.9117216],[75.7873275,26.9117224],[75.7873307,26.9117224]]]}},{"type":"Feature","properties":{"building_id":"B-0089","vertices":162},"geometry":{"type":"Polygon","coordinates":[[[75.7873583,26.9117439],[75.7873583,26.9117431],[75.7873591,26.9117431],[75.7873591,26.9117424],[75.7873599,26.9117424],[75.7873599,26.9117417],[75.7873607,26.9117417],[75.7873607,26.9117402],[75.7873615,26.9117402],[75.7873615,26.9117381],[75.7873623,26.9117381],[75.7873623,26.9117366],[75.7873631,26.9117366],[75.7873631,26.9117359],[75.7873639,26.9117359],[75.7873639,26.9117337],[75.7873647,26.9117337],[75.7873646,26.9117308],[75.7873654,26.9117308],[75.7873654,26.9117294],[75.7873662,26.9117294],[75.7873662,26.9117272],[75.787367,26.9117272],[75.787367,26.911725],[75.7873678,26.911725],[75.7873678,26.9117229],[75.7873686,26.9117229],[75.7873686,26.9117214],[75.7873694,26.9117214],[75.7873694,26.91172],[75.7873702,26.91172],[75.7873702,26.9117178],[75.787371,26.9117178],[75.787371,26.9117171],[75.7873718,26.9117171],[75.7873718,26.9117156],[75.7873726,26.9117156],[75.7873726,26.9117149],[75.7873734,26.9117149],[75.7873733,26.9117077],[75.7873725,26.9117077],[75.7873725,26.911707],[75.7873701,26.911707],[75.7873701,26.9117062],[75.7873669,26.9117063],[75.7873669,26.9117055],[75.7873653,26.9117055],[75.7873653,26.9117048],[75.7873637,26.9117048],[75.7873637,26.9117041],[75.7873612,26.9117041],[75.7873612,26.9117034],[75.7873588,26.9117034],[75.7873588,26.9117027],[75.7873564,26.9117027],[75.7873564,26.911702],[75.7873556,26.911702],[75.7873556,26.9117013],[75.7873548,26.9117013],[75.7873548,26.9116998],[75.787354,26.9116998],[75.7873539,26.9116969],[75.7873547,26.9116969],[75.7873547,26.9116955],[75.7873555,26.9116955],[75.7873555,26.9116926],[75.7873563,26.9116926],[75.7873563,26.9116904],[75.7873571,26.9116904],[75.7873571,26.9116875],[75.7873579,26.9116875],[75.7873579,26.911681],[75.7873587,26.911681],[75.7873586,26.9116781],[75.7873578,26.9116781],[75.7873578,26.9116774],[75.787357,26.9116774],[75.787357,26.9116767],[75.7873562,26.9116767],[75.7873562,26.911676],[75.7873554,26.911676],[75.7873554,26.9116753],[75.7873546,26.9116753],[75.7873546,26.9116746],[75.7873538,26.9116746],[75.7873538,26.9116731],[75.7873514,26.9116731],[75.7873514,26.9116738],[75.7873506,26.9116739],[75.7873506,26.9116746],[75.7873489,26.9116746],[75.787349,26.9116753],[75.7873481,26.9116753],[75.7873482,26.9116775],[75.7873474,26.9116775],[75.7873474,26.9116796],[75.7873466,26.9116797],[75.7873466,26.9116818],[75.7873458,26.9116818],[75.7873458,26.9116833],[75.787345,26.9116833],[75.787345,26.9116862],[75.7873442,26.9116862],[75.7873442,26.9116891],[75.7873434,26.9116891],[75.7873434,26.9116919],[75.7873426,26.911692],[75.7873426,26.9116941],[75.7873418,26.9116941],[75.7873418,26.9116956],[75.787341,26.9116956],[75.7873411,26.9116985],[75.7873402,26.9116985],[75.7873403,26.9117006],[75.7873395,26.9117006],[75.7873395,26.9117028],[75.7873387,26.9117028],[75.7873387,26.9117057],[75.7873379,26.9117057],[75.7873379,26.9117093],[75.7873371,26.9117093],[75.7873371,26.9117115],[75.7873363,26.9117115],[75.7873363,26.9117137],[75.7873355,26.9117137],[75.7873355,26.9117173],[75.7873347,26.9117173],[75.7873348,26.9117202],[75.787334,26.9117202],[75.787334,26.9117252],[75.7873332,26.9117252],[75.7873332,26.9117281],[75.7873324,26.9117281],[75.7873324,26.9117317],[75.7873316,26.9117317],[75.7873316,26.9117346],[75.7873324,26.9117346],[75.7873324,26.9117353],[75.7873333,26.9117353],[75.7873333,26.9117361],[75.7873341,26.9117361],[75.7873341,26.9117368],[75.7873357,26.9117368],[75.7873357,26.9117375],[75.7873373,26.9117375],[75.7873373,26.9117382],[75.7873381,26.9117382],[75.7873381,26.9117389],[75.7873389,26.9117389],[75.7873389,26.9117396],[75.7873413,26.9117396],[75.7873413,26.9117403],[75.7873438,26.9117403],[75.7873438,26.9117411],[75.787347,26.911741],[75.787347,26.9117418],[75.7873502,26.9117417],[75.7873502,26.9117425],[75.7873543,26.9117424],[75.7873543,26.9117432],[75.7873567,26.9117432],[75.7873567,26.9117439],[75.7873583,26.9117439]]]}},{"type":"Feature","properties":{"building_id":"B-0012","vertices":216},"geometry":{"type":"Polygon","coordinates":[[[75.787389,26.9123359],[75.787389,26.9123352],[75.7873898,26.9123352],[75.7873898,26.9123345],[75.7873914,26.9123345],[75.7873914,26.912333],[75.7873922,26.912333],[75.7873922,26.9123323],[75.787393,26.9123323],[75.787393,26.9123316],[75.7873938,26.9123316],[75.7873938,26.9123309],[75.7873946,26.9123309],[75.7873946,26.9123301],[75.7873954,26.9123301],[75.7873954,26.9123287],[75.7873962,26.9123287],[75.7873962,26.912328],[75.787397,26.912328],[75.787397,26.9123272],[75.7873978,26.9123272],[75.7873978,26.9123258],[75.7873986,26.9123258],[75.7873986,26.9123251],[75.7873994,26.9123251],[75.7873994,26.9123243],[75.7874002,26.9123243],[75.7874002,26.9123236],[75.787401,26.9123236],[75.787401,26.9123229],[75.7874026,26.9123229],[75.7874026,26.9123221],[75.7874034,26.9123221],[75.7874034,26.9123214],[75.7874042,26.9123214],[75.7874042,26.91232],[75.787405,26.91232],[75.787405,26.9123192],[75.7874058,26.9123192],[75.7874058,26.9123185],[75.7874066,26.9123185],[75.7874066,26.9123178],[75.7874074,26.9123178],[75.7874074,26.9123171],[75.7874082,26.9123171],[75.7874082,26.9123163],[75.787409,26.9123163],[75.787409,26.9123156],[75.7874098,26.9123156],[75.7874098,26.9123149],[75.7874106,26.9123149],[75.7874106,26.9123142],[75.7874114,26.9123142],[75.7874114,26.9123134],[75.7874122,26.9123134],[75.7874122,26.9123127],[75.787413,26.9123127],[75.787413,26.9123113],[75.7874138,26.9123113],[75.7874137,26.9123055],[75.7874129,26.9123055],[75.7874129,26.9123048],[75.7874113,26.9123048],[75.7874113,26.912304],[75.7874105,26.912304],[75.7874105,26.9123033],[75.7874097,26.9123033],[75.7874097,26.9123026],[75.7874089,26.9123026],[75.7874089,26.9123019],[75.7874081,26.9123019],[75.7874081,26.9123012],[75.7874073,26.9123012],[75.7874073,26.9123005],[75.7874065,26.9123005],[75.7874065,26.9122997],[75.7874057,26.9122997],[75.7874056,26.912299],[75.7874048,26.912299],[75.7874048,26.9122983],[75.787404,26.9122983],[75.787404,26.9122976],[75.7874032,26.9122976],[75.7874032,26.9122969],[75.7874024,26.9122969],[75.7874024,26.9122961],[75.7874016,26.9122962],[75.7874016,26.9122954],[75.7874008,26.9122954],[75.7874008,26.9122947],[75.7874,26.9122947],[75.7874,26.9122933],[75.7873992,26.9122933],[75.7873992,26.9122926],[75.7873975,26.9122926],[75.7873975,26.9122918],[75.7873967,26.9122918],[75.7873967,26.9122904],[75.7873959,26.9122904],[75.7873959,26.9122897],[75.7873943,26.9122897],[75.7873943,26.912289],[75.7873935,26.912289],[75.7873935,26.9122883],[75.7873919,26.9122883],[75.7873919,26.9122875],[75.7873903,26.9122875],[75.7873903,26.9122868],[75.7873894,26.9122868],[75.7873894,26.9122861],[75.7873886,26.9122861],[75.7873886,26.9122847],[75.7873878,26.9122847],[75.7873878,26.9122839],[75.787387,26.912284],[75.787387,26.9122832],[75.7873862,26.9122832],[75.7873862,26.9122825],[75.7873854,26.9122825],[75.7873854,26.9122818],[75.7873846,26.9122818],[75.7873846,26.9122811],[75.7873789,26.9122811],[75.7873789,26.9122818],[75.7873781,26.9122818],[75.7873781,26.9122826],[75.7873765,26.9122826],[75.7873765,26.9122833],[75.7873757,26.9122833],[75.7873757,26.912284],[75.7873749,26.912284],[75.7873749,26.9122847],[75.7873741,26.9122847],[75.7873741,26.9122855],[75.7873733,26.9122855],[75.7873733,26.9122862],[75.7873717,26.9122862],[75.7873717,26.9122869],[75.7873709,26.9122869],[75.7873709,26.9122884],[75.7873701,26.9122884],[75.7873701,26.9122891],[75.7873685,26.9122891],[75.7873685,26.9122898],[75.7873677,26.9122898],[75.7873677,26.9122913],[75.7873669,26.9122913],[75.7873669,26.912292],[75.7873661,26.912292],[75.7873661,26.9122927],[75.7873653,26.9122927],[75.7873653,26.9122942],[75.7873645,26.9122942],[75.7873645,26.9122949],[75.7873637,26.9122949],[75.7873637,26.9122956],[75.7873629,26.9122956],[75.7873629,26.9122971],[75.7873621,26.9122971],[75.7873621,26.9122985],[75.7873613,26.9122985],[75.7873614,26.9123022],[75.7873622,26.9123021],[75.7873622,26.9123043],[75.787363,26.9123043],[75.787363,26.9123065],[75.7873638,26.9123065],[75.7873638,26.9123072],[75.7873646,26.9123072],[75.7873646,26.9123079],[75.7873654,26.9123079],[75.7873654,26.9123086],[75.7873662,26.9123086],[75.7873662,26.9123093],[75.7873679,26.9123093],[75.7873679,26.9123108],[75.7873687,26.9123108],[75.7873687,26.9123115],[75.7873695,26.9123115],[75.7873695,26.9123122],[75.7873711,26.9123122],[75.7873711,26.9123129],[75.7873727,26.9123129],[75.7873727,26.9123136],[75.7873735,26.9123136],[75.7873735,26.9123151],[75.7873743,26.9123151],[75.7873743,26.9123158],[75.7873751,26.9123158],[75.7873752,26.9123165],[75.787376,26.9123165],[75.787376,26.9123172],[75.7873768,26.9123172],[75.7873768,26.912318],[75.7873776,26.912318],[75.7873776,26.9123194],[75.7873784,26.9123194],[75.7873784,26.9123208],[75.7873792,26.9123208],[75.7873792,26.912323],[75.78738,26.912323],[75.78738,26.9123244],[75.7873808,26.9123244],[75.7873809,26.9123252],[75.7873817,26.9123252],[75.7873817,26.9123273],[75.7873825,26.9123273],[75.7873825,26.9123288],[75.7873833,26.9123288],[75.7873833,26.9123302],[75.7873841,26.9123302],[75.7873841,26.9123331],[75.7873849,26.9123331],[75.7873849,26.9123345],[75.7873858,26.9123345],[75.7873858,26.912336],[75.787389,26.9123359]]]}},{"type":"Feature","properties":{"building_id":"B-0123","vertices":144},"geometry":{"type":"Polygon","coordinates":[[[75.7875809,26.9115519],[75.7875809,26.9115512],[75.7875825,26.9115512],[75.7875825,26.9115505],[75.7875833,26.9115505],[75.7875833,26.9115498],[75.7875849,26.9115498],[75.7875849,26.911549],[75.7875898,26.911549],[75.7875898,26.9115497],[75.787593,26.9115497],[75.787593,26.9115504],[75.7875962,26.9115504],[75.7875962,26.9115511],[75.7876011,26.9115511],[75.7876011,26.9115504],[75.7876019,26.9115504],[75.7876018,26.9115482],[75.7876027,26.9115482],[75.7876026,26.9115453],[75.7876034,26.9115453],[75.7876034,26.9115424],[75.7876042,26.9115424],[75.7876042,26.911541],[75.787605,26.911541],[75.787605,26.9115388],[75.7876058,26.9115388],[75.7876058,26.9115366],[75.7876066,26.9115366],[75.7876066,26.9115345],[75.7876074,26.9115345],[75.7876073,26.911528],[75.7876057,26.911528],[75.7876057,26.9115273],[75.7876017,26.9115273],[75.7876017,26.9115266],[75.7875985,26.9115266],[75.7875985,26.9115259],[75.7875977,26.9115259],[75.7875977,26.9115251],[75.7875961,26.9115251],[75.787596,26.9115244],[75.7875944,26.9115244],[75.7875944,26.9115237],[75.7875936,26.9115237],[75.7875936,26.911523],[75.787592,26.911523],[75.787592,26.9115223],[75.7875904,26.9115223],[75.7875904,26.9115216],[75.7875888,26.9115216],[75.7875888,26.9115208],[75.7875872,26.9115209],[75.7875872,26.9115201],[75.7875847,26.9115201],[75.7875847,26.9115194],[75.7875815,26.9115194],[75.7875815,26.9115187],[75.7875791,26.9115187],[75.7875791,26.911518],[75.7875775,26.911518],[75.7875775,26.9115173],[75.787575,26.9115173],[75.787575,26.9115166],[75.7875742,26.9115166],[75.7875742,26.9115159],[75.7875726,26.9115159],[75.7875726,26.9115152],[75.787571,26.9115152],[75.787571,26.9115144],[75.7875702,26.9115145],[75.7875702,26.9115137],[75.7875654,26.9115138],[75.7875654,26.9115145],[75.7875646,26.9115145],[75.7875646,26.9115152],[75.7875638,26.9115152],[75.7875638,26.9115159],[75.787563,26.9115159],[75.787563,26.9115167],[75.7875622,26.9115167],[75.7875622,26.9115174],[75.7875614,26.9115174],[75.7875614,26.9115181],[75.7875606,26.9115181],[75.7875606,26.9115188],[75.7875598,26.9115188],[75.7875598,26.9115196],[75.787559,26.9115196],[75.787559,26.911521],[75.7875582,26.911521],[75.7875582,26.9115217],[75.7875574,26.9115217],[75.7875574,26.9115225],[75.7875566,26.9115225],[75.7875566,26.9115239],[75.7875558,26.9115239],[75.7875558,26.9115246],[75.787555,26.9115246],[75.787555,26.9115268],[75.7875542,26.9115268],[75.7875542,26.9115275],[75.7875534,26.9115275],[75.7875534,26.9115283],[75.7875518,26.9115283],[75.7875518,26.911529],[75.787551,26.911529],[75.787551,26.9115297],[75.7875502,26.9115297],[75.7875502,26.9115305],[75.7875494,26.9115305],[75.7875494,26.9115319],[75.7875486,26.9115319],[75.7875486,26.9115341],[75.7875494,26.9115341],[75.7875494,26.9115413],[75.7875486,26.9115413],[75.7875486,26.9115427],[75.7875478,26.9115427],[75.7875478,26.9115435],[75.7875535,26.9115434],[75.7875535,26.9115442],[75.7875575,26.9115441],[75.7875575,26.9115449],[75.7875599,26.9115448],[75.7875599,26.9115456],[75.7875607,26.9115456],[75.7875607,26.9115463],[75.7875616,26.9115463],[75.7875616,26.911547],[75.7875624,26.911547],[75.7875624,26.9115477],[75.787564,26.9115477],[75.787564,26.9115484],[75.7875656,26.9115484],[75.7875656,26.9115491],[75.787568,26.9115491],[75.787568,26.9115499],[75.7875704,26.9115498],[75.7875704,26.9115506],[75.7875729,26.9115505],[75.7875729,26.9115513],[75.7875761,26.9115513],[75.7875761,26.911552],[75.7875809,26.9115519]]]}},{"type":"Feature","properties":{"building_id":"B-0125","vertices":182},"geometry":{"type":"Polygon","coordinates":[[[75.7876194,26.9115286],[75.7876194,26.9115279],[75.787621,26.9115279],[75.787621,26.9115272],[75.7876218,26.9115272],[75.7876218,26.9115257],[75.7876226,26.9115257],[75.7876226,26.9115243],[75.7876234,26.9115243],[75.7876234,26.9115221],[75.7876242,26.9115221],[75.7876242,26.9115207],[75.787625,26.9115206],[75.787625,26.9115199],[75.787629,26.9115199],[75.787629,26.9115192],[75.7876363,26.9115191],[75.7876363,26.9115184],[75.7876371,26.9115184],[75.7876371,26.9115148],[75.7876363,26.9115148],[75.7876363,26.9115141],[75.7876346,26.9115141],[75.7876346,26.9115134],[75.7876314,26.9115134],[75.7876314,26.9115127],[75.7876298,26.9115127],[75.7876298,26.911512],[75.787629,26.911512],[75.787629,26.9115112],[75.7876266,26.9115112],[75.7876266,26.9115105],[75.7876241,26.9115105],[75.7876241,26.9115098],[75.7876217,26.9115098],[75.7876217,26.9115091],[75.7876209,26.9115091],[75.7876209,26.9115084],[75.7876193,26.9115084],[75.7876193,26.9115077],[75.7876177,26.9115077],[75.7876177,26.911507],[75.7876161,26.911507],[75.7876161,26.9115063],[75.7876153,26.9115063],[75.7876152,26.9115055],[75.7876144,26.9115055],[75.7876144,26.9115048],[75.7876128,26.9115048],[75.7876128,26.9115034],[75.787612,26.9115034],[75.787612,26.9115019],[75.7876112,26.9115019],[75.7876112,26.9115012],[75.7876104,26.9115012],[75.7876104,26.9114998],[75.7876096,26.9114998],[75.7876096,26.9114991],[75.787608,26.9114991],[75.7876079,26.9114984],[75.7876071,26.9114984],[75.7876071,26.9114976],[75.7876063,26.9114976],[75.7876063,26.9114969],[75.7876055,26.9114969],[75.7876055,26.9114962],[75.7876047,26.9114962],[75.7876047,26.9114955],[75.7876039,26.9114955],[75.7876039,26.9114948],[75.7876031,26.9114948],[75.7876031,26.911494],[75.7876023,26.911494],[75.7876023,26.9114933],[75.7876007,26.9114933],[75.7876007,26.9114919],[75.7875998,26.9114919],[75.7875998,26.9114912],[75.787599,26.9114912],[75.787599,26.9114905],[75.7875982,26.9114905],[75.7875982,26.9114897],[75.7875974,26.9114897],[75.7875974,26.911489],[75.7875966,26.911489],[75.7875966,26.9114883],[75.7875958,26.9114883],[75.7875958,26.9114876],[75.787595,26.9114876],[75.787595,26.9114869],[75.7875934,26.9114869],[75.7875934,26.9114862],[75.7875909,26.9114862],[75.7875909,26.9114854],[75.7875845,26.9114855],[75.7875845,26.9114869],[75.7875837,26.9114869],[75.7875837,26.9114891],[75.7875829,26.9114891],[75.7875829,26.9114905],[75.7875821,26.9114906],[75.7875821,26.9114913],[75.7875813,26.9114913],[75.7875813,26.911492],[75.7875805,26.911492],[75.7875805,26.9114927],[75.7875797,26.9114927],[75.7875797,26.9114942],[75.7875789,26.9114942],[75.7875789,26.9114956],[75.7875781,26.9114956],[75.7875781,26.9114964],[75.7875773,26.9114964],[75.7875773,26.9114978],[75.7875765,26.9114978],[75.7875765,26.9114985],[75.7875757,26.9114985],[75.7875757,26.9115],[75.7875749,26.9115],[75.7875749,26.9115014],[75.7875741,26.9115014],[75.7875741,26.9115022],[75.7875733,26.9115022],[75.7875733,26.9115029],[75.7875725,26.9115029],[75.7875725,26.9115036],[75.7875717,26.9115036],[75.7875717,26.9115043],[75.7875709,26.9115043],[75.7875709,26.9115051],[75.7875701,26.9115051],[75.7875701,26.9115065],[75.7875693,26.9115065],[75.7875693,26.9115087],[75.7875685,26.9115087],[75.7875686,26.9115123],[75.7875694,26.9115123],[75.7875694,26.911513],[75.7875702,26.911513],[75.7875702,26.9115137],[75.787571,26.9115137],[75.787571,26.9115144],[75.7875718,26.9115144],[75.7875718,26.9115152],[75.7875734,26.9115152],[75.7875734,26.9115159],[75.787575,26.9115159],[75.787575,26.9115166],[75.7875767,26.9115166],[75.7875767,26.9115173],[75.7875791,26.9115173],[75.7875791,26.911518],[75.7875807,26.911518],[75.7875807,26.9115187],[75.7875831,26.9115187],[75.7875831,26.9115194],[75.7875855,26.9115194],[75.7875855,26.9115201],[75.787588,26.9115201],[75.787588,26.9115209],[75.7875896,26.9115208],[75.7875896,26.9115216],[75.7875912,26.9115216],[75.7875912,26.9115223],[75.7875928,26.9115223],[75.7875928,26.911523],[75.7875936,26.911523],[75.7875936,26.9115237],[75.787596,26.9115237],[75.787596,26.9115244],[75.7875977,26.9115244],[75.7875977,26.9115251],[75.7875985,26.9115251],[75.7875985,26.9115259],[75.7876009,26.9115258],[75.7876009,26.9115266],[75.7876033,26.9115265],[75.7876033,26.9115273],[75.7876081,26.9115272],[75.7876082,26.911528],[75.7876178,26.9115279],[75.7876178,26.9115286],[75.7876194,26.9115286]]]}},{"type":"Feature","properties":{"building_id":"B-0004","vertices":202},"geometry":{"type":"Polygon","coordinates":[[[75.7874126,26.9123683],[75.7874126,26.9123676],[75.7874142,26.9123676],[75.7874142,26.9123669],[75.7874166,26.9123668],[75.7874166,26.9123661],[75.7874174,26.9123661],[75.7874174,26.9123654],[75.787419,26.9123654],[75.787419,26.9123647],[75.7874198,26.9123647],[75.7874198,26.9123639],[75.7874206,26.9123639],[75.7874206,26.9123632],[75.7874214,26.9123632],[75.7874214,26.9123625],[75.7874222,26.9123625],[75.7874222,26.9123618],[75.787423,26.9123618],[75.787423,26.912361],[75.7874238,26.912361],[75.7874238,26.9123603],[75.7874246,26.9123603],[75.7874246,26.9123596],[75.7874254,26.9123596],[75.7874254,26.9123581],[75.7874262,26.9123581],[75.7874262,26.9123574],[75.787427,26.9123574],[75.787427,26.912356],[75.7874278,26.912356],[75.7874278,26.9123552],[75.7874286,26.9123552],[75.7874286,26.9123545],[75.7874294,26.9123545],[75.7874294,26.9123538],[75.7874302,26.9123538],[75.7874302,26.9123523],[75.787431,26.9123523],[75.787431,26.9123509],[75.7874318,26.9123509],[75.7874318,26.9123502],[75.7874326,26.9123501],[75.7874326,26.9123494],[75.7874334,26.9123494],[75.7874334,26.9123487],[75.7874342,26.9123487],[75.7874342,26.912348],[75.787435,26.912348],[75.787435,26.9123472],[75.7874358,26.9123472],[75.7874358,26.9123465],[75.7874366,26.9123465],[75.7874366,26.9123458],[75.7874374,26.9123458],[75.7874374,26.9123443],[75.7874382,26.9123443],[75.7874382,26.9123436],[75.787439,26.9123436],[75.787439,26.9123422],[75.7874398,26.9123422],[75.7874397,26.9123364],[75.7874389,26.9123364],[75.7874389,26.9123349],[75.7874381,26.9123349],[75.7874381,26.9123335],[75.7874373,26.9123335],[75.7874373,26.9123328],[75.7874365,26.9123328],[75.7874365,26.9123321],[75.7874357,26.9123321],[75.7874357,26.9123314],[75.7874349,26.9123314],[75.7874349,26.9123306],[75.7874341,26.9123306],[75.7874341,26.9123299],[75.7874333,26.9123299],[75.7874332,26.9123285],[75.7874324,26.9123285],[75.7874324,26.9123278],[75.7874316,26.9123278],[75.7874316,26.912327],[75.7874308,26.912327],[75.7874308,26.9123256],[75.78743,26.9123256],[75.78743,26.9123184],[75.7874291,26.9123184],[75.7874291,26.9123169],[75.7874283,26.9123169],[75.7874283,26.9123162],[75.7874275,26.9123162],[75.7874275,26.9123148],[75.7874267,26.9123148],[75.7874267,26.9123141],[75.7874178,26.9123141],[75.7874178,26.9123156],[75.787417,26.9123156],[75.7874171,26.912317],[75.7874162,26.912317],[75.7874162,26.9123177],[75.7874154,26.9123177],[75.7874155,26.9123192],[75.7874146,26.9123192],[75.7874147,26.9123199],[75.7874138,26.9123199],[75.7874139,26.9123206],[75.787413,26.9123206],[75.7874131,26.9123214],[75.7874122,26.9123214],[75.7874123,26.9123228],[75.7874115,26.9123228],[75.7874115,26.9123243],[75.7874107,26.9123243],[75.7874107,26.912325],[75.787409,26.912325],[75.7874091,26.9123257],[75.7874074,26.9123257],[75.7874074,26.9123265],[75.7874066,26.9123265],[75.7874067,26.9123279],[75.7874058,26.9123279],[75.7874059,26.9123286],[75.787405,26.9123286],[75.7874051,26.9123294],[75.7874042,26.9123294],[75.7874043,26.9123301],[75.7874034,26.9123301],[75.7874035,26.9123315],[75.7874026,26.9123315],[75.7874027,26.912333],[75.7874019,26.912333],[75.7874019,26.9123337],[75.7874011,26.9123337],[75.7874011,26.9123344],[75.7873994,26.9123344],[75.7873995,26.9123352],[75.7873986,26.9123352],[75.7873987,26.9123366],[75.7873979,26.9123366],[75.7873979,26.9123373],[75.7873971,26.9123373],[75.7873971,26.9123388],[75.7873963,26.9123388],[75.7873963,26.9123395],[75.7873955,26.9123395],[75.7873955,26.912341],[75.7873947,26.912341],[75.7873947,26.9123424],[75.7873939,26.9123424],[75.7873939,26.9123431],[75.7873923,26.9123431],[75.7873923,26.9123439],[75.7873915,26.9123439],[75.7873915,26.9123453],[75.7873907,26.9123453],[75.7873907,26.9123504],[75.7873915,26.9123504],[75.7873915,26.9123511],[75.7873923,26.9123511],[75.7873923,26.9123518],[75.7873931,26.9123518],[75.7873931,26.9123525],[75.7873939,26.9123525],[75.7873939,26.9123533],[75.7873947,26.9123532],[75.7873947,26.912354],[75.7873956,26.912354],[75.7873956,26.9123547],[75.7873964,26.9123547],[75.7873964,26.9123554],[75.7873972,26.9123554],[75.7873972,26.9123561],[75.787398,26.9123561],[75.787398,26.9123568],[75.7873996,26.9123568],[75.7873996,26.9123576],[75.7874004,26.9123575],[75.7874004,26.9123583],[75.7874012,26.9123583],[75.7874012,26.912359],[75.787402,26.912359],[75.787402,26.9123597],[75.7874028,26.9123597],[75.7874028,26.9123604],[75.7874037,26.9123604],[75.7874037,26.9123611],[75.7874045,26.9123611],[75.7874045,26.9123619],[75.7874053,26.9123619],[75.7874053,26.9123626],[75.7874061,26.9123626],[75.7874061,26.9123633],[75.7874069,26.9123633],[75.7874069,26.912364],[75.7874077,26.912364],[75.7874077,26.9123647],[75.7874085,26.9123647],[75.7874085,26.9123662],[75.7874093,26.9123662],[75.7874093,26.9123676],[75.787411,26.9123676],[75.787411,26.9123683],[75.7874126,26.9123683]]]}},{"type":"Feature","properties":{"building_id":"B-0128","vertices":106},"geometry":{"type":"Polygon","coordinates":[[[75.787401,26.9115161],[75.787401,26.9115154],[75.7874018,26.9115154],[75.7874018,26.9115147],[75.7874026,26.9115147],[75.7874026,26.9115046],[75.7874017,26.9115046],[75.7874017,26.9114981],[75.7874025,26.9114981],[75.7874025,26.9114966],[75.7874017,26.9114966],[75.7874017,26.911493],[75.7874009,26.911493],[75.7874008,26.9114916],[75.7874,26.9114916],[75.7874,26.9114908],[75.7873992,26.9114908],[75.7873992,26.9114894],[75.7873984,26.9114894],[75.7873984,26.9114887],[75.7873968,26.9114887],[75.7873968,26.911488],[75.7873952,26.911488],[75.7873952,26.9114873],[75.7873936,26.9114873],[75.7873936,26.9114865],[75.787392,26.9114866],[75.7873919,26.9114858],[75.7873887,26.9114859],[75.7873887,26.9114866],[75.7873807,26.9114866],[75.7873807,26.9114859],[75.7873774,26.9114859],[75.7873774,26.9114852],[75.787375,26.9114852],[75.787375,26.9114845],[75.7873742,26.9114845],[75.7873742,26.9114838],[75.7873718,26.9114838],[75.7873718,26.9114831],[75.7873686,26.9114831],[75.7873686,26.9114824],[75.7873661,26.9114824],[75.7873661,26.9114816],[75.7873637,26.9114817],[75.7873637,26.9114809],[75.7873468,26.911481],[75.7873468,26.9114818],[75.7873452,26.9114818],[75.7873452,26.9114825],[75.7873444,26.9114825],[75.7873444,26.9114832],[75.7873436,26.9114832],[75.7873436,26.9114861],[75.7873428,26.9114861],[75.7873428,26.911489],[75.787342,26.911489],[75.787342,26.9114912],[75.7873412,26.9114912],[75.7873412,26.9114933],[75.7873404,26.9114933],[75.7873405,26.9114955],[75.7873396,26.9114955],[75.7873397,26.9114998],[75.7873405,26.9114998],[75.7873405,26.9115006],[75.7873413,26.9115006],[75.7873413,26.9115013],[75.7873421,26.9115013],[75.7873421,26.911502],[75.7873453,26.911502],[75.7873453,26.9115027],[75.7873486,26.9115027],[75.7873486,26.9115034],[75.787351,26.9115034],[75.787351,26.9115041],[75.7873542,26.9115041],[75.7873542,26.9115048],[75.7873566,26.9115048],[75.7873566,26.9115055],[75.7873591,26.9115055],[75.7873591,26.9115062],[75.7873607,26.9115062],[75.7873607,26.911507],[75.7873623,26.9115069],[75.7873623,26.9115077],[75.7873647,26.9115077],[75.7873647,26.9115084],[75.7873687,26.9115084],[75.7873687,26.9115091],[75.7873728,26.9115091],[75.7873728,26.9115098],[75.7873768,26.9115098],[75.7873768,26.9115105],[75.78738,26.9115105],[75.78738,26.9115112],[75.7873833,26.9115112],[75.7873833,26.9115133],[75.7873865,26.9115133],[75.7873865,26.911514],[75.7873889,26.911514],[75.7873889,26.9115147],[75.7873913,26.9115147],[75.7873913,26.9115154],[75.7873962,26.9115154],[75.7873962,26.9115161],[75.787401,26.9115161]]]}},{"type":"Feature","properties":{"building_id":"B-0106","vertices":112},"geometry":{"type":"Polygon","coordinates":[[[75.7874069,26.9116685],[75.7874069,26.9116678],[75.7874077,26.9116678],[75.7874077,26.911667],[75.7874085,26.911667],[75.7874085,26.9116663],[75.7874093,26.9116663],[75.7874093,26.9116649],[75.7874101,26.9116649],[75.7874101,26.9116641],[75.7874109,26.9116641],[75.7874109,26.9116627],[75.7874117,26.9116627],[75.7874117,26.9116605],[75.7874125,26.9116605],[75.7874125,26.9116583],[75.7874133,26.9116583],[75.7874133,26.9116576],[75.7874141,26.9116576],[75.7874141,26.9116562],[75.7874149,26.9116562],[75.7874149,26.9116554],[75.7874157,26.9116554],[75.7874157,26.9116547],[75.7874165,26.9116547],[75.7874165,26.911654],[75.7874173,26.911654],[75.7874173,26.9116533],[75.7874245,26.9116532],[75.7874245,26.9116525],[75.7874261,26.9116525],[75.7874261,26.9116489],[75.7874269,26.9116489],[75.7874269,26.9116445],[75.7874277,26.9116445],[75.7874277,26.9116438],[75.7874285,26.9116438],[75.7874285,26.9116424],[75.7874293,26.9116424],[75.7874293,26.9116416],[75.7874301,26.9116416],[75.7874301,26.9116409],[75.7874309,26.9116409],[75.7874309,26.9116395],[75.7874317,26.9116395],[75.7874317,26.911638],[75.7874333,26.911638],[75.7874333,26.9116373],[75.7874341,26.9116373],[75.7874341,26.9116358],[75.7874333,26.9116358],[75.7874332,26.9116322],[75.7874341,26.9116322],[75.787434,26.9116308],[75.7874348,26.9116308],[75.7874348,26.9116214],[75.787434,26.9116214],[75.787434,26.9116185],[75.7874323,26.9116185],[75.7874323,26.9116178],[75.7874299,26.9116178],[75.7874299,26.9116171],[75.7874283,26.9116171],[75.7874283,26.9116164],[75.7874267,26.9116164],[75.7874267,26.9116156],[75.7874243,26.9116157],[75.7874243,26.9116149],[75.7874227,26.9116149],[75.7874226,26.9116142],[75.7874202,26.9116142],[75.7874202,26.9116135],[75.7874186,26.9116135],[75.7874186,26.9116128],[75.7874178,26.9116128],[75.7874178,26.9116121],[75.7874162,26.9116121],[75.7874162,26.9116114],[75.7874138,26.9116114],[75.7874138,26.9116107],[75.7874105,26.9116107],[75.7874105,26.91161],[75.7874033,26.91161],[75.7874033,26.9116158],[75.7874025,26.9116158],[75.7874026,26.9116216],[75.7874018,26.9116216],[75.7874018,26.9116245],[75.787401,26.9116245],[75.787401,26.9116273],[75.7874002,26.9116273],[75.7874002,26.9116302],[75.7873994,26.9116302],[75.7873994,26.9116324],[75.7873986,26.9116324],[75.7873986,26.9116353],[75.7873978,26.9116353],[75.7873978,26.9116382],[75.787397,26.9116382],[75.7873971,26.9116425],[75.7873979,26.9116425],[75.7873979,26.911649],[75.7873971,26.911649],[75.7873972,26.9116613],[75.7873964,26.9116613],[75.7873964,26.9116642],[75.7873956,26.9116642],[75.7873956,26.9116664],[75.7873964,26.9116664],[75.7873964,26.9116678],[75.787398,26.9116678],[75.787398,26.9116685],[75.7874069,26.9116685]]]}},{"type":"Feature","properties":{"building_id":"B-0113","vertices":56},"geometry":{"type":"Polygon","coordinates":[[[75.7873276,26.9116234],[75.7873276,26.9116227],[75.7873284,26.9116227],[75.7873284,26.9116212],[75.7873292,26.9116212],[75.7873292,26.9116162],[75.78733,26.9116162],[75.78733,26.9116126],[75.7873308,26.9116126],[75.7873308,26.9116111],[75.7873316,26.9116111],[75.7873316,26.911609],[75.7873324,26.9116089],[75.7873324,26.9116075],[75.7873332,26.9116075],[75.7873332,26.9116061],[75.787334,26.9116061],[75.7873339,26.9116032],[75.7873348,26.9116032],[75.7873347,26.9116003],[75.7873355,26.9116003],[75.7873355,26.9115887],[75.7873347,26.9115887],[75.7873346,26.911588],[75.7873338,26.911588],[75.7873338,26.9115873],[75.787333,26.9115873],[75.787333,26.9115866],[75.7873314,26.9115866],[75.7873314,26.9115858],[75.7873274,26.9115859],[75.7873274,26.9115851],[75.7873225,26.9115852],[75.7873225,26.9115844],[75.7873201,26.9115845],[75.7873201,26.9115837],[75.7873169,26.9115838],[75.7873169,26.911583],[75.7873137,26.9115831],[75.7873137,26.9115823],[75.787308,26.9115824],[75.787308,26.9115816],[75.7873024,26.9115817],[75.7873024,26.9115809],[75.7872943,26.911581],[75.7872946,26.91162],[75.7872962,26.91162],[75.7872962,26.9116207],[75.7872978,26.9116207],[75.7872978,26.9116214],[75.7873002,26.9116214],[75.7873002,26.9116221],[75.7873051,26.9116221],[75.7873051,26.9116228],[75.7873188,26.9116227],[75.7873188,26.9116235],[75.7873276,26.9116234]]]}},{"type":"Feature","properties":{"building_id":"B-0127","vertices":54},"geometry":{"type":"Polygon","coordinates":[[[75.7873365,26.9115136],[75.7873365,26.9115129],[75.7873398,26.9115128],[75.7873398,26.9115121],[75.7873414,26.9115121],[75.7873413,26.9115063],[75.7873405,26.9115063],[75.7873405,26.9115042],[75.7873397,26.9115042],[75.7873397,26.911502],[75.7873389,26.911502],[75.7873389,26.9114999],[75.7873381,26.9114999],[75.787338,26.9114962],[75.7873388,26.9114962],[75.7873388,26.9114948],[75.7873396,26.9114948],[75.7873396,26.9114941],[75.7873404,26.9114941],[75.7873404,26.9114926],[75.7873412,26.9114926],[75.7873412,26.9114904],[75.787342,26.9114904],[75.787342,26.9114876],[75.7873428,26.9114876],[75.7873428,26.9114825],[75.7873412,26.9114825],[75.7873412,26.9114818],[75.7873347,26.9114818],[75.7873347,26.9114811],[75.7873275,26.9114811],[75.7873275,26.9114804],[75.7873226,26.9114804],[75.7873226,26.9114797],[75.7873146,26.9114798],[75.7873146,26.911479],[75.7873105,26.9114791],[75.7873105,26.9114783],[75.7872936,26.9114784],[75.7872938,26.9115088],[75.7872946,26.9115088],[75.7872946,26.9115095],[75.7872962,26.9115095],[75.7872962,26.9115102],[75.7872995,26.9115102],[75.7872995,26.9115109],[75.7873083,26.9115109],[75.7873083,26.9115116],[75.787314,26.9115115],[75.787314,26.9115123],[75.7873245,26.9115122],[75.7873245,26.9115129],[75.7873357,26.9115129],[75.7873357,26.9115136],[75.7873365,26.9115136]]]}},{"type":"Feature","properties":{"building_id":"B-0059","vertices":142},"geometry":{"type":"Polygon","coordinates":[[[75.7879893,26.9120011],[75.7879893,26.9120004],[75.7879901,26.9120004],[75.7879901,26.9119996],[75.7879909,26.9119996],[75.7879909,26.9119989],[75.7879917,26.9119989],[75.7879917,26.9119967],[75.7879925,26.9119967],[75.7879925,26.9119953],[75.7879933,26.9119953],[75.7879933,26.9119931],[75.7879941,26.9119931],[75.7879941,26.9119917],[75.7879949,26.9119917],[75.7879949,26.9119902],[75.7879957,26.9119902],[75.7879957,26.9119888],[75.7879965,26.9119888],[75.7879964,26.9119873],[75.7879973,26.9119873],[75.7879972,26.9119859],[75.787998,26.9119859],[75.787998,26.9119844],[75.7879988,26.9119844],[75.7879988,26.911983],[75.7879996,26.911983],[75.7879996,26.9119815],[75.7880004,26.9119815],[75.7880004,26.9119786],[75.7880012,26.9119786],[75.7880012,26.9119765],[75.788002,26.9119765],[75.788002,26.9119736],[75.7880028,26.9119736],[75.7880028,26.9119721],[75.7880036,26.9119721],[75.7880036,26.9119707],[75.7880044,26.9119707],[75.7880044,26.9119692],[75.7880052,26.9119692],[75.7880052,26.9119678],[75.788006,26.9119678],[75.7880059,26.9119634],[75.7880051,26.9119634],[75.7880051,26.9119627],[75.7880035,26.9119627],[75.7880035,26.911962],[75.7880019,26.911962],[75.7880019,26.9119613],[75.7880003,26.9119613],[75.7880003,26.9119606],[75.7879987,26.9119606],[75.7879987,26.9119599],[75.7879971,26.9119599],[75.7879971,26.9119591],[75.7879954,26.9119592],[75.7879954,26.9119584],[75.787993,26.9119584],[75.787993,26.9119577],[75.7879914,26.9119577],[75.7879914,26.911957],[75.7879898,26.911957],[75.7879898,26.9119563],[75.7879874,26.9119563],[75.7879874,26.9119556],[75.7879858,26.9119556],[75.7879857,26.9119549],[75.7879841,26.9119549],[75.7879841,26.9119542],[75.7879817,26.9119542],[75.7879817,26.9119535],[75.7879801,26.9119535],[75.7879801,26.9119527],[75.7879728,26.9119528],[75.7879729,26.9119542],[75.787972,26.9119542],[75.7879721,26.911955],[75.7879712,26.911955],[75.7879713,26.9119564],[75.7879705,26.9119564],[75.7879705,26.9119586],[75.7879697,26.9119586],[75.7879697,26.9119607],[75.7879689,26.9119607],[75.7879689,26.9119622],[75.7879681,26.9119622],[75.7879681,26.9119644],[75.7879673,26.9119644],[75.7879673,26.9119673],[75.7879665,26.9119673],[75.7879665,26.9119694],[75.7879657,26.9119694],[75.7879657,26.9119709],[75.7879649,26.9119709],[75.7879649,26.9119723],[75.7879641,26.9119723],[75.7879641,26.9119738],[75.7879633,26.9119738],[75.7879633,26.9119759],[75.7879625,26.911976],[75.7879625,26.9119774],[75.7879617,26.9119774],[75.7879617,26.9119796],[75.7879609,26.9119796],[75.787961,26.9119817],[75.7879602,26.9119817],[75.7879602,26.9119839],[75.7879594,26.9119839],[75.7879594,26.9119861],[75.7879586,26.9119861],[75.7879586,26.9119897],[75.7879594,26.9119897],[75.7879594,26.9119911],[75.787961,26.9119911],[75.787961,26.9119918],[75.7879626,26.9119918],[75.7879626,26.9119926],[75.7879643,26.9119926],[75.7879643,26.9119933],[75.7879659,26.9119933],[75.7879659,26.911994],[75.7879683,26.911994],[75.7879683,26.9119947],[75.7879707,26.9119947],[75.7879707,26.9119954],[75.7879723,26.9119954],[75.7879723,26.9119961],[75.7879739,26.9119961],[75.787974,26.9119968],[75.7879756,26.9119968],[75.7879756,26.9119975],[75.787978,26.9119975],[75.787978,26.9119983],[75.7879796,26.9119982],[75.7879796,26.911999],[75.7879812,26.911999],[75.7879812,26.9119997],[75.7879836,26.9119997],[75.7879836,26.9120004],[75.7879853,26.9120004],[75.7879853,26.9120011],[75.7879893,26.9120011]]]}},{"type":"Feature","properties":{"building_id":"B-0088","vertices":116},"geometry":{"type":"Polygon","coordinates":[[[75.7874953,26.9117445],[75.7874952,26.9117438],[75.7874977,26.9117438],[75.7874977,26.9117431],[75.7874985,26.9117431],[75.7874984,26.9117402],[75.7874993,26.9117402],[75.7874992,26.9117373],[75.7875,26.9117373],[75.7875,26.9117322],[75.7875008,26.9117322],[75.7875008,26.9117315],[75.7875016,26.9117315],[75.7875016,26.9117308],[75.7875024,26.9117308],[75.7875024,26.9117301],[75.7875016,26.9117301],[75.7875016,26.9117286],[75.7875024,26.9117286],[75.7875024,26.9117272],[75.7875032,26.9117272],[75.7875032,26.9117264],[75.787504,26.9117264],[75.787504,26.9117257],[75.7875048,26.9117257],[75.7875048,26.9117243],[75.7875056,26.9117243],[75.7875056,26.9117221],[75.7875064,26.9117221],[75.7875064,26.9117207],[75.7875072,26.9117206],[75.7875072,26.9117199],[75.787508,26.9117199],[75.7875079,26.9117062],[75.7875063,26.9117062],[75.7875063,26.9117055],[75.7875038,26.9117055],[75.7875038,26.9117048],[75.7875014,26.9117048],[75.7875014,26.9117041],[75.787499,26.9117041],[75.787499,26.9117034],[75.7874958,26.9117034],[75.7874958,26.9117027],[75.7874942,26.9117027],[75.7874942,26.9117019],[75.7874909,26.911702],[75.7874909,26.9117012],[75.7874893,26.9117012],[75.7874893,26.9117005],[75.7874869,26.9117005],[75.7874869,26.9116998],[75.7874853,26.9116998],[75.7874853,26.9116991],[75.7874845,26.9116991],[75.7874845,26.9116984],[75.787482,26.9116984],[75.787482,26.9116977],[75.7874804,26.9116977],[75.7874804,26.911697],[75.7874732,26.911697],[75.7874732,26.9116977],[75.7874724,26.9116977],[75.7874724,26.9117013],[75.7874716,26.9117013],[75.7874716,26.9117057],[75.7874708,26.9117057],[75.7874709,26.9117107],[75.78747,26.9117107],[75.7874701,26.9117129],[75.7874693,26.9117129],[75.7874693,26.9117144],[75.7874685,26.9117144],[75.7874685,26.9117158],[75.7874677,26.9117158],[75.7874677,26.911718],[75.7874669,26.911718],[75.7874669,26.9117209],[75.7874661,26.9117209],[75.7874661,26.9117259],[75.7874653,26.9117259],[75.7874653,26.9117281],[75.7874645,26.9117281],[75.7874645,26.9117303],[75.7874637,26.9117303],[75.7874637,26.9117317],[75.7874629,26.9117317],[75.787463,26.9117339],[75.7874638,26.9117339],[75.7874638,26.9117353],[75.7874654,26.9117353],[75.7874654,26.911736],[75.7874678,26.911736],[75.7874678,26.9117368],[75.7874694,26.9117367],[75.7874694,26.9117375],[75.787471,26.9117375],[75.787471,26.9117382],[75.7874735,26.9117382],[75.7874735,26.9117389],[75.7874751,26.9117389],[75.7874751,26.9117396],[75.7874775,26.9117396],[75.7874775,26.9117403],[75.7874791,26.9117403],[75.7874791,26.911741],[75.7874815,26.911741],[75.7874815,26.9117417],[75.787484,26.9117417],[75.787484,26.9117424],[75.7874872,26.9117424],[75.7874872,26.9117431],[75.7874896,26.9117431],[75.7874896,26.9117439],[75.7874912,26.9117438],[75.7874912,26.9117446],[75.7874953,26.9117445]]]}},{"type":"Feature","properties":{"building_id":"B-0046","vertices":166},"geometry":{"type":"Polygon","coordinates":[[[75.7878398,26.9120583],[75.7878398,26.9120575],[75.7878463,26.9120575],[75.7878463,26.9120568],[75.7878495,26.9120568],[75.7878495,26.912056],[75.7878503,26.912056],[75.7878503,26.9120553],[75.7878519,26.9120553],[75.7878519,26.9120546],[75.7878535,26.9120546],[75.7878535,26.9120538],[75.7878543,26.9120538],[75.7878543,26.9120531],[75.7878551,26.9120531],[75.7878551,26.9120524],[75.7878559,26.9120524],[75.7878559,26.9120517],[75.7878567,26.9120517],[75.7878567,26.9120509],[75.7878583,26.9120509],[75.7878583,26.9120502],[75.7878591,26.9120502],[75.7878591,26.9120495],[75.7878599,26.9120495],[75.7878599,26.912048],[75.7878607,26.912048],[75.7878607,26.9120473],[75.7878623,26.9120473],[75.7878623,26.9120466],[75.7878631,26.9120466],[75.7878631,26.9120458],[75.7878639,26.9120458],[75.7878639,26.9120451],[75.7878647,26.9120451],[75.7878647,26.9120444],[75.7878655,26.9120444],[75.7878655,26.9120429],[75.7878663,26.9120429],[75.7878663,26.9120393],[75.7878655,26.9120393],[75.7878655,26.9120386],[75.7878639,26.9120386],[75.7878639,26.9120379],[75.7878606,26.9120379],[75.7878606,26.9120365],[75.7878598,26.9120365],[75.7878598,26.912035],[75.7878582,26.912035],[75.7878582,26.9120343],[75.7878574,26.9120343],[75.7878574,26.9120329],[75.7878566,26.9120329],[75.7878566,26.9120322],[75.7878558,26.9120322],[75.7878558,26.9120307],[75.787855,26.9120307],[75.7878549,26.91203],[75.7878541,26.91203],[75.7878541,26.9120286],[75.7878533,26.9120286],[75.7878533,26.9120271],[75.7878525,26.9120271],[75.7878525,26.9120264],[75.7878517,26.9120264],[75.7878517,26.9120257],[75.7878501,26.9120257],[75.7878501,26.912025],[75.7878469,26.912025],[75.7878469,26.9120243],[75.7878452,26.9120243],[75.7878452,26.9120228],[75.7878444,26.9120228],[75.7878444,26.9120221],[75.7878428,26.9120221],[75.7878428,26.9120214],[75.787842,26.9120214],[75.787842,26.9120192],[75.7878412,26.9120192],[75.7878412,26.9120185],[75.7878404,26.9120185],[75.7878404,26.9120178],[75.7878396,26.9120178],[75.7878396,26.9120171],[75.7878387,26.9120171],[75.7878387,26.9120164],[75.7878379,26.9120164],[75.7878379,26.9120156],[75.7878371,26.9120157],[75.7878371,26.9120149],[75.7878299,26.912015],[75.7878299,26.9120157],[75.7878291,26.9120157],[75.7878291,26.9120164],[75.7878275,26.9120164],[75.7878275,26.9120172],[75.7878267,26.9120172],[75.7878267,26.9120179],[75.7878251,26.9120179],[75.7878251,26.9120186],[75.7878243,26.9120186],[75.7878243,26.9120193],[75.7878235,26.9120193],[75.7878235,26.9120201],[75.7878227,26.9120201],[75.7878227,26.9120215],[75.7878219,26.9120215],[75.7878219,26.9120222],[75.7878211,26.9120222],[75.7878211,26.912023],[75.7878203,26.912023],[75.7878203,26.9120244],[75.7878195,26.9120244],[75.7878195,26.9120251],[75.7878187,26.9120251],[75.7878187,26.9120266],[75.7878179,26.9120266],[75.7878179,26.9120288],[75.7878171,26.9120288],[75.7878171,26.9120302],[75.7878163,26.9120302],[75.7878163,26.9120317],[75.7878155,26.9120317],[75.7878155,26.9120331],[75.7878147,26.9120331],[75.7878147,26.9120346],[75.7878139,26.9120346],[75.7878139,26.912036],[75.7878131,26.912036],[75.7878131,26.9120382],[75.7878123,26.9120382],[75.7878123,26.9120418],[75.7878115,26.9120418],[75.7878115,26.912044],[75.7878123,26.912044],[75.7878124,26.9120454],[75.7878132,26.9120454],[75.7878132,26.9120461],[75.787814,26.9120461],[75.787814,26.9120476],[75.7878156,26.9120476],[75.7878156,26.9120483],[75.7878164,26.9120483],[75.7878164,26.912049],[75.787818,26.912049],[75.787818,26.9120497],[75.7878196,26.9120497],[75.7878196,26.9120504],[75.7878204,26.9120504],[75.7878205,26.9120511],[75.7878221,26.9120511],[75.7878221,26.9120518],[75.7878229,26.9120518],[75.7878229,26.9120526],[75.7878245,26.9120526],[75.7878245,26.9120533],[75.7878317,26.9120532],[75.7878317,26.912054],[75.7878326,26.912054],[75.7878326,26.9120547],[75.7878334,26.9120547],[75.7878334,26.9120568],[75.7878358,26.9120568],[75.7878358,26.9120576],[75.7878374,26.9120575],[75.7878374,26.9120583],[75.7878398,26.9120583]]]}},{"type":"Feature","properties":{"building_id":"B-0126","vertices":180},"geometry":{"type":"Polygon","coordinates":[[[75.7879369,26.9115297],[75.7879369,26.911529],[75.7879393,26.911529],[75.7879393,26.9115276],[75.7879385,26.9115276],[75.7879385,26.9115261],[75.7879409,26.9115261],[75.7879409,26.9115247],[75.7879417,26.9115247],[75.7879417,26.9115239],[75.7879425,26.9115239],[75.7879425,26.9115225],[75.7879433,26.9115225],[75.7879433,26.9115218],[75.7879457,26.9115217],[75.7879457,26.911521],[75.7879465,26.911521],[75.7879465,26.9115203],[75.7879473,26.9115203],[75.7879473,26.9115196],[75.7879481,26.9115196],[75.7879481,26.9115188],[75.7879497,26.9115188],[75.7879497,26.9115181],[75.7879505,26.9115181],[75.7879505,26.9115174],[75.7879521,26.9115174],[75.7879521,26.9115167],[75.7879537,26.9115166],[75.7879537,26.9115159],[75.7879545,26.9115159],[75.7879545,26.9115152],[75.7879553,26.9115152],[75.7879553,26.9115145],[75.7879561,26.9115145],[75.7879561,26.9115137],[75.7879585,26.9115137],[75.7879585,26.911513],[75.7879609,26.911513],[75.7879609,26.9115123],[75.7879625,26.9115123],[75.7879625,26.9115115],[75.7879658,26.9115115],[75.7879657,26.9115108],[75.7879666,26.9115108],[75.7879665,26.9115101],[75.7879674,26.9115101],[75.7879673,26.9115093],[75.7879682,26.9115093],[75.7879681,26.9115079],[75.7879689,26.9115079],[75.7879689,26.9115072],[75.7879697,26.9115072],[75.7879697,26.9115064],[75.7879705,26.9115064],[75.7879705,26.9115057],[75.7879722,26.9115057],[75.7879722,26.911505],[75.7879746,26.911505],[75.7879745,26.9114884],[75.7879736,26.9114884],[75.7879736,26.9114862],[75.7879728,26.9114862],[75.7879728,26.9114848],[75.7879712,26.9114848],[75.7879712,26.9114855],[75.787968,26.9114855],[75.787968,26.9114848],[75.7879672,26.9114848],[75.7879672,26.9114841],[75.7879656,26.9114841],[75.7879655,26.9114826],[75.7879647,26.9114826],[75.7879647,26.9114812],[75.7879655,26.9114812],[75.7879655,26.9114805],[75.787968,26.9114805],[75.7879679,26.9114797],[75.7879688,26.9114797],[75.7879687,26.911479],[75.7879679,26.911479],[75.7879679,26.9114768],[75.7879687,26.9114768],[75.7879687,26.9114761],[75.7879663,26.9114761],[75.7879663,26.9114769],[75.7879647,26.9114769],[75.7879647,26.9114761],[75.7879631,26.9114761],[75.7879631,26.9114769],[75.7879615,26.9114769],[75.7879615,26.9114776],[75.7879607,26.9114776],[75.7879607,26.9114783],[75.7879591,26.9114783],[75.7879591,26.9114791],[75.7879583,26.9114791],[75.7879583,26.9114798],[75.7879567,26.9114798],[75.7879567,26.9114805],[75.7879559,26.9114805],[75.7879559,26.9114812],[75.7879543,26.9114813],[75.7879543,26.911482],[75.7879535,26.911482],[75.7879535,26.9114827],[75.7879527,26.9114827],[75.7879527,26.9114834],[75.7879511,26.9114834],[75.7879511,26.9114842],[75.7879494,26.9114842],[75.7879495,26.9114849],[75.787947,26.9114849],[75.787947,26.9114856],[75.7879462,26.9114856],[75.7879462,26.9114864],[75.7879446,26.9114864],[75.7879446,26.9114871],[75.7879438,26.9114871],[75.7879438,26.9114878],[75.7879422,26.9114878],[75.7879422,26.9114885],[75.7879414,26.9114885],[75.7879414,26.9114893],[75.7879398,26.9114893],[75.7879398,26.91149],[75.7879382,26.91149],[75.7879382,26.9114907],[75.7879374,26.9114907],[75.7879374,26.9114915],[75.7879366,26.9114915],[75.7879366,26.9114922],[75.7879334,26.9114922],[75.7879334,26.9114929],[75.787931,26.9114929],[75.787931,26.9114937],[75.7879294,26.9114937],[75.7879294,26.9114944],[75.7879286,26.9114944],[75.7879286,26.9114951],[75.7879278,26.9114951],[75.7879278,26.9114958],[75.787927,26.9114958],[75.787927,26.9115009],[75.7879278,26.9115009],[75.7879278,26.9115016],[75.7879286,26.9115016],[75.7879286,26.9115045],[75.7879294,26.9115045],[75.7879295,26.9115052],[75.7879303,26.9115052],[75.7879303,26.9115059],[75.7879311,26.9115059],[75.7879311,26.9115067],[75.7879319,26.9115067],[75.7879319,26.9115081],[75.7879311,26.9115081],[75.7879311,26.9115095],[75.7879303,26.9115096],[75.7879303,26.9115103],[75.7879295,26.9115103],[75.7879295,26.9115117],[75.7879287,26.9115117],[75.7879287,26.9115139],[75.7879279,26.9115139],[75.7879279,26.9115175],[75.7879287,26.9115175],[75.7879288,26.9115211],[75.7879296,26.9115211],[75.7879296,26.9115233],[75.7879304,26.9115233],[75.7879304,26.911524],[75.7879312,26.911524],[75.7879312,26.9115269],[75.787932,26.9115269],[75.787932,26.9115283],[75.7879328,26.9115283],[75.7879328,26.911529],[75.7879336,26.911529],[75.7879337,26.9115298],[75.7879369,26.9115297]]]}},{"type":"Feature","properties":{"building_id":"B-0018","vertices":164},"geometry":{"type":"Polygon","coordinates":[[[75.787752,26.9122819],[75.787752,26.9122812],[75.7877536,26.9122812],[75.7877536,26.9122805],[75.7877552,26.9122805],[75.7877552,26.9122797],[75.787756,26.9122797],[75.787756,26.912279],[75.7877576,26.912279],[75.7877576,26.9122783],[75.7877592,26.9122783],[75.7877592,26.9122775],[75.7877608,26.9122775],[75.7877608,26.9122768],[75.7877624,26.9122768],[75.7877624,26.9122761],[75.787764,26.9122761],[75.787764,26.9122754],[75.7877648,26.9122753],[75.7877648,26.9122746],[75.7877664,26.9122746],[75.7877664,26.9122732],[75.7877672,26.9122732],[75.7877672,26.9122724],[75.787768,26.9122724],[75.787768,26.9122717],[75.7877688,26.9122717],[75.7877688,26.912271],[75.7877696,26.912271],[75.7877696,26.9122688],[75.7877704,26.9122688],[75.7877704,26.9122659],[75.7877712,26.9122659],[75.7877712,26.9122638],[75.787772,26.9122638],[75.787772,26.912263],[75.7877728,26.912263],[75.7877728,26.9122616],[75.7877736,26.9122616],[75.7877736,26.9122609],[75.7877744,26.9122608],[75.7877743,26.9122551],[75.7877735,26.9122551],[75.7877735,26.9122544],[75.7877727,26.9122544],[75.7877727,26.9122536],[75.7877719,26.9122536],[75.7877719,26.9122529],[75.7877711,26.9122529],[75.7877711,26.9122522],[75.7877703,26.9122522],[75.7877703,26.9122515],[75.7877695,26.9122515],[75.7877695,26.9122508],[75.7877687,26.9122508],[75.7877687,26.91225],[75.7877679,26.9122501],[75.7877678,26.9122493],[75.787767,26.9122493],[75.787767,26.9122486],[75.7877654,26.9122486],[75.7877654,26.9122479],[75.7877646,26.9122479],[75.7877646,26.9122472],[75.787763,26.9122472],[75.787763,26.9122465],[75.7877614,26.9122465],[75.7877614,26.9122458],[75.7877598,26.9122458],[75.7877598,26.912245],[75.7877582,26.912245],[75.7877581,26.9122443],[75.7877565,26.9122443],[75.7877565,26.9122436],[75.7877557,26.9122436],[75.7877557,26.9122429],[75.7877541,26.9122429],[75.7877541,26.9122422],[75.7877525,26.9122422],[75.7877525,26.9122415],[75.7877517,26.9122415],[75.7877517,26.9122408],[75.7877509,26.9122408],[75.7877509,26.91224],[75.7877493,26.91224],[75.7877492,26.9122393],[75.7877484,26.9122393],[75.7877484,26.9122386],[75.7877468,26.9122386],[75.7877468,26.9122379],[75.7877452,26.9122379],[75.7877452,26.9122372],[75.7877388,26.9122372],[75.7877388,26.9122379],[75.787738,26.9122379],[75.787738,26.9122387],[75.7877372,26.9122387],[75.7877372,26.9122394],[75.7877364,26.9122394],[75.7877364,26.9122401],[75.7877356,26.9122401],[75.7877356,26.9122416],[75.7877348,26.9122416],[75.7877348,26.912243],[75.787734,26.912243],[75.787734,26.9122445],[75.7877332,26.9122445],[75.7877332,26.9122459],[75.7877324,26.9122459],[75.7877324,26.9122474],[75.7877316,26.9122474],[75.7877316,26.9122481],[75.7877308,26.9122481],[75.7877308,26.9122495],[75.78773,26.9122495],[75.78773,26.9122503],[75.7877292,26.9122503],[75.7877292,26.912251],[75.7877284,26.912251],[75.7877284,26.9122517],[75.7877276,26.9122517],[75.7877276,26.9122524],[75.7877268,26.9122524],[75.7877268,26.9122568],[75.787726,26.9122568],[75.787726,26.9122597],[75.7877268,26.9122597],[75.7877268,26.9122618],[75.7877277,26.9122618],[75.7877277,26.912264],[75.7877285,26.912264],[75.7877285,26.9122654],[75.7877293,26.9122654],[75.7877293,26.9122669],[75.7877301,26.9122669],[75.7877301,26.9122676],[75.7877309,26.9122676],[75.7877309,26.912269],[75.7877317,26.912269],[75.7877317,26.9122705],[75.7877325,26.9122705],[75.7877326,26.9122719],[75.7877334,26.9122719],[75.7877334,26.9122741],[75.7877342,26.9122741],[75.7877342,26.9122755],[75.787735,26.9122755],[75.787735,26.9122762],[75.7877366,26.9122762],[75.7877366,26.9122769],[75.7877374,26.9122769],[75.7877374,26.9122777],[75.7877382,26.9122777],[75.7877382,26.9122784],[75.787739,26.9122784],[75.7877391,26.9122791],[75.7877407,26.9122791],[75.7877407,26.9122798],[75.7877447,26.9122798],[75.7877447,26.9122805],[75.7877463,26.9122805],[75.7877463,26.9122812],[75.7877487,26.9122812],[75.7877487,26.9122819],[75.787752,26.9122819]]]}},{"type":"Feature","properties":{"building_id":"B-0001","vertices":158},"geometry":{"type":"Polygon","coordinates":[[[75.7874014,26.9123807],[75.7874014,26.9123799],[75.7874054,26.9123799],[75.7874054,26.9123792],[75.7874062,26.9123792],[75.7874062,26.9123727],[75.7874054,26.9123727],[75.7874053,26.9123712],[75.7874045,26.9123712],[75.7874045,26.9123705],[75.7874037,26.9123705],[75.7874037,26.9123698],[75.7874029,26.9123698],[75.7874029,26.9123691],[75.7874013,26.9123691],[75.7874013,26.9123677],[75.7873997,26.9123677],[75.7873997,26.9123669],[75.7873973,26.912367],[75.7873973,26.9123662],[75.7873916,26.9123663],[75.7873916,26.9123655],[75.78739,26.9123656],[75.78739,26.9123648],[75.7873884,26.9123648],[75.7873884,26.9123641],[75.7873876,26.9123641],[75.7873876,26.9123634],[75.7873868,26.9123634],[75.7873868,26.9123627],[75.7873859,26.9123627],[75.7873859,26.912362],[75.7873851,26.912362],[75.7873851,26.9123612],[75.7873843,26.9123613],[75.7873843,26.9123605],[75.7873835,26.9123605],[75.7873835,26.9123591],[75.7873827,26.9123591],[75.7873827,26.9123584],[75.7873819,26.9123584],[75.7873819,26.9123577],[75.7873811,26.9123577],[75.7873811,26.9123562],[75.7873803,26.9123562],[75.7873803,26.9123555],[75.7873795,26.9123555],[75.7873794,26.9123541],[75.7873786,26.9123541],[75.7873786,26.9123533],[75.787377,26.9123533],[75.787377,26.9123541],[75.7873762,26.9123541],[75.7873762,26.9123555],[75.7873754,26.9123555],[75.7873754,26.912357],[75.7873746,26.912357],[75.7873746,26.9123577],[75.7873738,26.9123577],[75.7873738,26.9123584],[75.787373,26.9123584],[75.787373,26.9123591],[75.7873722,26.9123592],[75.7873722,26.9123599],[75.7873714,26.9123599],[75.7873714,26.9123606],[75.7873706,26.9123606],[75.7873706,26.9123613],[75.7873658,26.9123614],[75.7873658,26.9123606],[75.787365,26.9123606],[75.787365,26.9123592],[75.7873642,26.9123592],[75.7873642,26.9123585],[75.7873634,26.9123585],[75.7873634,26.9123578],[75.7873625,26.9123578],[75.7873625,26.9123563],[75.7873617,26.9123563],[75.7873617,26.9123556],[75.7873609,26.9123556],[75.7873609,26.9123542],[75.7873601,26.9123542],[75.7873601,26.9123534],[75.7873593,26.9123534],[75.7873593,26.9123527],[75.7873585,26.9123527],[75.7873585,26.9123513],[75.7873577,26.9123513],[75.7873577,26.9123491],[75.7873552,26.9123491],[75.7873552,26.9123499],[75.7873544,26.9123499],[75.7873544,26.9123506],[75.7873536,26.9123506],[75.7873536,26.9123513],[75.7873528,26.9123513],[75.7873528,26.912352],[75.787352,26.912352],[75.787352,26.9123528],[75.7873512,26.9123528],[75.7873512,26.9123535],[75.7873504,26.9123535],[75.7873504,26.9123549],[75.7873496,26.9123549],[75.7873496,26.9123557],[75.7873488,26.9123557],[75.7873488,26.9123564],[75.787348,26.9123564],[75.787348,26.9123571],[75.7873472,26.9123571],[75.7873472,26.9123586],[75.7873464,26.9123586],[75.7873465,26.91236],[75.7873456,26.91236],[75.7873457,26.9123607],[75.787344,26.9123608],[75.787344,26.9123615],[75.7873432,26.9123615],[75.7873432,26.9123622],[75.7873424,26.9123622],[75.7873424,26.9123629],[75.7873416,26.9123629],[75.7873416,26.9123637],[75.7873408,26.9123637],[75.7873408,26.9123644],[75.78734,26.9123644],[75.78734,26.9123658],[75.7873392,26.9123658],[75.7873392,26.9123666],[75.7873384,26.9123666],[75.7873384,26.9123673],[75.7873376,26.9123673],[75.7873376,26.912368],[75.7873368,26.912368],[75.7873368,26.9123687],[75.787336,26.9123687],[75.787336,26.9123695],[75.7873352,26.9123695],[75.7873352,26.9123709],[75.7873344,26.9123709],[75.7873344,26.9123716],[75.7873336,26.9123716],[75.7873336,26.9123724],[75.7873328,26.9123724],[75.7873328,26.9123731],[75.7873337,26.9123731],[75.7873337,26.912376],[75.7873345,26.912376],[75.7873345,26.9123767],[75.7873353,26.9123767],[75.7873353,26.9123781],[75.7873361,26.9123781],[75.7873361,26.9123796],[75.7873369,26.9123796],[75.7873369,26.9123803],[75.7873385,26.9123803],[75.7873385,26.912381],[75.7874014,26.9123807]]]}},{"type":"Feature","properties":{"building_id":"B-0093","vertices":118},"geometry":{"type":"Polygon","coordinates":[[[75.7874517,26.9117303],[75.7874516,26.9117289],[75.7874524,26.9117289],[75.7874524,26.9117282],[75.7874532,26.9117282],[75.7874532,26.9117267],[75.787454,26.9117267],[75.787454,26.9117246],[75.7874548,26.9117245],[75.7874548,26.9117224],[75.7874556,26.9117224],[75.7874556,26.9117202],[75.7874564,26.9117202],[75.7874564,26.911718],[75.7874572,26.911718],[75.7874572,26.9117159],[75.787458,26.9117159],[75.787458,26.9117144],[75.7874588,26.9117144],[75.7874588,26.9117137],[75.7874596,26.9117137],[75.7874596,26.911713],[75.7874604,26.911713],[75.7874604,26.9117115],[75.7874612,26.9117115],[75.7874612,26.9117101],[75.787462,26.9117101],[75.787462,26.9117086],[75.7874628,26.9117086],[75.7874628,26.9117064],[75.7874636,26.9117064],[75.7874636,26.9117043],[75.7874644,26.9117043],[75.7874643,26.9116956],[75.7874635,26.9116956],[75.7874635,26.9116949],[75.7874619,26.9116949],[75.7874619,26.9116942],[75.7874603,26.9116942],[75.7874603,26.9116935],[75.7874586,26.9116935],[75.7874586,26.9116927],[75.7874562,26.9116928],[75.7874562,26.911692],[75.7874538,26.9116921],[75.7874538,26.9116913],[75.7874506,26.9116913],[75.7874506,26.9116906],[75.787449,26.9116906],[75.787449,26.9116899],[75.7874465,26.9116899],[75.7874465,26.9116892],[75.7874449,26.9116892],[75.7874449,26.9116885],[75.7874433,26.9116885],[75.7874433,26.9116878],[75.7874417,26.9116878],[75.7874417,26.9116871],[75.7874393,26.9116871],[75.7874393,26.9116864],[75.7874312,26.9116864],[75.7874312,26.9116871],[75.7874304,26.9116871],[75.7874304,26.9116886],[75.7874296,26.9116886],[75.7874296,26.91169],[75.7874288,26.91169],[75.7874288,26.9116922],[75.787428,26.9116922],[75.787428,26.9116936],[75.7874272,26.9116936],[75.7874272,26.9116958],[75.7874264,26.9116958],[75.7874264,26.9116973],[75.7874256,26.9116973],[75.7874257,26.9116994],[75.7874248,26.9116994],[75.7874249,26.9117016],[75.7874241,26.9117016],[75.7874241,26.9117038],[75.7874233,26.9117038],[75.7874233,26.9117059],[75.7874225,26.911706],[75.7874225,26.9117074],[75.7874217,26.9117074],[75.7874217,26.9117103],[75.7874209,26.9117103],[75.787421,26.9117197],[75.7874218,26.9117197],[75.7874218,26.9117204],[75.7874226,26.9117204],[75.7874226,26.9117211],[75.7874234,26.9117211],[75.7874234,26.9117218],[75.7874242,26.9117218],[75.7874242,26.9117226],[75.787425,26.9117225],[75.787425,26.9117233],[75.7874258,26.9117233],[75.7874258,26.911724],[75.7874274,26.911724],[75.7874274,26.9117247],[75.7874282,26.9117247],[75.7874283,26.9117254],[75.7874299,26.9117254],[75.7874299,26.9117261],[75.7874307,26.9117261],[75.7874307,26.9117269],[75.7874331,26.9117268],[75.7874331,26.9117276],[75.7874355,26.9117275],[75.7874355,26.9117283],[75.7874387,26.9117283],[75.7874388,26.911729],[75.7874484,26.9117289],[75.7874484,26.9117296],[75.78745,26.9117296],[75.78745,26.9117304],[75.7874517,26.9117303]]]}},{"type":"Feature","properties":{"building_id":"B-0073","vertices":140},"geometry":{"type":"Polygon","coordinates":[[[75.7874229,26.9118822],[75.7874229,26.9118815],[75.7874269,26.9118814],[75.7874269,26.9118807],[75.7874293,26.9118807],[75.7874293,26.91188],[75.7874309,26.91188],[75.7874309,26.9118792],[75.7874317,26.9118792],[75.7874317,26.9118778],[75.7874325,26.9118778],[75.7874325,26.9118763],[75.7874333,26.9118763],[75.7874333,26.9118749],[75.7874341,26.9118749],[75.7874341,26.9118727],[75.7874349,26.9118727],[75.7874349,26.9118713],[75.7874357,26.9118713],[75.7874357,26.9118698],[75.7874365,26.9118698],[75.7874365,26.9118677],[75.7874373,26.9118677],[75.7874373,26.911864],[75.7874381,26.911864],[75.7874381,26.9118619],[75.7874389,26.9118619],[75.7874389,26.9118611],[75.7874397,26.9118611],[75.7874397,26.9118597],[75.7874405,26.9118597],[75.7874404,26.9118554],[75.7874396,26.9118554],[75.7874396,26.9118546],[75.7874388,26.9118546],[75.7874388,26.9118539],[75.787438,26.9118539],[75.787438,26.9118532],[75.7874364,26.9118532],[75.7874364,26.9118525],[75.7874291,26.9118525],[75.7874291,26.9118533],[75.7874283,26.9118533],[75.7874283,26.9118525],[75.7874275,26.9118525],[75.7874275,26.9118511],[75.7874267,26.9118511],[75.7874267,26.9118504],[75.7874259,26.9118504],[75.7874259,26.9118497],[75.7874251,26.9118497],[75.7874251,26.9118489],[75.7874227,26.911849],[75.7874227,26.9118482],[75.7874194,26.9118483],[75.7874194,26.9118475],[75.7874178,26.9118475],[75.7874178,26.9118468],[75.7874154,26.9118468],[75.7874154,26.9118461],[75.7874138,26.9118461],[75.7874138,26.9118454],[75.7874114,26.9118454],[75.7874114,26.9118447],[75.7874097,26.9118447],[75.7874097,26.911844],[75.7874081,26.911844],[75.7874081,26.9118433],[75.7874057,26.9118433],[75.7874057,26.9118426],[75.7873993,26.9118426],[75.7873993,26.911844],[75.7873985,26.911844],[75.7873985,26.9118455],[75.7873977,26.9118455],[75.7873977,26.9118462],[75.7873969,26.9118462],[75.7873969,26.9118477],[75.7873961,26.9118477],[75.7873961,26.9118498],[75.7873953,26.9118498],[75.7873953,26.911852],[75.7873945,26.911852],[75.7873945,26.9118542],[75.7873937,26.9118542],[75.7873937,26.9118549],[75.7873929,26.9118549],[75.7873929,26.9118563],[75.7873921,26.9118563],[75.7873921,26.9118578],[75.7873913,26.9118578],[75.7873913,26.91186],[75.7873905,26.91186],[75.7873905,26.9118614],[75.7873897,26.9118614],[75.7873897,26.9118629],[75.7873889,26.9118629],[75.7873889,26.911865],[75.7873881,26.911865],[75.7873882,26.9118679],[75.787389,26.9118679],[75.787389,26.9118686],[75.7873898,26.9118686],[75.7873898,26.9118694],[75.7873914,26.9118694],[75.7873914,26.9118701],[75.787393,26.9118701],[75.787393,26.9118708],[75.7873946,26.9118708],[75.7873946,26.9118715],[75.7873962,26.9118715],[75.7873962,26.9118722],[75.7873979,26.9118722],[75.7873979,26.9118729],[75.7873987,26.9118729],[75.7873987,26.9118736],[75.7873995,26.9118736],[75.7873995,26.9118744],[75.7874011,26.9118744],[75.7874011,26.9118751],[75.7874019,26.9118751],[75.7874019,26.9118758],[75.7874035,26.9118758],[75.7874035,26.9118765],[75.7874043,26.9118765],[75.7874043,26.9118772],[75.7874059,26.9118772],[75.7874059,26.9118779],[75.7874076,26.9118779],[75.7874076,26.9118787],[75.78741,26.9118786],[75.78741,26.9118794],[75.7874116,26.9118794],[75.7874116,26.9118801],[75.787414,26.9118801],[75.787414,26.9118808],[75.7874156,26.9118808],[75.7874156,26.9118815],[75.7874181,26.9118815],[75.7874181,26.9118822],[75.7874229,26.9118822]]]}},{"type":"Feature","properties":{"building_id":"B-0100","vertices":134},"geometry":{"type":"Polygon","coordinates":[[[75.7874578,26.9116899],[75.7874578,26.9116877],[75.7874586,26.9116877],[75.7874586,26.9116862],[75.7874594,26.9116862],[75.7874594,26.9116848],[75.7874602,26.9116848],[75.7874602,26.9116834],[75.787461,26.9116833],[75.787461,26.9116819],[75.7874618,26.9116819],[75.7874618,26.9116797],[75.7874626,26.9116797],[75.7874625,26.9116754],[75.7874634,26.9116754],[75.7874633,26.9116667],[75.7874625,26.9116667],[75.7874625,26.911666],[75.7874593,26.911666],[75.7874593,26.9116653],[75.7874576,26.9116653],[75.7874576,26.9116646],[75.7874552,26.9116646],[75.7874552,26.9116639],[75.7874528,26.9116639],[75.7874528,26.9116632],[75.7874504,26.9116632],[75.7874504,26.9116625],[75.7874472,26.9116625],[75.7874471,26.9116618],[75.7874447,26.9116618],[75.7874447,26.911661],[75.7874439,26.9116611],[75.7874439,26.9116603],[75.7874407,26.9116603],[75.7874407,26.9116596],[75.7874391,26.9116596],[75.7874391,26.9116589],[75.7874367,26.9116589],[75.7874366,26.9116582],[75.7874358,26.9116582],[75.7874358,26.9116575],[75.7874342,26.9116575],[75.7874342,26.9116568],[75.7874318,26.9116568],[75.7874318,26.9116561],[75.787431,26.9116561],[75.787431,26.9116553],[75.787427,26.9116554],[75.787427,26.9116546],[75.7874245,26.9116547],[75.7874245,26.9116539],[75.7874165,26.911654],[75.7874165,26.9116547],[75.7874157,26.9116547],[75.7874157,26.9116554],[75.7874149,26.9116554],[75.7874149,26.9116562],[75.7874141,26.9116562],[75.7874141,26.9116576],[75.7874133,26.9116576],[75.7874133,26.9116583],[75.7874125,26.9116583],[75.7874125,26.9116605],[75.7874117,26.9116605],[75.7874117,26.9116627],[75.7874109,26.9116627],[75.7874109,26.9116641],[75.7874101,26.9116641],[75.7874101,26.9116649],[75.7874093,26.9116649],[75.7874093,26.9116663],[75.7874085,26.9116663],[75.7874085,26.911667],[75.7874077,26.911667],[75.7874077,26.9116678],[75.7874069,26.9116678],[75.7874069,26.9116685],[75.787398,26.9116685],[75.787398,26.9116678],[75.7873972,26.9116678],[75.7873973,26.9116707],[75.7873981,26.9116707],[75.7873981,26.9116721],[75.7873997,26.9116721],[75.7873997,26.9116729],[75.7874021,26.9116728],[75.7874021,26.9116736],[75.7874029,26.9116736],[75.7874029,26.9116743],[75.7874045,26.9116743],[75.7874045,26.911675],[75.7874078,26.911675],[75.7874078,26.9116757],[75.7874094,26.9116757],[75.7874094,26.9116764],[75.7874118,26.9116764],[75.7874118,26.9116771],[75.7874134,26.9116771],[75.7874134,26.9116778],[75.7874166,26.9116778],[75.7874166,26.9116785],[75.7874191,26.9116785],[75.7874191,26.9116792],[75.7874215,26.9116792],[75.7874215,26.91168],[75.7874239,26.9116799],[75.7874239,26.9116807],[75.7874271,26.9116806],[75.7874271,26.9116814],[75.7874304,26.9116814],[75.7874304,26.9116821],[75.787432,26.9116821],[75.787432,26.9116828],[75.7874352,26.9116828],[75.7874352,26.9116835],[75.787436,26.9116835],[75.787436,26.9116842],[75.7874384,26.9116842],[75.7874384,26.9116849],[75.7874401,26.9116849],[75.7874401,26.9116856],[75.7874409,26.9116856],[75.7874409,26.9116863],[75.7874433,26.9116863],[75.7874433,26.9116871],[75.7874449,26.911687],[75.7874449,26.9116878],[75.7874473,26.9116878],[75.7874473,26.9116885],[75.7874497,26.9116885],[75.7874498,26.9116892],[75.787453,26.9116892],[75.787453,26.9116899],[75.7874578,26.9116899]]]}},{"type":"Feature","properties":{"building_id":"B-0009","vertices":162},"geometry":{"type":"Polygon","coordinates":[[[75.7877927,26.9123409],[75.7877926,26.9123402],[75.7877935,26.9123402],[75.7877934,26.9123395],[75.7877943,26.9123395],[75.7877942,26.9123387],[75.7877959,26.9123387],[75.7877959,26.912338],[75.7877967,26.912338],[75.7877967,26.9123366],[75.7877983,26.9123366],[75.7877983,26.9123358],[75.7877991,26.9123358],[75.7877991,26.9123351],[75.7877999,26.9123351],[75.7877999,26.9123344],[75.7878007,26.9123344],[75.7878007,26.9123336],[75.7878015,26.9123336],[75.7878015,26.9123329],[75.7878023,26.9123329],[75.7878023,26.9123322],[75.7878031,26.9123322],[75.7878031,26.9123315],[75.7878039,26.9123315],[75.7878039,26.9123307],[75.7878055,26.9123307],[75.7878055,26.9123293],[75.7878071,26.9123293],[75.7878071,26.9123286],[75.7878095,26.9123285],[75.7878095,26.9123278],[75.7878111,26.9123278],[75.7878111,26.9123271],[75.7878127,26.9123271],[75.7878127,26.9123264],[75.7878143,26.9123264],[75.7878143,26.9123256],[75.7878159,26.9123256],[75.7878159,26.9123249],[75.7878175,26.9123249],[75.7878175,26.9123242],[75.7878183,26.9123242],[75.7878183,26.9123234],[75.7878191,26.9123234],[75.7878191,26.9123227],[75.7878199,26.9123227],[75.7878199,26.9123191],[75.7878207,26.9123191],[75.7878207,26.9123162],[75.7878215,26.9123162],[75.7878214,26.9123075],[75.7878206,26.9123075],[75.7878206,26.9123061],[75.7878198,26.9123061],[75.7878198,26.9123047],[75.787819,26.9123047],[75.787819,26.9123032],[75.7878182,26.9123032],[75.7878182,26.9123025],[75.7878174,26.9123025],[75.7878174,26.9123011],[75.7878165,26.9123011],[75.7878165,26.9122989],[75.7878157,26.9122989],[75.7878157,26.9122975],[75.7878149,26.9122975],[75.7878149,26.912296],[75.7878141,26.912296],[75.7878141,26.9122953],[75.7878133,26.9122953],[75.7878133,26.9122946],[75.7878125,26.9122946],[75.7878125,26.9122931],[75.787806,26.9122932],[75.787806,26.9122939],[75.7878044,26.9122939],[75.7878044,26.9122946],[75.7878028,26.9122946],[75.7878028,26.9122954],[75.787802,26.9122954],[75.787802,26.9122961],[75.7878012,26.9122961],[75.7878012,26.9122968],[75.7878004,26.9122968],[75.7878004,26.9122975],[75.7877988,26.9122975],[75.7877988,26.9122983],[75.787798,26.9122983],[75.787798,26.912299],[75.7877972,26.912299],[75.7877972,26.9122997],[75.7877956,26.9122997],[75.7877956,26.9123005],[75.787794,26.9123005],[75.787794,26.9123012],[75.7877932,26.9123012],[75.7877932,26.9123019],[75.7877916,26.9123019],[75.7877916,26.9123026],[75.78779,26.9123027],[75.78779,26.9123034],[75.7877876,26.9123034],[75.7877876,26.9123041],[75.787786,26.9123041],[75.787786,26.9123048],[75.7877852,26.9123048],[75.7877852,26.9123056],[75.7877835,26.9123056],[75.7877836,26.9123063],[75.7877827,26.9123063],[75.7877828,26.912307],[75.7877819,26.912307],[75.7877819,26.9123078],[75.7877811,26.9123078],[75.7877811,26.9123085],[75.7877803,26.9123085],[75.7877803,26.9123092],[75.7877795,26.9123092],[75.7877795,26.9123099],[75.7877787,26.9123099],[75.7877787,26.9123107],[75.7877771,26.9123107],[75.7877771,26.9123114],[75.7877763,26.9123114],[75.7877763,26.9123121],[75.7877755,26.9123121],[75.7877756,26.9123157],[75.7877764,26.9123157],[75.7877764,26.9123172],[75.7877772,26.9123172],[75.7877772,26.9123201],[75.787778,26.9123201],[75.787778,26.9123215],[75.7877788,26.9123215],[75.7877788,26.9123229],[75.7877796,26.9123229],[75.7877797,26.9123258],[75.7877805,26.9123258],[75.7877805,26.9123273],[75.7877813,26.9123273],[75.7877813,26.9123287],[75.7877821,26.9123287],[75.7877821,26.9123301],[75.7877829,26.9123301],[75.7877829,26.9123309],[75.7877837,26.9123309],[75.7877837,26.9123337],[75.7877845,26.9123337],[75.7877846,26.9123352],[75.7877854,26.9123352],[75.7877854,26.9123366],[75.7877862,26.9123366],[75.7877862,26.9123381],[75.787787,26.9123381],[75.787787,26.9123388],[75.7877878,26.9123388],[75.7877878,26.9123395],[75.7877886,26.9123395],[75.7877886,26.9123402],[75.7877902,26.9123402],[75.7877902,26.9123409],[75.7877927,26.9123409]]]}},{"type":"Feature","properties":{"building_id":"B-0137","vertices":200},"geometry":{"type":"Polygon","coordinates":[[[75.7877648,26.9114671],[75.7877648,26.9114664],[75.7877672,26.9114664],[75.7877672,26.9114657],[75.787768,26.9114657],[75.787768,26.911465],[75.7877688,26.911465],[75.7877688,26.9114635],[75.7877696,26.9114635],[75.7877696,26.9114621],[75.7877704,26.9114621],[75.7877704,26.9114606],[75.7877712,26.9114606],[75.7877712,26.9114584],[75.787772,26.9114584],[75.787772,26.9114577],[75.7877712,26.9114577],[75.7877712,26.9114548],[75.787772,26.9114548],[75.787772,26.9114512],[75.7877728,26.9114512],[75.7877728,26.911449],[75.7877736,26.911449],[75.7877736,26.9114483],[75.7877744,26.9114483],[75.7877744,26.9114469],[75.7877752,26.9114469],[75.7877752,26.9114461],[75.7877784,26.9114461],[75.7877784,26.9114454],[75.78778,26.9114454],[75.78778,26.9114439],[75.7877808,26.9114439],[75.7877808,26.9114432],[75.7877816,26.9114432],[75.7877816,26.9114425],[75.7877824,26.9114425],[75.7877824,26.911441],[75.7877832,26.911441],[75.7877832,26.9114381],[75.787784,26.9114381],[75.787784,26.9114374],[75.7877864,26.9114374],[75.7877864,26.9114367],[75.7877872,26.9114367],[75.7877872,26.911436],[75.787788,26.911436],[75.787788,26.9114345],[75.7877888,26.9114345],[75.7877888,26.9114323],[75.7877896,26.9114323],[75.7877896,26.9114302],[75.7877904,26.9114302],[75.7877903,26.911428],[75.7877911,26.911428],[75.7877911,26.9114215],[75.7877903,26.9114215],[75.7877903,26.9114208],[75.7877895,26.9114208],[75.7877895,26.9114201],[75.7877887,26.9114201],[75.7877887,26.9114193],[75.7877879,26.9114193],[75.7877879,26.9114179],[75.7877871,26.9114179],[75.787787,26.9114172],[75.7877854,26.9114172],[75.7877854,26.9114165],[75.7877846,26.9114165],[75.7877846,26.9114158],[75.7877838,26.9114158],[75.7877838,26.911415],[75.787783,26.911415],[75.787783,26.9114143],[75.7877822,26.9114143],[75.7877822,26.9114136],[75.7877814,26.9114136],[75.7877814,26.9114129],[75.7877757,26.9114129],[75.7877757,26.9114136],[75.7877749,26.9114136],[75.7877749,26.9114144],[75.7877733,26.9114144],[75.7877733,26.9114151],[75.7877725,26.9114151],[75.7877725,26.9114158],[75.7877717,26.9114158],[75.7877717,26.9114165],[75.7877709,26.9114165],[75.7877709,26.9114173],[75.7877701,26.9114173],[75.7877701,26.911418],[75.7877693,26.911418],[75.7877693,26.9114187],[75.7877685,26.9114187],[75.7877685,26.9114202],[75.7877677,26.9114202],[75.7877677,26.9114209],[75.7877669,26.9114209],[75.7877669,26.9114216],[75.7877661,26.9114216],[75.7877661,26.9114224],[75.7877645,26.9114224],[75.7877645,26.9114231],[75.7877637,26.9114231],[75.7877637,26.9114238],[75.7877629,26.9114238],[75.7877629,26.9114253],[75.7877621,26.9114253],[75.7877621,26.9114267],[75.7877613,26.9114267],[75.7877613,26.9114274],[75.7877605,26.9114274],[75.7877605,26.9114289],[75.7877597,26.9114289],[75.7877597,26.9114303],[75.7877589,26.9114303],[75.7877589,26.9114318],[75.7877581,26.9114318],[75.7877582,26.9114332],[75.7877573,26.9114332],[75.7877574,26.911434],[75.7877565,26.911434],[75.7877566,26.9114347],[75.7877557,26.9114347],[75.7877558,26.9114354],[75.7877549,26.9114354],[75.787755,26.9114361],[75.7877541,26.9114361],[75.7877542,26.9114369],[75.7877533,26.9114369],[75.7877534,26.9114376],[75.7877525,26.9114376],[75.7877525,26.9114383],[75.7877517,26.9114383],[75.7877517,26.911439],[75.7877509,26.9114391],[75.787751,26.9114405],[75.7877501,26.9114405],[75.7877502,26.9114412],[75.7877477,26.9114412],[75.7877477,26.9114427],[75.7877469,26.9114427],[75.787747,26.9114441],[75.7877461,26.9114441],[75.7877462,26.911447],[75.7877454,26.911447],[75.7877454,26.9114485],[75.7877446,26.9114485],[75.7877446,26.9114478],[75.7877438,26.9114478],[75.7877437,26.911447],[75.7877429,26.911447],[75.7877429,26.9114463],[75.7877421,26.9114463],[75.7877421,26.9114456],[75.7877405,26.9114456],[75.7877405,26.9114463],[75.7877397,26.9114463],[75.7877397,26.9114471],[75.7877405,26.9114471],[75.7877405,26.9114485],[75.7877421,26.9114485],[75.7877422,26.9114492],[75.787743,26.9114492],[75.787743,26.9114507],[75.7877438,26.9114506],[75.7877438,26.9114514],[75.7877454,26.9114514],[75.7877454,26.9114528],[75.7877462,26.9114528],[75.7877462,26.9114542],[75.787747,26.9114542],[75.787747,26.9114557],[75.7877478,26.9114557],[75.7877478,26.9114571],[75.7877487,26.9114571],[75.7877487,26.9114586],[75.7877495,26.9114586],[75.7877495,26.91146],[75.7877503,26.91146],[75.7877503,26.9114607],[75.7877511,26.9114607],[75.7877511,26.9114614],[75.7877519,26.9114614],[75.7877519,26.9114622],[75.7877527,26.9114622],[75.7877527,26.9114629],[75.7877535,26.9114629],[75.7877535,26.9114636],[75.7877543,26.9114636],[75.7877543,26.9114643],[75.787756,26.9114643],[75.787756,26.911465],[75.7877576,26.911465],[75.7877576,26.9114657],[75.78776,26.9114657],[75.78776,26.9114664],[75.7877624,26.9114664],[75.7877624,26.9114672],[75.7877648,26.9114671]]]}},{"type":"Feature","properties":{"building_id":"B-0019","vertices":186},"geometry":{"type":"Polygon","coordinates":[[[75.7877116,26.9122677],[75.7877124,26.9122677],[75.7877124,26.912267],[75.7877116,26.912267],[75.7877116,26.9122663],[75.78771,26.9122663],[75.78771,26.9122655],[75.7877091,26.9122655],[75.7877091,26.9122627],[75.7877099,26.9122627],[75.7877099,26.9122612],[75.7877107,26.9122612],[75.7877107,26.9122605],[75.7877115,26.9122605],[75.7877115,26.9122598],[75.7877131,26.9122597],[75.7877131,26.912259],[75.7877147,26.912259],[75.7877147,26.9122583],[75.7877155,26.9122583],[75.7877155,26.9122576],[75.7877163,26.9122576],[75.7877163,26.9122532],[75.7877147,26.9122532],[75.7877147,26.9122525],[75.7877139,26.9122525],[75.7877139,26.9122518],[75.7877123,26.9122518],[75.7877123,26.9122511],[75.7877107,26.9122511],[75.7877107,26.9122504],[75.787709,26.9122504],[75.787709,26.9122497],[75.7877074,26.9122497],[75.7877074,26.9122482],[75.7877058,26.9122482],[75.7877058,26.9122475],[75.787705,26.9122475],[75.787705,26.9122468],[75.7877034,26.9122468],[75.7877034,26.9122461],[75.7877018,26.9122461],[75.7877018,26.9122454],[75.787701,26.9122454],[75.7877009,26.9122446],[75.7877001,26.9122446],[75.7877001,26.9122439],[75.7876985,26.9122439],[75.7876985,26.9122432],[75.7876977,26.9122432],[75.7876977,26.9122425],[75.7876961,26.9122425],[75.7876961,26.9122418],[75.7876953,26.9122418],[75.7876953,26.9122411],[75.7876945,26.9122411],[75.7876945,26.9122403],[75.7876937,26.9122404],[75.7876937,26.9122396],[75.7876929,26.9122396],[75.7876928,26.9122389],[75.787692,26.9122389],[75.787692,26.9122382],[75.7876904,26.9122382],[75.7876904,26.9122375],[75.7876896,26.9122375],[75.7876896,26.9122368],[75.7876888,26.9122368],[75.7876888,26.912236],[75.787688,26.9122361],[75.787688,26.9122353],[75.7876864,26.9122353],[75.7876864,26.9122346],[75.7876848,26.9122346],[75.7876848,26.9122339],[75.7876799,26.9122339],[75.7876799,26.9122347],[75.7876791,26.9122347],[75.7876791,26.9122354],[75.7876783,26.9122354],[75.7876783,26.9122361],[75.7876775,26.9122361],[75.7876775,26.9122368],[75.7876767,26.9122368],[75.7876767,26.9122376],[75.7876759,26.9122376],[75.7876759,26.9122383],[75.7876751,26.9122383],[75.7876751,26.9122397],[75.7876743,26.9122397],[75.7876743,26.9122405],[75.7876735,26.9122405],[75.7876735,26.9122412],[75.7876727,26.9122412],[75.7876727,26.9122419],[75.7876719,26.9122419],[75.7876719,26.9122426],[75.7876711,26.9122426],[75.7876711,26.9122434],[75.7876703,26.9122434],[75.7876703,26.9122441],[75.7876695,26.9122441],[75.7876695,26.9122448],[75.7876687,26.9122448],[75.7876687,26.9122455],[75.7876679,26.9122456],[75.7876679,26.9122463],[75.7876671,26.9122463],[75.7876671,26.9122477],[75.7876663,26.9122477],[75.7876663,26.9122484],[75.7876655,26.9122485],[75.7876655,26.9122499],[75.7876647,26.9122499],[75.7876647,26.9122513],[75.7876639,26.9122514],[75.7876639,26.9122528],[75.7876631,26.9122528],[75.7876632,26.9122557],[75.7876624,26.9122557],[75.7876624,26.9122571],[75.7876632,26.9122571],[75.7876632,26.9122579],[75.787664,26.9122579],[75.787664,26.9122586],[75.7876648,26.9122586],[75.7876648,26.9122593],[75.7876656,26.9122593],[75.7876656,26.91226],[75.7876664,26.91226],[75.7876664,26.9122607],[75.787668,26.9122607],[75.787668,26.9122614],[75.7876688,26.9122614],[75.7876688,26.9122622],[75.7876705,26.9122621],[75.7876705,26.9122629],[75.7876713,26.9122629],[75.7876713,26.9122636],[75.7876729,26.9122636],[75.7876729,26.9122643],[75.7876745,26.9122643],[75.7876745,26.912265],[75.7876761,26.912265],[75.7876761,26.9122657],[75.7876777,26.9122657],[75.7876777,26.9122664],[75.7876793,26.9122664],[75.7876793,26.9122672],[75.787681,26.9122671],[75.787681,26.9122679],[75.7876826,26.9122679],[75.7876826,26.9122686],[75.7876842,26.9122686],[75.7876842,26.9122693],[75.7876866,26.9122693],[75.7876866,26.91227],[75.787689,26.91227],[75.787689,26.9122707],[75.7876907,26.9122707],[75.7876907,26.9122714],[75.7876923,26.9122714],[75.7876923,26.9122721],[75.7876939,26.9122721],[75.7876939,26.9122729],[75.7876955,26.9122728],[75.7876955,26.9122736],[75.7876971,26.9122736],[75.7876971,26.9122743],[75.7877012,26.9122743],[75.7877012,26.912275],[75.7877052,26.912275],[75.7877052,26.9122742],[75.7877076,26.9122742],[75.7877076,26.9122735],[75.787714,26.9122735],[75.787714,26.9122727],[75.7877148,26.9122727],[75.7877148,26.912272],[75.7877156,26.912272],[75.7877156,26.9122713],[75.7877164,26.9122713],[75.7877164,26.9122677],[75.7877148,26.9122677],[75.7877148,26.9122684],[75.7877116,26.9122684],[75.7877116,26.9122677]],[[75.7877116,26.9122691],[75.78771,26.9122692],[75.78771,26.9122684],[75.7877116,26.9122684],[75.7877116,26.9122691]]]}},{"type":"Feature","properties":{"building_id":"B-0053","vertices":164},"geometry":{"type":"Polygon","coordinates":[[[75.7880307,26.9120478],[75.7880307,26.9120435],[75.7880323,26.9120435],[75.7880323,26.9120427],[75.7880339,26.9120427],[75.7880339,26.912042],[75.7880347,26.912042],[75.7880347,26.9120413],[75.7880355,26.9120413],[75.7880355,26.9120405],[75.7880363,26.9120405],[75.7880363,26.9120398],[75.7880371,26.9120398],[75.7880371,26.9120391],[75.7880387,26.9120391],[75.7880387,26.9120384],[75.7880395,26.9120384],[75.7880395,26.9120369],[75.7880403,26.9120369],[75.7880403,26.9120347],[75.7880411,26.9120347],[75.7880411,26.912034],[75.7880419,26.912034],[75.7880419,26.9120333],[75.7880427,26.9120333],[75.7880427,26.9120318],[75.7880435,26.9120318],[75.7880435,26.9120304],[75.7880443,26.9120304],[75.7880443,26.9120289],[75.7880451,26.9120289],[75.7880451,26.9120275],[75.7880459,26.9120275],[75.7880459,26.9120268],[75.7880467,26.9120268],[75.7880467,26.912026],[75.7880475,26.912026],[75.7880475,26.9120253],[75.7880491,26.9120253],[75.7880491,26.9120239],[75.7880499,26.9120239],[75.7880499,26.9120217],[75.7880507,26.9120217],[75.7880507,26.9120202],[75.7880515,26.9120202],[75.7880515,26.9120195],[75.7880523,26.9120195],[75.7880523,26.9120181],[75.7880531,26.9120181],[75.7880531,26.9120173],[75.7880539,26.9120173],[75.7880539,26.9120166],[75.7880547,26.9120166],[75.7880546,26.9120144],[75.7880554,26.9120144],[75.7880554,26.9120137],[75.7880562,26.9120137],[75.7880562,26.912013],[75.788057,26.912013],[75.788057,26.9120115],[75.7880578,26.9120115],[75.7880578,26.9120108],[75.7880586,26.9120108],[75.7880586,26.9120101],[75.7880594,26.9120101],[75.7880594,26.9120094],[75.7880611,26.9120093],[75.788061,26.9120086],[75.7880627,26.9120086],[75.7880627,26.9120079],[75.7880635,26.9120079],[75.7880635,26.9120072],[75.7880643,26.9120072],[75.7880643,26.9120064],[75.7880651,26.9120064],[75.7880651,26.9120057],[75.7880659,26.9120057],[75.7880659,26.9120043],[75.7880667,26.9120043],[75.7880666,26.9120028],[75.7880675,26.9120028],[75.7880674,26.9120014],[75.7880682,26.9120014],[75.7880682,26.9119992],[75.788069,26.9119992],[75.788069,26.9119963],[75.7880698,26.9119963],[75.7880698,26.9119905],[75.788069,26.9119905],[75.788069,26.9119891],[75.7880674,26.9119891],[75.7880674,26.9119884],[75.7880665,26.9119884],[75.7880665,26.9119876],[75.7880657,26.9119877],[75.7880657,26.9119869],[75.7880641,26.9119869],[75.7880641,26.9119862],[75.7880633,26.9119862],[75.7880633,26.9119855],[75.7880617,26.9119855],[75.7880617,26.9119848],[75.7880601,26.9119848],[75.7880601,26.9119841],[75.7880585,26.9119841],[75.7880585,26.9119834],[75.788056,26.9119834],[75.788056,26.9119827],[75.7880544,26.9119827],[75.7880544,26.9119819],[75.7880536,26.9119819],[75.7880536,26.9119812],[75.7880504,26.9119812],[75.7880504,26.9119805],[75.7880439,26.9119806],[75.7880439,26.9119813],[75.7880431,26.9119813],[75.7880431,26.9119827],[75.7880423,26.9119827],[75.7880423,26.9119842],[75.7880415,26.9119842],[75.7880416,26.9119856],[75.7880407,26.9119856],[75.7880408,26.9119871],[75.78804,26.9119871],[75.78804,26.9119885],[75.7880392,26.9119885],[75.7880392,26.9119914],[75.7880384,26.9119914],[75.7880384,26.9119929],[75.7880376,26.9119929],[75.7880376,26.911995],[75.7880368,26.911995],[75.7880368,26.9119965],[75.788036,26.9119965],[75.788036,26.9119979],[75.7880352,26.9119979],[75.7880352,26.9120023],[75.7880344,26.9120023],[75.7880345,26.9120124],[75.7880337,26.9120124],[75.7880337,26.9120167],[75.7880329,26.9120167],[75.7880329,26.9120203],[75.7880321,26.9120203],[75.7880322,26.9120247],[75.7880313,26.9120247],[75.7880314,26.9120276],[75.7880306,26.9120276],[75.7880306,26.9120319],[75.7880298,26.9120319],[75.7880298,26.9120355],[75.788029,26.9120355],[75.788029,26.9120406],[75.7880282,26.9120406],[75.7880283,26.9120428],[75.7880291,26.9120427],[75.7880291,26.9120442],[75.7880283,26.9120442],[75.7880283,26.9120456],[75.7880275,26.9120456],[75.7880275,26.9120464],[75.7880283,26.9120464],[75.7880283,26.9120478],[75.7880307,26.9120478]]]}},{"type":"Feature","properties":{"building_id":"B-0017","vertices":142},"geometry":{"type":"Polygon","coordinates":[[[75.7883137,26.9123055],[75.7883134,26.9122636],[75.7883126,26.9122636],[75.7883126,26.9122629],[75.788311,26.9122629],[75.788311,26.9122622],[75.7883093,26.9122622],[75.7883093,26.9122615],[75.7883085,26.9122615],[75.7883085,26.9122608],[75.7883077,26.9122608],[75.7883077,26.91226],[75.7883061,26.91226],[75.7883061,26.9122593],[75.7883037,26.9122593],[75.7883037,26.9122586],[75.7883029,26.9122586],[75.7883029,26.9122579],[75.7883013,26.9122579],[75.7883012,26.9122572],[75.7883004,26.9122572],[75.7883004,26.9122565],[75.7882932,26.9122565],[75.7882932,26.9122558],[75.7882924,26.9122558],[75.7882924,26.9122551],[75.7882916,26.9122551],[75.7882916,26.9122536],[75.7882859,26.9122537],[75.7882859,26.9122544],[75.7882851,26.9122544],[75.7882851,26.9122551],[75.7882843,26.9122551],[75.7882843,26.9122558],[75.7882835,26.9122558],[75.7882835,26.9122566],[75.7882827,26.9122566],[75.7882827,26.9122595],[75.7882819,26.9122595],[75.7882819,26.9122609],[75.7882811,26.9122609],[75.7882811,26.9122624],[75.7882803,26.9122624],[75.7882803,26.9122631],[75.7882795,26.9122631],[75.7882795,26.9122638],[75.7882787,26.9122638],[75.7882787,26.9122645],[75.7882779,26.9122645],[75.7882779,26.9122653],[75.7882771,26.9122653],[75.7882771,26.912266],[75.7882763,26.912266],[75.7882763,26.9122667],[75.7882747,26.9122667],[75.7882747,26.9122674],[75.7882739,26.9122674],[75.7882739,26.9122696],[75.7882731,26.9122696],[75.7882732,26.9122725],[75.788274,26.9122725],[75.788274,26.9122747],[75.7882748,26.9122747],[75.7882748,26.9122754],[75.7882756,26.9122754],[75.7882756,26.9122761],[75.7882764,26.9122761],[75.7882764,26.9122768],[75.7882772,26.9122768],[75.7882772,26.9122775],[75.788278,26.9122775],[75.788278,26.9122783],[75.7882788,26.9122783],[75.7882788,26.9122797],[75.7882797,26.9122797],[75.7882797,26.9122811],[75.7882805,26.9122811],[75.7882805,26.9122826],[75.7882813,26.9122826],[75.7882813,26.9122833],[75.7882821,26.9122833],[75.7882821,26.912284],[75.7882829,26.912284],[75.7882829,26.9122847],[75.7882837,26.9122847],[75.7882837,26.9122855],[75.7882845,26.9122854],[75.7882845,26.9122862],[75.7882853,26.9122862],[75.7882853,26.9122869],[75.7882861,26.9122869],[75.7882862,26.9122876],[75.7882878,26.9122876],[75.7882878,26.9122883],[75.7882886,26.9122883],[75.7882886,26.912289],[75.7882894,26.912289],[75.7882894,26.9122898],[75.7882902,26.9122897],[75.7882902,26.9122905],[75.788291,26.9122905],[75.788291,26.9122912],[75.7882918,26.9122912],[75.7882918,26.9122919],[75.7882926,26.9122919],[75.7882926,26.9122926],[75.7882934,26.9122926],[75.7882934,26.9122933],[75.7882942,26.9122933],[75.7882943,26.9122941],[75.7882951,26.9122941],[75.7882951,26.9122948],[75.7882959,26.9122948],[75.7882959,26.9122955],[75.7882967,26.9122955],[75.7882967,26.9122962],[75.7882975,26.9122962],[75.7882975,26.9122969],[75.7882983,26.9122969],[75.7882983,26.9122976],[75.7882991,26.9122976],[75.7882991,26.9122984],[75.7882999,26.9122984],[75.7882999,26.9122991],[75.7883007,26.9122991],[75.7883007,26.9122998],[75.7883015,26.9122998],[75.7883015,26.9123005],[75.7883024,26.9123005],[75.7883024,26.9123012],[75.7883032,26.9123012],[75.7883032,26.912302],[75.788304,26.9123019],[75.788304,26.9123027],[75.7883048,26.9123027],[75.7883048,26.9123034],[75.7883056,26.9123034],[75.7883056,26.9123041],[75.788308,26.9123041],[75.788308,26.9123048],[75.7883129,26.9123048],[75.7883129,26.9123055],[75.7883137,26.9123055]]]}},{"type":"Feature","properties":{"building_id":"B-0029","vertices":180},"geometry":{"type":"Polygon","coordinates":[[[75.7878053,26.9121921],[75.7878053,26.9121913],[75.7878061,26.9121913],[75.7878061,26.9121899],[75.7878069,26.9121899],[75.7878069,26.9121892],[75.7878077,26.9121892],[75.7878077,26.9121877],[75.7878085,26.9121877],[75.7878085,26.912187],[75.7878093,26.912187],[75.7878093,26.9121855],[75.7878101,26.9121855],[75.7878101,26.9121841],[75.7878109,26.9121841],[75.7878109,26.9121826],[75.7878117,26.9121826],[75.7878117,26.9121812],[75.7878125,26.9121812],[75.7878125,26.912179],[75.7878133,26.912179],[75.7878133,26.9121783],[75.7878141,26.9121783],[75.7878141,26.9121776],[75.7878149,26.9121776],[75.7878149,26.9121768],[75.7878157,26.9121768],[75.7878157,26.9121761],[75.7878165,26.9121761],[75.7878165,26.9121747],[75.7878173,26.9121747],[75.7878173,26.9121732],[75.7878181,26.9121732],[75.7878181,26.9121718],[75.7878189,26.9121718],[75.7878188,26.9121674],[75.7878196,26.9121674],[75.7878196,26.9121667],[75.7878204,26.9121667],[75.7878204,26.912166],[75.7878212,26.912166],[75.7878212,26.9121652],[75.7878229,26.9121652],[75.7878228,26.9121609],[75.7878204,26.9121609],[75.7878204,26.9121602],[75.7878196,26.9121602],[75.7878196,26.9121588],[75.7878188,26.9121588],[75.7878188,26.912158],[75.7878172,26.912158],[75.7878172,26.9121573],[75.7878164,26.9121573],[75.7878163,26.9121566],[75.7878155,26.9121566],[75.7878155,26.9121559],[75.7878139,26.9121559],[75.7878139,26.9121552],[75.7878131,26.9121552],[75.7878131,26.9121545],[75.7878115,26.9121545],[75.7878115,26.9121537],[75.7878099,26.9121538],[75.7878099,26.912153],[75.7878091,26.912153],[75.7878091,26.9121523],[75.7878075,26.9121523],[75.7878075,26.9121516],[75.7878066,26.9121516],[75.7878066,26.9121509],[75.7878058,26.9121509],[75.7878058,26.9121502],[75.7878042,26.9121502],[75.7878042,26.9121495],[75.7878034,26.9121495],[75.7878034,26.9121487],[75.7878018,26.9121487],[75.7878018,26.912148],[75.787801,26.912148],[75.787801,26.9121473],[75.7878002,26.9121473],[75.7878002,26.9121466],[75.7877994,26.9121466],[75.7877994,26.9121459],[75.7877977,26.9121459],[75.7877977,26.9121452],[75.7877969,26.9121452],[75.7877969,26.9121444],[75.7877961,26.9121444],[75.7877961,26.9121437],[75.7877905,26.9121438],[75.7877905,26.9121445],[75.7877897,26.9121445],[75.7877897,26.9121452],[75.7877889,26.9121452],[75.7877889,26.9121467],[75.7877881,26.9121467],[75.7877881,26.9121481],[75.7877873,26.9121481],[75.7877873,26.9121495],[75.7877865,26.9121496],[75.7877865,26.912151],[75.7877857,26.912151],[75.7877857,26.9121524],[75.7877849,26.9121525],[75.7877849,26.9121532],[75.7877841,26.9121532],[75.7877841,26.9121546],[75.7877833,26.9121546],[75.7877833,26.9121553],[75.7877825,26.9121554],[75.7877825,26.9121568],[75.7877817,26.9121568],[75.7877817,26.9121582],[75.7877809,26.9121583],[75.7877809,26.9121597],[75.7877801,26.9121597],[75.7877801,26.9121604],[75.7877793,26.9121604],[75.7877793,26.9121611],[75.7877785,26.9121612],[75.7877785,26.9121619],[75.7877777,26.9121619],[75.7877777,26.9121626],[75.7877745,26.9121626],[75.7877745,26.9121648],[75.7877753,26.9121648],[75.7877753,26.9121655],[75.7877761,26.9121655],[75.7877761,26.9121662],[75.7877769,26.9121662],[75.787777,26.9121691],[75.7877778,26.9121691],[75.7877778,26.9121698],[75.7877786,26.9121698],[75.7877786,26.9121705],[75.7877794,26.9121705],[75.7877794,26.912172],[75.7877802,26.912172],[75.7877802,26.9121734],[75.787781,26.9121734],[75.787781,26.9121756],[75.7877818,26.9121756],[75.7877818,26.912177],[75.7877827,26.912177],[75.7877827,26.9121785],[75.7877843,26.9121785],[75.7877843,26.9121792],[75.7877867,26.9121792],[75.7877867,26.9121806],[75.7877875,26.9121806],[75.7877875,26.9121813],[75.7877883,26.9121813],[75.7877883,26.9121828],[75.7877891,26.9121828],[75.7877891,26.9121835],[75.7877908,26.9121835],[75.7877908,26.9121842],[75.7877916,26.9121842],[75.7877916,26.9121849],[75.7877932,26.9121849],[75.7877932,26.9121856],[75.787794,26.9121856],[75.787794,26.9121863],[75.7877948,26.9121863],[75.7877948,26.9121871],[75.7877956,26.9121871],[75.7877956,26.9121878],[75.7877972,26.9121878],[75.7877972,26.9121885],[75.7877988,26.9121885],[75.7877989,26.9121892],[75.7877997,26.9121892],[75.7877997,26.9121899],[75.7878013,26.9121899],[75.7878013,26.9121906],[75.7878021,26.9121906],[75.7878021,26.9121914],[75.7878045,26.9121913],[75.7878045,26.9121921],[75.7878053,26.9121921]]]}},{"type":"Feature","properties":{"building_id":"B-0135","vertices":140},"geometry":{"type":"Polygon","coordinates":[[[75.7874241,26.9114763],[75.7874241,26.9114748],[75.7874249,26.9114748],[75.7874249,26.9114741],[75.7874257,26.9114741],[75.7874257,26.9114726],[75.7874265,26.9114726],[75.7874265,26.9114712],[75.7874273,26.9114712],[75.7874273,26.9114697],[75.7874281,26.9114697],[75.7874281,26.9114683],[75.7874289,26.9114683],[75.7874289,26.9114676],[75.7874297,26.9114676],[75.7874297,26.9114661],[75.7874305,26.9114661],[75.7874305,26.9114647],[75.7874313,26.9114647],[75.7874313,26.9114625],[75.7874321,26.9114625],[75.7874321,26.9114611],[75.7874329,26.911461],[75.7874329,26.9114596],[75.7874337,26.9114596],[75.7874336,26.9114582],[75.7874345,26.9114582],[75.7874344,26.9114567],[75.7874353,26.9114567],[75.7874352,26.9114538],[75.787436,26.9114538],[75.787436,26.911443],[75.7874352,26.911443],[75.7874351,26.9114415],[75.7874343,26.9114415],[75.7874343,26.9114408],[75.7874335,26.9114408],[75.7874335,26.9114394],[75.7874327,26.9114394],[75.7874327,26.9114387],[75.7874319,26.9114387],[75.7874319,26.9114372],[75.7874311,26.9114372],[75.7874311,26.9114358],[75.7874303,26.9114358],[75.7874303,26.9114351],[75.7874295,26.9114351],[75.7874295,26.9114343],[75.7874286,26.9114343],[75.7874286,26.9114336],[75.7874278,26.9114336],[75.7874278,26.9114322],[75.787427,26.9114322],[75.787427,26.9114315],[75.7874254,26.9114315],[75.7874254,26.9114308],[75.7874246,26.9114308],[75.7874246,26.91143],[75.7874165,26.9114301],[75.7874165,26.9114308],[75.7874157,26.9114308],[75.7874157,26.9114315],[75.7874149,26.9114315],[75.7874149,26.9114323],[75.7874133,26.9114323],[75.7874133,26.911433],[75.7874117,26.911433],[75.7874117,26.9114337],[75.7874101,26.9114337],[75.7874101,26.9114345],[75.7874093,26.9114345],[75.7874093,26.9114352],[75.7874085,26.9114352],[75.7874085,26.9114359],[75.7874077,26.9114359],[75.7874077,26.9114366],[75.7874069,26.9114366],[75.7874069,26.9114381],[75.7874061,26.9114381],[75.7874061,26.9114388],[75.7874053,26.9114388],[75.7874053,26.9114403],[75.7874045,26.9114403],[75.7874045,26.911441],[75.7874037,26.911441],[75.7874037,26.9114417],[75.7874029,26.9114417],[75.7874029,26.9114424],[75.7874021,26.9114424],[75.7874021,26.9114432],[75.7874013,26.9114432],[75.7874013,26.9114453],[75.7874005,26.9114453],[75.7874005,26.9114468],[75.7873997,26.9114468],[75.7873997,26.9114482],[75.7873989,26.9114482],[75.7873989,26.9114497],[75.7873981,26.9114497],[75.7873981,26.9114504],[75.7873973,26.9114504],[75.7873974,26.9114519],[75.7873965,26.9114519],[75.7873966,26.911454],[75.7873974,26.911454],[75.7873974,26.9114547],[75.7873982,26.9114547],[75.7873982,26.9114555],[75.787399,26.9114555],[75.787399,26.9114569],[75.7873998,26.9114569],[75.7873998,26.9114576],[75.7874006,26.9114576],[75.7874006,26.9114598],[75.7874014,26.9114598],[75.7874015,26.9114627],[75.7874023,26.9114627],[75.7874023,26.911467],[75.7874031,26.911467],[75.7874031,26.9114684],[75.7874039,26.9114684],[75.7874039,26.9114706],[75.7874047,26.9114706],[75.7874047,26.911472],[75.7874055,26.911472],[75.7874056,26.9114728],[75.7874064,26.9114728],[75.7874064,26.9114735],[75.7874072,26.9114735],[75.7874072,26.9114742],[75.7874088,26.9114742],[75.7874088,26.9114749],[75.7874096,26.9114749],[75.7874096,26.9114756],[75.7874169,26.9114756],[75.7874168,26.9114749],[75.7874177,26.9114749],[75.7874177,26.9114756],[75.7874201,26.9114756],[75.7874201,26.9114763],[75.7874241,26.9114763]]]}},{"type":"Feature","properties":{"building_id":"B-0131","vertices":168},"geometry":{"type":"Polygon","coordinates":[[[75.7880551,26.9115031],[75.7880551,26.9115024],[75.7880559,26.9115024],[75.7880559,26.9115016],[75.7880583,26.9115016],[75.7880583,26.9115009],[75.7880599,26.9115009],[75.7880599,26.9115002],[75.7880615,26.9115002],[75.7880615,26.9114994],[75.7880632,26.9114994],[75.7880631,26.9114987],[75.788064,26.9114987],[75.7880639,26.911498],[75.7880656,26.911498],[75.7880656,26.9114972],[75.788068,26.9114972],[75.788068,26.9114965],[75.788072,26.9114965],[75.788072,26.9114958],[75.7880768,26.9114957],[75.7880768,26.9114965],[75.7880792,26.9114964],[75.7880792,26.9114972],[75.7880857,26.9114971],[75.7880857,26.9114964],[75.7880873,26.9114964],[75.7880873,26.9114957],[75.7880881,26.9114957],[75.7880881,26.911495],[75.7880889,26.9114949],[75.7880889,26.9114942],[75.7880897,26.9114942],[75.7880897,26.9114935],[75.7880905,26.9114935],[75.7880905,26.911487],[75.7880897,26.911487],[75.7880896,26.9114863],[75.7880888,26.9114863],[75.7880888,26.9114856],[75.788088,26.9114856],[75.788088,26.9114848],[75.7880872,26.9114848],[75.7880872,26.9114841],[75.7880864,26.9114841],[75.7880864,26.9114827],[75.7880856,26.9114827],[75.7880856,26.911482],[75.7880848,26.911482],[75.7880848,26.9114812],[75.788084,26.9114813],[75.788084,26.9114805],[75.7880832,26.9114805],[75.7880832,26.9114798],[75.7880823,26.9114798],[75.7880823,26.9114791],[75.7880815,26.9114791],[75.7880815,26.9114784],[75.7880807,26.9114784],[75.7880807,26.9114777],[75.7880799,26.9114777],[75.7880799,26.9114769],[75.7880783,26.9114769],[75.7880783,26.9114762],[75.7880759,26.9114762],[75.7880759,26.9114755],[75.7880735,26.9114755],[75.7880735,26.9114748],[75.7880726,26.9114748],[75.7880726,26.9114741],[75.7880718,26.9114741],[75.7880718,26.9114734],[75.788071,26.9114734],[75.788071,26.9114727],[75.7880702,26.9114727],[75.7880702,26.9114719],[75.7880694,26.9114719],[75.7880694,26.9114705],[75.7880686,26.9114705],[75.7880686,26.9114698],[75.7880678,26.9114698],[75.7880678,26.9114691],[75.788067,26.9114691],[75.788067,26.9114683],[75.7880662,26.9114683],[75.7880662,26.9114676],[75.7880653,26.9114676],[75.7880653,26.9114669],[75.7880645,26.9114669],[75.7880645,26.9114662],[75.7880637,26.9114662],[75.7880637,26.9114655],[75.7880629,26.9114655],[75.7880629,26.9114648],[75.7880621,26.9114648],[75.7880621,26.911464],[75.7880613,26.911464],[75.7880613,26.9114633],[75.7880605,26.9114633],[75.7880605,26.9114626],[75.7880597,26.9114626],[75.7880597,26.9114619],[75.7880524,26.9114619],[75.7880524,26.9114626],[75.7880516,26.9114627],[75.7880516,26.9114634],[75.7880508,26.9114634],[75.7880508,26.9114641],[75.78805,26.9114641],[75.78805,26.9114648],[75.7880492,26.9114648],[75.7880492,26.9114663],[75.7880484,26.9114663],[75.7880484,26.911467],[75.7880468,26.911467],[75.7880468,26.9114685],[75.788046,26.9114685],[75.788046,26.9114692],[75.7880452,26.9114692],[75.7880452,26.9114699],[75.7880444,26.9114699],[75.7880444,26.9114706],[75.7880436,26.9114706],[75.7880436,26.9114714],[75.7880428,26.9114714],[75.7880428,26.9114728],[75.788042,26.9114728],[75.788042,26.9114735],[75.7880412,26.9114735],[75.7880412,26.9114743],[75.7880404,26.9114743],[75.7880404,26.9114757],[75.7880396,26.9114757],[75.7880396,26.9114772],[75.7880388,26.9114772],[75.7880388,26.9114786],[75.7880396,26.9114786],[75.7880396,26.9114793],[75.7880413,26.9114793],[75.7880413,26.91148],[75.7880421,26.91148],[75.7880421,26.9114815],[75.7880429,26.9114815],[75.7880429,26.9114829],[75.7880437,26.9114829],[75.7880437,26.9114858],[75.7880445,26.9114858],[75.7880445,26.911488],[75.7880453,26.911488],[75.7880454,26.9114894],[75.7880462,26.9114894],[75.7880462,26.9114937],[75.788047,26.9114937],[75.788047,26.9114952],[75.7880478,26.9114952],[75.7880478,26.9114959],[75.7880486,26.9114959],[75.7880486,26.9114981],[75.7880494,26.9114981],[75.7880494,26.9114988],[75.7880503,26.9114988],[75.7880503,26.9115002],[75.7880511,26.9115002],[75.7880511,26.9115017],[75.7880519,26.9115017],[75.7880519,26.9115024],[75.7880527,26.9115024],[75.7880527,26.9115031],[75.7880551,26.9115031]]]}}]}